(0.000) 
                SELECT VERSION(),
                       @@sql_mode,
                       @@default_storage_engine,
                       @@sql_auto_is_null,
                       @@lower_case_table_names,
                       CONVERT_TZ('2001-01-01 01:00:00', 'UTC', 'UTC') IS NOT NULL
            ; args=None
(0.000) SET SESSION TRANSACTION ISOLATION LEVEL READ COMMITTED; args=None
(0.000) SELECT `django_session`.`session_key`, `django_session`.`session_data`, `django_session`.`expire_date` FROM `django_session` WHERE (`django_session`.`expire_date` > '2025-04-02 20:45:06.084968' AND `django_session`.`session_key` = 'ptj932rg3e6r7qvzsvzfoorei9j2k9ds') LIMIT 21; args=('2025-04-02 20:45:06.084968', 'ptj932rg3e6r7qvzsvzfoorei9j2k9ds')
(0.000) SELECT `accounts_user`.`id`, `accounts_user`.`password`, `accounts_user`.`last_login`, `accounts_user`.`is_superuser`, `accounts_user`.`first_name`, `accounts_user`.`last_name`, `accounts_user`.`is_staff`, `accounts_user`.`is_active`, `accounts_user`.`date_joined`, `accounts_user`.`email`, `accounts_user`.`inn`, `accounts_user`.`organization_id`, `accounts_user`.`address`, `accounts_user`.`phone`, `accounts_user`.`telegram` FROM `accounts_user` WHERE `accounts_user`.`id` = 1 LIMIT 21; args=(1,)
(0.000) 
                SELECT VERSION(),
                       @@sql_mode,
                       @@default_storage_engine,
                       @@sql_auto_is_null,
                       @@lower_case_table_names,
                       CONVERT_TZ('2001-01-01 01:00:00', 'UTC', 'UTC') IS NOT NULL
            ; args=None
(0.000) SET SESSION TRANSACTION ISOLATION LEVEL READ COMMITTED; args=None
(0.000) SELECT `django_session`.`session_key`, `django_session`.`session_data`, `django_session`.`expire_date` FROM `django_session` WHERE (`django_session`.`expire_date` > '2025-04-02 20:45:06.318330' AND `django_session`.`session_key` = 'ptj932rg3e6r7qvzsvzfoorei9j2k9ds') LIMIT 21; args=('2025-04-02 20:45:06.318330', 'ptj932rg3e6r7qvzsvzfoorei9j2k9ds')
(0.000) SELECT `accounts_user`.`id`, `accounts_user`.`password`, `accounts_user`.`last_login`, `accounts_user`.`is_superuser`, `accounts_user`.`first_name`, `accounts_user`.`last_name`, `accounts_user`.`is_staff`, `accounts_user`.`is_active`, `accounts_user`.`date_joined`, `accounts_user`.`email`, `accounts_user`.`inn`, `accounts_user`.`organization_id`, `accounts_user`.`address`, `accounts_user`.`phone`, `accounts_user`.`telegram` FROM `accounts_user` WHERE `accounts_user`.`id` = 1 LIMIT 21; args=(1,)
(0.003) SELECT COUNT(*) FROM (SELECT `applications_applicationmodel`.`id` AS Col1, `applications_applicationmodel`.`equipment_id` AS Col2, `applications_applicationmodel`.`status_id` AS Col3, `applications_applicationmodel`.`problem` AS Col4, `applications_applicationmodel`.`priority_id` AS Col5, `applications_applicationmodel`.`engineer_id` AS Col6, CONCAT_WS('', `equipments_brandmodel`.`name`, CONCAT_WS('', ' ', CONCAT_WS('', `equipments_modelmodel`.`name`, CONCAT_WS('', ' (S/n:', CONCAT_WS('', `contracts_contractequipmentmodel`.`sn`, ')'))))) AS `equipment_name`, `applications_statusmodel`.`name` AS `status_name`, IFNULL(`applications_appprioritymodel`.`name`, '') AS `priority_name`, T10.`organization_id` AS `organization_id`, `accounts_organizationmodel`.`name` AS `organization_name`, T13.`organization_id` AS `end_user_organization_id`, IFNULL(T14.`name`, '') AS `end_user_organization_name`, TRIM(T15.`last_name`) AS `engineer_last_name`, CASE WHEN (`applications_applicationmodel`.`engineer_id` IS NOT NULL AND T15.`last_name` IS NOT NULL AND NOT (TRIM(T15.`last_name`) = '')) THEN CONCAT_WS('', T15.`first_name`, CONCAT_WS('', ' ', T15.`last_name`)) WHEN TRIM(T15.`last_name`) = '' THEN T15.`email` ELSE '' END AS `engineer_name`, DATE_FORMAT(CONVERT_TZ(`applications_applicationmodel`.`pubdate`, '+00:00', '+03:00'), '%d.%m.%Y %H:%i') AS `formatted_date` FROM `applications_applicationmodel` LEFT OUTER JOIN `contracts_contractequipmentmodel` ON (`applications_applicationmodel`.`equipment_id` = `contracts_contractequipmentmodel`.`id`) LEFT OUTER JOIN `equipments_equipmentmodel` ON (`contracts_contractequipmentmodel`.`equipment_id` = `equipments_equipmentmodel`.`id`) LEFT OUTER JOIN `equipments_brandmodel` ON (`equipments_equipmentmodel`.`brand_id` = `equipments_brandmodel`.`id`) LEFT OUTER JOIN `equipments_modelmodel` ON (`equipments_equipmentmodel`.`model_id` = `equipments_modelmodel`.`id`) LEFT OUTER JOIN `applications_statusmodel` ON (`applications_applicationmodel`.`status_id` = `applications_statusmodel`.`id`) LEFT OUTER JOIN `applications_appprioritymodel` ON (`applications_applicationmodel`.`priority_id` = `applications_appprioritymodel`.`id`) LEFT OUTER JOIN `contracts_contractmodel` ON (`contracts_contractequipmentmodel`.`contract_id` = `contracts_contractmodel`.`id`) LEFT OUTER JOIN `accounts_user` T10 ON (`contracts_contractmodel`.`client_id` = T10.`id`) LEFT OUTER JOIN `accounts_organizationmodel` ON (T10.`organization_id` = `accounts_organizationmodel`.`id`) LEFT OUTER JOIN `contracts_contractmodel_end_users` ON (`contracts_contractmodel`.`id` = `contracts_contractmodel_end_users`.`contractmodel_id`) LEFT OUTER JOIN `accounts_user` T13 ON (`contracts_contractmodel_end_users`.`user_id` = T13.`id`) LEFT OUTER JOIN `accounts_organizationmodel` T14 ON (T13.`organization_id` = T14.`id`) LEFT OUTER JOIN `accounts_user` T15 ON (`applications_applicationmodel`.`engineer_id` = T15.`id`)) subquery; args=(' ', ' (S/n:', ')', '', '', '', ' ', '', '', '+00:00', '+03:00', '%d.%m.%Y %H:%i')
(0.007) SELECT `applications_applicationmodel`.`id`, `applications_applicationmodel`.`equipment_id`, `applications_applicationmodel`.`status_id`, `applications_applicationmodel`.`problem`, `applications_applicationmodel`.`priority_id`, `applications_applicationmodel`.`engineer_id`, CONCAT_WS('', `equipments_brandmodel`.`name`, CONCAT_WS('', ' ', CONCAT_WS('', `equipments_modelmodel`.`name`, CONCAT_WS('', ' (S/n:', CONCAT_WS('', `contracts_contractequipmentmodel`.`sn`, ')'))))) AS `equipment_name`, `applications_statusmodel`.`name` AS `status_name`, IFNULL(`applications_appprioritymodel`.`name`, '') AS `priority_name`, T10.`organization_id` AS `organization_id`, `accounts_organizationmodel`.`name` AS `organization_name`, T13.`organization_id` AS `end_user_organization_id`, IFNULL(T14.`name`, '') AS `end_user_organization_name`, TRIM(T15.`last_name`) AS `engineer_last_name`, CASE WHEN (`applications_applicationmodel`.`engineer_id` IS NOT NULL AND T15.`last_name` IS NOT NULL AND NOT (TRIM(T15.`last_name`) = '')) THEN CONCAT_WS('', T15.`first_name`, CONCAT_WS('', ' ', T15.`last_name`)) WHEN TRIM(T15.`last_name`) = '' THEN T15.`email` ELSE '' END AS `engineer_name`, DATE_FORMAT(CONVERT_TZ(`applications_applicationmodel`.`pubdate`, '+00:00', '+03:00'), '%d.%m.%Y %H:%i') AS `formatted_date` FROM `applications_applicationmodel` LEFT OUTER JOIN `contracts_contractequipmentmodel` ON (`applications_applicationmodel`.`equipment_id` = `contracts_contractequipmentmodel`.`id`) LEFT OUTER JOIN `equipments_equipmentmodel` ON (`contracts_contractequipmentmodel`.`equipment_id` = `equipments_equipmentmodel`.`id`) LEFT OUTER JOIN `equipments_brandmodel` ON (`equipments_equipmentmodel`.`brand_id` = `equipments_brandmodel`.`id`) LEFT OUTER JOIN `equipments_modelmodel` ON (`equipments_equipmentmodel`.`model_id` = `equipments_modelmodel`.`id`) LEFT OUTER JOIN `applications_statusmodel` ON (`applications_applicationmodel`.`status_id` = `applications_statusmodel`.`id`) LEFT OUTER JOIN `applications_appprioritymodel` ON (`applications_applicationmodel`.`priority_id` = `applications_appprioritymodel`.`id`) LEFT OUTER JOIN `contracts_contractmodel` ON (`contracts_contractequipmentmodel`.`contract_id` = `contracts_contractmodel`.`id`) LEFT OUTER JOIN `accounts_user` T10 ON (`contracts_contractmodel`.`client_id` = T10.`id`) LEFT OUTER JOIN `accounts_organizationmodel` ON (T10.`organization_id` = `accounts_organizationmodel`.`id`) LEFT OUTER JOIN `contracts_contractmodel_end_users` ON (`contracts_contractmodel`.`id` = `contracts_contractmodel_end_users`.`contractmodel_id`) LEFT OUTER JOIN `accounts_user` T13 ON (`contracts_contractmodel_end_users`.`user_id` = T13.`id`) LEFT OUTER JOIN `accounts_organizationmodel` T14 ON (T13.`organization_id` = T14.`id`) LEFT OUTER JOIN `accounts_user` T15 ON (`applications_applicationmodel`.`engineer_id` = T15.`id`) ORDER BY `applications_statusmodel`.`priority` ASC, `applications_applicationmodel`.`id` DESC LIMIT 25; args=(' ', ' (S/n:', ')', '', '', '', ' ', '', '', '+00:00', '+03:00', '%d.%m.%Y %H:%i')
(0.000) SELECT `applications_statusmodel`.`id`, `applications_statusmodel`.`name`, `applications_statusmodel`.`priority` FROM `applications_statusmodel` ORDER BY `applications_statusmodel`.`priority` ASC, `applications_statusmodel`.`name` ASC; args=()
(0.000) SELECT `applications_appprioritymodel`.`id`, `applications_appprioritymodel`.`name`, `applications_appprioritymodel`.`priority` FROM `applications_appprioritymodel` ORDER BY `applications_appprioritymodel`.`priority` ASC, `applications_appprioritymodel`.`name` ASC; args=()
(0.022) SELECT COUNT(*) FROM (SELECT '1' AS `new` FROM `applications_apphistorymodel` LEFT OUTER JOIN `applications_apphistoryviewedmodel` ON (`applications_apphistorymodel`.`id` = `applications_apphistoryviewedmodel`.`history_id`) WHERE ((`applications_apphistorymodel`.`type` = 1 OR `applications_apphistorymodel`.`type` = 2 OR `applications_apphistorymodel`.`type` = 5 OR `applications_apphistorymodel`.`type` = 6) AND (`applications_apphistoryviewedmodel`.`id` IS NULL OR NOT EXISTS(SELECT (1) AS `a` FROM `applications_apphistoryviewedmodel` U0 WHERE (U0.`history_id` = `applications_apphistorymodel`.`id` AND U0.`user_id` = 1) LIMIT 1)))) subquery; args=('1', 1, 2, 5, 6, 1)
(0.024) SELECT `applications_apphistorymodel`.`id`, `applications_apphistorymodel`.`type`, `applications_apphistorymodel`.`text`, `applications_apphistorymodel`.`pubdate`, `applications_apphistorymodel`.`number`, `applications_apphistorymodel`.`application_id`, `applications_apphistorymodel`.`author_id`, '1' AS `new` FROM `applications_apphistorymodel` LEFT OUTER JOIN `applications_apphistoryviewedmodel` ON (`applications_apphistorymodel`.`id` = `applications_apphistoryviewedmodel`.`history_id`) WHERE ((`applications_apphistorymodel`.`type` = 1 OR `applications_apphistorymodel`.`type` = 2 OR `applications_apphistorymodel`.`type` = 5 OR `applications_apphistorymodel`.`type` = 6) AND (`applications_apphistoryviewedmodel`.`id` IS NULL OR NOT EXISTS(SELECT (1) AS `a` FROM `applications_apphistoryviewedmodel` U0 WHERE (U0.`history_id` = `applications_apphistorymodel`.`id` AND U0.`user_id` = 1) LIMIT 1))) ORDER BY `applications_apphistorymodel`.`pubdate` DESC; args=('1', 1, 2, 5, 6, 1)
(0.000) SELECT `applications_applicationmodel`.`id`, `applications_applicationmodel`.`priority_id`, `applications_applicationmodel`.`equipment_id`, `applications_applicationmodel`.`problem`, `applications_applicationmodel`.`contact_id`, `applications_applicationmodel`.`client_id`, `applications_applicationmodel`.`engineer_id`, `applications_applicationmodel`.`pubdate`, `applications_applicationmodel`.`status_id`, `applications_applicationmodel`.`creator_id`, `applications_applicationmodel`.`changed` FROM `applications_applicationmodel` WHERE `applications_applicationmodel`.`id` = 160971 LIMIT 21; args=(160971,)
(0.000) SELECT `applications_applicationmodel`.`id`, `applications_applicationmodel`.`priority_id`, `applications_applicationmodel`.`equipment_id`, `applications_applicationmodel`.`problem`, `applications_applicationmodel`.`contact_id`, `applications_applicationmodel`.`client_id`, `applications_applicationmodel`.`engineer_id`, `applications_applicationmodel`.`pubdate`, `applications_applicationmodel`.`status_id`, `applications_applicationmodel`.`creator_id`, `applications_applicationmodel`.`changed` FROM `applications_applicationmodel` WHERE `applications_applicationmodel`.`id` = 160971 LIMIT 21; args=(160971,)
(0.000) SELECT `applications_applicationmodel`.`id`, `applications_applicationmodel`.`priority_id`, `applications_applicationmodel`.`equipment_id`, `applications_applicationmodel`.`problem`, `applications_applicationmodel`.`contact_id`, `applications_applicationmodel`.`client_id`, `applications_applicationmodel`.`engineer_id`, `applications_applicationmodel`.`pubdate`, `applications_applicationmodel`.`status_id`, `applications_applicationmodel`.`creator_id`, `applications_applicationmodel`.`changed` FROM `applications_applicationmodel` WHERE `applications_applicationmodel`.`id` = 160971 LIMIT 21; args=(160971,)
(0.000) SELECT `applications_applicationmodel`.`id`, `applications_applicationmodel`.`priority_id`, `applications_applicationmodel`.`equipment_id`, `applications_applicationmodel`.`problem`, `applications_applicationmodel`.`contact_id`, `applications_applicationmodel`.`client_id`, `applications_applicationmodel`.`engineer_id`, `applications_applicationmodel`.`pubdate`, `applications_applicationmodel`.`status_id`, `applications_applicationmodel`.`creator_id`, `applications_applicationmodel`.`changed` FROM `applications_applicationmodel` WHERE `applications_applicationmodel`.`id` = 160971 LIMIT 21; args=(160971,)
(0.000) SELECT `applications_applicationmodel`.`id`, `applications_applicationmodel`.`priority_id`, `applications_applicationmodel`.`equipment_id`, `applications_applicationmodel`.`problem`, `applications_applicationmodel`.`contact_id`, `applications_applicationmodel`.`client_id`, `applications_applicationmodel`.`engineer_id`, `applications_applicationmodel`.`pubdate`, `applications_applicationmodel`.`status_id`, `applications_applicationmodel`.`creator_id`, `applications_applicationmodel`.`changed` FROM `applications_applicationmodel` WHERE `applications_applicationmodel`.`id` = 160971 LIMIT 21; args=(160971,)
(0.000) SELECT `applications_applicationmodel`.`id`, `applications_applicationmodel`.`priority_id`, `applications_applicationmodel`.`equipment_id`, `applications_applicationmodel`.`problem`, `applications_applicationmodel`.`contact_id`, `applications_applicationmodel`.`client_id`, `applications_applicationmodel`.`engineer_id`, `applications_applicationmodel`.`pubdate`, `applications_applicationmodel`.`status_id`, `applications_applicationmodel`.`creator_id`, `applications_applicationmodel`.`changed` FROM `applications_applicationmodel` WHERE `applications_applicationmodel`.`id` = 160971 LIMIT 21; args=(160971,)
(0.000) SELECT `applications_applicationmodel`.`id`, `applications_applicationmodel`.`priority_id`, `applications_applicationmodel`.`equipment_id`, `applications_applicationmodel`.`problem`, `applications_applicationmodel`.`contact_id`, `applications_applicationmodel`.`client_id`, `applications_applicationmodel`.`engineer_id`, `applications_applicationmodel`.`pubdate`, `applications_applicationmodel`.`status_id`, `applications_applicationmodel`.`creator_id`, `applications_applicationmodel`.`changed` FROM `applications_applicationmodel` WHERE `applications_applicationmodel`.`id` = 160971 LIMIT 21; args=(160971,)
(0.000) SELECT `applications_applicationmodel`.`id`, `applications_applicationmodel`.`priority_id`, `applications_applicationmodel`.`equipment_id`, `applications_applicationmodel`.`problem`, `applications_applicationmodel`.`contact_id`, `applications_applicationmodel`.`client_id`, `applications_applicationmodel`.`engineer_id`, `applications_applicationmodel`.`pubdate`, `applications_applicationmodel`.`status_id`, `applications_applicationmodel`.`creator_id`, `applications_applicationmodel`.`changed` FROM `applications_applicationmodel` WHERE `applications_applicationmodel`.`id` = 160971 LIMIT 21; args=(160971,)
(0.000) SELECT `applications_applicationmodel`.`id`, `applications_applicationmodel`.`priority_id`, `applications_applicationmodel`.`equipment_id`, `applications_applicationmodel`.`problem`, `applications_applicationmodel`.`contact_id`, `applications_applicationmodel`.`client_id`, `applications_applicationmodel`.`engineer_id`, `applications_applicationmodel`.`pubdate`, `applications_applicationmodel`.`status_id`, `applications_applicationmodel`.`creator_id`, `applications_applicationmodel`.`changed` FROM `applications_applicationmodel` WHERE `applications_applicationmodel`.`id` = 160971 LIMIT 21; args=(160971,)
(0.000) SELECT `applications_applicationmodel`.`id`, `applications_applicationmodel`.`priority_id`, `applications_applicationmodel`.`equipment_id`, `applications_applicationmodel`.`problem`, `applications_applicationmodel`.`contact_id`, `applications_applicationmodel`.`client_id`, `applications_applicationmodel`.`engineer_id`, `applications_applicationmodel`.`pubdate`, `applications_applicationmodel`.`status_id`, `applications_applicationmodel`.`creator_id`, `applications_applicationmodel`.`changed` FROM `applications_applicationmodel` WHERE `applications_applicationmodel`.`id` = 160971 LIMIT 21; args=(160971,)
(0.000) SELECT `applications_applicationmodel`.`id`, `applications_applicationmodel`.`priority_id`, `applications_applicationmodel`.`equipment_id`, `applications_applicationmodel`.`problem`, `applications_applicationmodel`.`contact_id`, `applications_applicationmodel`.`client_id`, `applications_applicationmodel`.`engineer_id`, `applications_applicationmodel`.`pubdate`, `applications_applicationmodel`.`status_id`, `applications_applicationmodel`.`creator_id`, `applications_applicationmodel`.`changed` FROM `applications_applicationmodel` WHERE `applications_applicationmodel`.`id` = 160971 LIMIT 21; args=(160971,)
(0.000) SELECT `applications_applicationmodel`.`id`, `applications_applicationmodel`.`priority_id`, `applications_applicationmodel`.`equipment_id`, `applications_applicationmodel`.`problem`, `applications_applicationmodel`.`contact_id`, `applications_applicationmodel`.`client_id`, `applications_applicationmodel`.`engineer_id`, `applications_applicationmodel`.`pubdate`, `applications_applicationmodel`.`status_id`, `applications_applicationmodel`.`creator_id`, `applications_applicationmodel`.`changed` FROM `applications_applicationmodel` WHERE `applications_applicationmodel`.`id` = 160971 LIMIT 21; args=(160971,)
(0.000) SELECT `applications_applicationmodel`.`id`, `applications_applicationmodel`.`priority_id`, `applications_applicationmodel`.`equipment_id`, `applications_applicationmodel`.`problem`, `applications_applicationmodel`.`contact_id`, `applications_applicationmodel`.`client_id`, `applications_applicationmodel`.`engineer_id`, `applications_applicationmodel`.`pubdate`, `applications_applicationmodel`.`status_id`, `applications_applicationmodel`.`creator_id`, `applications_applicationmodel`.`changed` FROM `applications_applicationmodel` WHERE `applications_applicationmodel`.`id` = 160971 LIMIT 21; args=(160971,)
(0.000) SELECT `applications_applicationmodel`.`id`, `applications_applicationmodel`.`priority_id`, `applications_applicationmodel`.`equipment_id`, `applications_applicationmodel`.`problem`, `applications_applicationmodel`.`contact_id`, `applications_applicationmodel`.`client_id`, `applications_applicationmodel`.`engineer_id`, `applications_applicationmodel`.`pubdate`, `applications_applicationmodel`.`status_id`, `applications_applicationmodel`.`creator_id`, `applications_applicationmodel`.`changed` FROM `applications_applicationmodel` WHERE `applications_applicationmodel`.`id` = 160971 LIMIT 21; args=(160971,)
(0.000) SELECT `applications_applicationmodel`.`id`, `applications_applicationmodel`.`priority_id`, `applications_applicationmodel`.`equipment_id`, `applications_applicationmodel`.`problem`, `applications_applicationmodel`.`contact_id`, `applications_applicationmodel`.`client_id`, `applications_applicationmodel`.`engineer_id`, `applications_applicationmodel`.`pubdate`, `applications_applicationmodel`.`status_id`, `applications_applicationmodel`.`creator_id`, `applications_applicationmodel`.`changed` FROM `applications_applicationmodel` WHERE `applications_applicationmodel`.`id` = 160971 LIMIT 21; args=(160971,)
Exception while resolving variable 'id' in template 'applications/list.html'.
Traceback (most recent call last):
  File "/var/www/html/django/integrator/integrator_env/lib/python3.6/site-packages/django/template/base.py", line 829, in _resolve_lookup
    current = current[bit]
TypeError: 'NoneType' object is not subscriptable

During handling of the above exception, another exception occurred:

Traceback (most recent call last):
  File "/var/www/html/django/integrator/integrator_env/lib/python3.6/site-packages/django/template/base.py", line 837, in _resolve_lookup
    current = getattr(current, bit)
AttributeError: 'NoneType' object has no attribute 'id'

During handling of the above exception, another exception occurred:

Traceback (most recent call last):
  File "/var/www/html/django/integrator/integrator_env/lib/python3.6/site-packages/django/template/base.py", line 843, in _resolve_lookup
    current = current[int(bit)]
ValueError: invalid literal for int() with base 10: 'id'

During handling of the above exception, another exception occurred:

Traceback (most recent call last):
  File "/var/www/html/django/integrator/integrator_env/lib/python3.6/site-packages/django/template/base.py", line 850, in _resolve_lookup
    (bit, current))  # missing attribute
django.template.base.VariableDoesNotExist: Failed lookup for key [id] in None
Exception while resolving variable 'id' in template 'applications/list.html'.
Traceback (most recent call last):
  File "/var/www/html/django/integrator/integrator_env/lib/python3.6/site-packages/django/template/base.py", line 829, in _resolve_lookup
    current = current[bit]
TypeError: 'NoneType' object is not subscriptable

During handling of the above exception, another exception occurred:

Traceback (most recent call last):
  File "/var/www/html/django/integrator/integrator_env/lib/python3.6/site-packages/django/template/base.py", line 837, in _resolve_lookup
    current = getattr(current, bit)
AttributeError: 'NoneType' object has no attribute 'id'

During handling of the above exception, another exception occurred:

Traceback (most recent call last):
  File "/var/www/html/django/integrator/integrator_env/lib/python3.6/site-packages/django/template/base.py", line 843, in _resolve_lookup
    current = current[int(bit)]
ValueError: invalid literal for int() with base 10: 'id'

During handling of the above exception, another exception occurred:

Traceback (most recent call last):
  File "/var/www/html/django/integrator/integrator_env/lib/python3.6/site-packages/django/template/base.py", line 850, in _resolve_lookup
    (bit, current))  # missing attribute
django.template.base.VariableDoesNotExist: Failed lookup for key [id] in None
Exception while resolving variable 'id' in template 'applications/list.html'.
Traceback (most recent call last):
  File "/var/www/html/django/integrator/integrator_env/lib/python3.6/site-packages/django/template/base.py", line 829, in _resolve_lookup
    current = current[bit]
TypeError: 'NoneType' object is not subscriptable

During handling of the above exception, another exception occurred:

Traceback (most recent call last):
  File "/var/www/html/django/integrator/integrator_env/lib/python3.6/site-packages/django/template/base.py", line 837, in _resolve_lookup
    current = getattr(current, bit)
AttributeError: 'NoneType' object has no attribute 'id'

During handling of the above exception, another exception occurred:

Traceback (most recent call last):
  File "/var/www/html/django/integrator/integrator_env/lib/python3.6/site-packages/django/template/base.py", line 843, in _resolve_lookup
    current = current[int(bit)]
ValueError: invalid literal for int() with base 10: 'id'

During handling of the above exception, another exception occurred:

Traceback (most recent call last):
  File "/var/www/html/django/integrator/integrator_env/lib/python3.6/site-packages/django/template/base.py", line 850, in _resolve_lookup
    (bit, current))  # missing attribute
django.template.base.VariableDoesNotExist: Failed lookup for key [id] in None
Exception while resolving variable 'id' in template 'applications/list.html'.
Traceback (most recent call last):
  File "/var/www/html/django/integrator/integrator_env/lib/python3.6/site-packages/django/template/base.py", line 829, in _resolve_lookup
    current = current[bit]
TypeError: 'NoneType' object is not subscriptable

During handling of the above exception, another exception occurred:

Traceback (most recent call last):
  File "/var/www/html/django/integrator/integrator_env/lib/python3.6/site-packages/django/template/base.py", line 837, in _resolve_lookup
    current = getattr(current, bit)
AttributeError: 'NoneType' object has no attribute 'id'

During handling of the above exception, another exception occurred:

Traceback (most recent call last):
  File "/var/www/html/django/integrator/integrator_env/lib/python3.6/site-packages/django/template/base.py", line 843, in _resolve_lookup
    current = current[int(bit)]
ValueError: invalid literal for int() with base 10: 'id'

During handling of the above exception, another exception occurred:

Traceback (most recent call last):
  File "/var/www/html/django/integrator/integrator_env/lib/python3.6/site-packages/django/template/base.py", line 850, in _resolve_lookup
    (bit, current))  # missing attribute
django.template.base.VariableDoesNotExist: Failed lookup for key [id] in None
Exception while resolving variable 'id' in template 'applications/list.html'.
Traceback (most recent call last):
  File "/var/www/html/django/integrator/integrator_env/lib/python3.6/site-packages/django/template/base.py", line 829, in _resolve_lookup
    current = current[bit]
TypeError: 'NoneType' object is not subscriptable

During handling of the above exception, another exception occurred:

Traceback (most recent call last):
  File "/var/www/html/django/integrator/integrator_env/lib/python3.6/site-packages/django/template/base.py", line 837, in _resolve_lookup
    current = getattr(current, bit)
AttributeError: 'NoneType' object has no attribute 'id'

During handling of the above exception, another exception occurred:

Traceback (most recent call last):
  File "/var/www/html/django/integrator/integrator_env/lib/python3.6/site-packages/django/template/base.py", line 843, in _resolve_lookup
    current = current[int(bit)]
ValueError: invalid literal for int() with base 10: 'id'

During handling of the above exception, another exception occurred:

Traceback (most recent call last):
  File "/var/www/html/django/integrator/integrator_env/lib/python3.6/site-packages/django/template/base.py", line 850, in _resolve_lookup
    (bit, current))  # missing attribute
django.template.base.VariableDoesNotExist: Failed lookup for key [id] in None
Exception while resolving variable 'id' in template 'applications/list.html'.
Traceback (most recent call last):
  File "/var/www/html/django/integrator/integrator_env/lib/python3.6/site-packages/django/template/base.py", line 829, in _resolve_lookup
    current = current[bit]
TypeError: 'NoneType' object is not subscriptable

During handling of the above exception, another exception occurred:

Traceback (most recent call last):
  File "/var/www/html/django/integrator/integrator_env/lib/python3.6/site-packages/django/template/base.py", line 837, in _resolve_lookup
    current = getattr(current, bit)
AttributeError: 'NoneType' object has no attribute 'id'

During handling of the above exception, another exception occurred:

Traceback (most recent call last):
  File "/var/www/html/django/integrator/integrator_env/lib/python3.6/site-packages/django/template/base.py", line 843, in _resolve_lookup
    current = current[int(bit)]
ValueError: invalid literal for int() with base 10: 'id'

During handling of the above exception, another exception occurred:

Traceback (most recent call last):
  File "/var/www/html/django/integrator/integrator_env/lib/python3.6/site-packages/django/template/base.py", line 850, in _resolve_lookup
    (bit, current))  # missing attribute
django.template.base.VariableDoesNotExist: Failed lookup for key [id] in None
Exception while resolving variable 'id' in template 'applications/list.html'.
Traceback (most recent call last):
  File "/var/www/html/django/integrator/integrator_env/lib/python3.6/site-packages/django/template/base.py", line 829, in _resolve_lookup
    current = current[bit]
TypeError: 'NoneType' object is not subscriptable

During handling of the above exception, another exception occurred:

Traceback (most recent call last):
  File "/var/www/html/django/integrator/integrator_env/lib/python3.6/site-packages/django/template/base.py", line 837, in _resolve_lookup
    current = getattr(current, bit)
AttributeError: 'NoneType' object has no attribute 'id'

During handling of the above exception, another exception occurred:

Traceback (most recent call last):
  File "/var/www/html/django/integrator/integrator_env/lib/python3.6/site-packages/django/template/base.py", line 843, in _resolve_lookup
    current = current[int(bit)]
ValueError: invalid literal for int() with base 10: 'id'

During handling of the above exception, another exception occurred:

Traceback (most recent call last):
  File "/var/www/html/django/integrator/integrator_env/lib/python3.6/site-packages/django/template/base.py", line 850, in _resolve_lookup
    (bit, current))  # missing attribute
django.template.base.VariableDoesNotExist: Failed lookup for key [id] in None
Exception while resolving variable 'id' in template 'applications/list.html'.
Traceback (most recent call last):
  File "/var/www/html/django/integrator/integrator_env/lib/python3.6/site-packages/django/template/base.py", line 829, in _resolve_lookup
    current = current[bit]
TypeError: 'NoneType' object is not subscriptable

During handling of the above exception, another exception occurred:

Traceback (most recent call last):
  File "/var/www/html/django/integrator/integrator_env/lib/python3.6/site-packages/django/template/base.py", line 837, in _resolve_lookup
    current = getattr(current, bit)
AttributeError: 'NoneType' object has no attribute 'id'

During handling of the above exception, another exception occurred:

Traceback (most recent call last):
  File "/var/www/html/django/integrator/integrator_env/lib/python3.6/site-packages/django/template/base.py", line 843, in _resolve_lookup
    current = current[int(bit)]
ValueError: invalid literal for int() with base 10: 'id'

During handling of the above exception, another exception occurred:

Traceback (most recent call last):
  File "/var/www/html/django/integrator/integrator_env/lib/python3.6/site-packages/django/template/base.py", line 850, in _resolve_lookup
    (bit, current))  # missing attribute
django.template.base.VariableDoesNotExist: Failed lookup for key [id] in None
Exception while resolving variable 'id' in template 'applications/list.html'.
Traceback (most recent call last):
  File "/var/www/html/django/integrator/integrator_env/lib/python3.6/site-packages/django/template/base.py", line 829, in _resolve_lookup
    current = current[bit]
TypeError: 'NoneType' object is not subscriptable

During handling of the above exception, another exception occurred:

Traceback (most recent call last):
  File "/var/www/html/django/integrator/integrator_env/lib/python3.6/site-packages/django/template/base.py", line 837, in _resolve_lookup
    current = getattr(current, bit)
AttributeError: 'NoneType' object has no attribute 'id'

During handling of the above exception, another exception occurred:

Traceback (most recent call last):
  File "/var/www/html/django/integrator/integrator_env/lib/python3.6/site-packages/django/template/base.py", line 843, in _resolve_lookup
    current = current[int(bit)]
ValueError: invalid literal for int() with base 10: 'id'

During handling of the above exception, another exception occurred:

Traceback (most recent call last):
  File "/var/www/html/django/integrator/integrator_env/lib/python3.6/site-packages/django/template/base.py", line 850, in _resolve_lookup
    (bit, current))  # missing attribute
django.template.base.VariableDoesNotExist: Failed lookup for key [id] in None
Exception while resolving variable 'id' in template 'applications/list.html'.
Traceback (most recent call last):
  File "/var/www/html/django/integrator/integrator_env/lib/python3.6/site-packages/django/template/base.py", line 829, in _resolve_lookup
    current = current[bit]
TypeError: 'NoneType' object is not subscriptable

During handling of the above exception, another exception occurred:

Traceback (most recent call last):
  File "/var/www/html/django/integrator/integrator_env/lib/python3.6/site-packages/django/template/base.py", line 837, in _resolve_lookup
    current = getattr(current, bit)
AttributeError: 'NoneType' object has no attribute 'id'

During handling of the above exception, another exception occurred:

Traceback (most recent call last):
  File "/var/www/html/django/integrator/integrator_env/lib/python3.6/site-packages/django/template/base.py", line 843, in _resolve_lookup
    current = current[int(bit)]
ValueError: invalid literal for int() with base 10: 'id'

During handling of the above exception, another exception occurred:

Traceback (most recent call last):
  File "/var/www/html/django/integrator/integrator_env/lib/python3.6/site-packages/django/template/base.py", line 850, in _resolve_lookup
    (bit, current))  # missing attribute
django.template.base.VariableDoesNotExist: Failed lookup for key [id] in None
Exception while resolving variable 'id' in template 'applications/list.html'.
Traceback (most recent call last):
  File "/var/www/html/django/integrator/integrator_env/lib/python3.6/site-packages/django/template/base.py", line 829, in _resolve_lookup
    current = current[bit]
TypeError: 'NoneType' object is not subscriptable

During handling of the above exception, another exception occurred:

Traceback (most recent call last):
  File "/var/www/html/django/integrator/integrator_env/lib/python3.6/site-packages/django/template/base.py", line 837, in _resolve_lookup
    current = getattr(current, bit)
AttributeError: 'NoneType' object has no attribute 'id'

During handling of the above exception, another exception occurred:

Traceback (most recent call last):
  File "/var/www/html/django/integrator/integrator_env/lib/python3.6/site-packages/django/template/base.py", line 843, in _resolve_lookup
    current = current[int(bit)]
ValueError: invalid literal for int() with base 10: 'id'

During handling of the above exception, another exception occurred:

Traceback (most recent call last):
  File "/var/www/html/django/integrator/integrator_env/lib/python3.6/site-packages/django/template/base.py", line 850, in _resolve_lookup
    (bit, current))  # missing attribute
django.template.base.VariableDoesNotExist: Failed lookup for key [id] in None
Exception while resolving variable 'id' in template 'applications/list.html'.
Traceback (most recent call last):
  File "/var/www/html/django/integrator/integrator_env/lib/python3.6/site-packages/django/template/base.py", line 829, in _resolve_lookup
    current = current[bit]
TypeError: 'NoneType' object is not subscriptable

During handling of the above exception, another exception occurred:

Traceback (most recent call last):
  File "/var/www/html/django/integrator/integrator_env/lib/python3.6/site-packages/django/template/base.py", line 837, in _resolve_lookup
    current = getattr(current, bit)
AttributeError: 'NoneType' object has no attribute 'id'

During handling of the above exception, another exception occurred:

Traceback (most recent call last):
  File "/var/www/html/django/integrator/integrator_env/lib/python3.6/site-packages/django/template/base.py", line 843, in _resolve_lookup
    current = current[int(bit)]
ValueError: invalid literal for int() with base 10: 'id'

During handling of the above exception, another exception occurred:

Traceback (most recent call last):
  File "/var/www/html/django/integrator/integrator_env/lib/python3.6/site-packages/django/template/base.py", line 850, in _resolve_lookup
    (bit, current))  # missing attribute
django.template.base.VariableDoesNotExist: Failed lookup for key [id] in None
Exception while resolving variable 'id' in template 'applications/list.html'.
Traceback (most recent call last):
  File "/var/www/html/django/integrator/integrator_env/lib/python3.6/site-packages/django/template/base.py", line 829, in _resolve_lookup
    current = current[bit]
TypeError: 'NoneType' object is not subscriptable

During handling of the above exception, another exception occurred:

Traceback (most recent call last):
  File "/var/www/html/django/integrator/integrator_env/lib/python3.6/site-packages/django/template/base.py", line 837, in _resolve_lookup
    current = getattr(current, bit)
AttributeError: 'NoneType' object has no attribute 'id'

During handling of the above exception, another exception occurred:

Traceback (most recent call last):
  File "/var/www/html/django/integrator/integrator_env/lib/python3.6/site-packages/django/template/base.py", line 843, in _resolve_lookup
    current = current[int(bit)]
ValueError: invalid literal for int() with base 10: 'id'

During handling of the above exception, another exception occurred:

Traceback (most recent call last):
  File "/var/www/html/django/integrator/integrator_env/lib/python3.6/site-packages/django/template/base.py", line 850, in _resolve_lookup
    (bit, current))  # missing attribute
django.template.base.VariableDoesNotExist: Failed lookup for key [id] in None
Exception while resolving variable 'id' in template 'applications/list.html'.
Traceback (most recent call last):
  File "/var/www/html/django/integrator/integrator_env/lib/python3.6/site-packages/django/template/base.py", line 829, in _resolve_lookup
    current = current[bit]
TypeError: 'NoneType' object is not subscriptable

During handling of the above exception, another exception occurred:

Traceback (most recent call last):
  File "/var/www/html/django/integrator/integrator_env/lib/python3.6/site-packages/django/template/base.py", line 837, in _resolve_lookup
    current = getattr(current, bit)
AttributeError: 'NoneType' object has no attribute 'id'

During handling of the above exception, another exception occurred:

Traceback (most recent call last):
  File "/var/www/html/django/integrator/integrator_env/lib/python3.6/site-packages/django/template/base.py", line 843, in _resolve_lookup
    current = current[int(bit)]
ValueError: invalid literal for int() with base 10: 'id'

During handling of the above exception, another exception occurred:

Traceback (most recent call last):
  File "/var/www/html/django/integrator/integrator_env/lib/python3.6/site-packages/django/template/base.py", line 850, in _resolve_lookup
    (bit, current))  # missing attribute
django.template.base.VariableDoesNotExist: Failed lookup for key [id] in None
Exception while resolving variable 'id' in template 'applications/list.html'.
Traceback (most recent call last):
  File "/var/www/html/django/integrator/integrator_env/lib/python3.6/site-packages/django/template/base.py", line 829, in _resolve_lookup
    current = current[bit]
TypeError: 'NoneType' object is not subscriptable

During handling of the above exception, another exception occurred:

Traceback (most recent call last):
  File "/var/www/html/django/integrator/integrator_env/lib/python3.6/site-packages/django/template/base.py", line 837, in _resolve_lookup
    current = getattr(current, bit)
AttributeError: 'NoneType' object has no attribute 'id'

During handling of the above exception, another exception occurred:

Traceback (most recent call last):
  File "/var/www/html/django/integrator/integrator_env/lib/python3.6/site-packages/django/template/base.py", line 843, in _resolve_lookup
    current = current[int(bit)]
ValueError: invalid literal for int() with base 10: 'id'

During handling of the above exception, another exception occurred:

Traceback (most recent call last):
  File "/var/www/html/django/integrator/integrator_env/lib/python3.6/site-packages/django/template/base.py", line 850, in _resolve_lookup
    (bit, current))  # missing attribute
django.template.base.VariableDoesNotExist: Failed lookup for key [id] in None
Exception while resolving variable 'id' in template 'applications/list.html'.
Traceback (most recent call last):
  File "/var/www/html/django/integrator/integrator_env/lib/python3.6/site-packages/django/template/base.py", line 829, in _resolve_lookup
    current = current[bit]
TypeError: 'NoneType' object is not subscriptable

During handling of the above exception, another exception occurred:

Traceback (most recent call last):
  File "/var/www/html/django/integrator/integrator_env/lib/python3.6/site-packages/django/template/base.py", line 837, in _resolve_lookup
    current = getattr(current, bit)
AttributeError: 'NoneType' object has no attribute 'id'

During handling of the above exception, another exception occurred:

Traceback (most recent call last):
  File "/var/www/html/django/integrator/integrator_env/lib/python3.6/site-packages/django/template/base.py", line 843, in _resolve_lookup
    current = current[int(bit)]
ValueError: invalid literal for int() with base 10: 'id'

During handling of the above exception, another exception occurred:

Traceback (most recent call last):
  File "/var/www/html/django/integrator/integrator_env/lib/python3.6/site-packages/django/template/base.py", line 850, in _resolve_lookup
    (bit, current))  # missing attribute
django.template.base.VariableDoesNotExist: Failed lookup for key [id] in None
Exception while resolving variable 'id' in template 'applications/list.html'.
Traceback (most recent call last):
  File "/var/www/html/django/integrator/integrator_env/lib/python3.6/site-packages/django/template/base.py", line 829, in _resolve_lookup
    current = current[bit]
TypeError: 'NoneType' object is not subscriptable

During handling of the above exception, another exception occurred:

Traceback (most recent call last):
  File "/var/www/html/django/integrator/integrator_env/lib/python3.6/site-packages/django/template/base.py", line 837, in _resolve_lookup
    current = getattr(current, bit)
AttributeError: 'NoneType' object has no attribute 'id'

During handling of the above exception, another exception occurred:

Traceback (most recent call last):
  File "/var/www/html/django/integrator/integrator_env/lib/python3.6/site-packages/django/template/base.py", line 843, in _resolve_lookup
    current = current[int(bit)]
ValueError: invalid literal for int() with base 10: 'id'

During handling of the above exception, another exception occurred:

Traceback (most recent call last):
  File "/var/www/html/django/integrator/integrator_env/lib/python3.6/site-packages/django/template/base.py", line 850, in _resolve_lookup
    (bit, current))  # missing attribute
django.template.base.VariableDoesNotExist: Failed lookup for key [id] in None
Exception while resolving variable 'id' in template 'applications/list.html'.
Traceback (most recent call last):
  File "/var/www/html/django/integrator/integrator_env/lib/python3.6/site-packages/django/template/base.py", line 829, in _resolve_lookup
    current = current[bit]
TypeError: 'NoneType' object is not subscriptable

During handling of the above exception, another exception occurred:

Traceback (most recent call last):
  File "/var/www/html/django/integrator/integrator_env/lib/python3.6/site-packages/django/template/base.py", line 837, in _resolve_lookup
    current = getattr(current, bit)
AttributeError: 'NoneType' object has no attribute 'id'

During handling of the above exception, another exception occurred:

Traceback (most recent call last):
  File "/var/www/html/django/integrator/integrator_env/lib/python3.6/site-packages/django/template/base.py", line 843, in _resolve_lookup
    current = current[int(bit)]
ValueError: invalid literal for int() with base 10: 'id'

During handling of the above exception, another exception occurred:

Traceback (most recent call last):
  File "/var/www/html/django/integrator/integrator_env/lib/python3.6/site-packages/django/template/base.py", line 850, in _resolve_lookup
    (bit, current))  # missing attribute
django.template.base.VariableDoesNotExist: Failed lookup for key [id] in None
Exception while resolving variable 'id' in template 'applications/list.html'.
Traceback (most recent call last):
  File "/var/www/html/django/integrator/integrator_env/lib/python3.6/site-packages/django/template/base.py", line 829, in _resolve_lookup
    current = current[bit]
TypeError: 'NoneType' object is not subscriptable

During handling of the above exception, another exception occurred:

Traceback (most recent call last):
  File "/var/www/html/django/integrator/integrator_env/lib/python3.6/site-packages/django/template/base.py", line 837, in _resolve_lookup
    current = getattr(current, bit)
AttributeError: 'NoneType' object has no attribute 'id'

During handling of the above exception, another exception occurred:

Traceback (most recent call last):
  File "/var/www/html/django/integrator/integrator_env/lib/python3.6/site-packages/django/template/base.py", line 843, in _resolve_lookup
    current = current[int(bit)]
ValueError: invalid literal for int() with base 10: 'id'

During handling of the above exception, another exception occurred:

Traceback (most recent call last):
  File "/var/www/html/django/integrator/integrator_env/lib/python3.6/site-packages/django/template/base.py", line 850, in _resolve_lookup
    (bit, current))  # missing attribute
django.template.base.VariableDoesNotExist: Failed lookup for key [id] in None
Exception while resolving variable 'id' in template 'applications/list.html'.
Traceback (most recent call last):
  File "/var/www/html/django/integrator/integrator_env/lib/python3.6/site-packages/django/template/base.py", line 829, in _resolve_lookup
    current = current[bit]
TypeError: 'NoneType' object is not subscriptable

During handling of the above exception, another exception occurred:

Traceback (most recent call last):
  File "/var/www/html/django/integrator/integrator_env/lib/python3.6/site-packages/django/template/base.py", line 837, in _resolve_lookup
    current = getattr(current, bit)
AttributeError: 'NoneType' object has no attribute 'id'

During handling of the above exception, another exception occurred:

Traceback (most recent call last):
  File "/var/www/html/django/integrator/integrator_env/lib/python3.6/site-packages/django/template/base.py", line 843, in _resolve_lookup
    current = current[int(bit)]
ValueError: invalid literal for int() with base 10: 'id'

During handling of the above exception, another exception occurred:

Traceback (most recent call last):
  File "/var/www/html/django/integrator/integrator_env/lib/python3.6/site-packages/django/template/base.py", line 850, in _resolve_lookup
    (bit, current))  # missing attribute
django.template.base.VariableDoesNotExist: Failed lookup for key [id] in None
Exception while resolving variable 'id' in template 'applications/list.html'.
Traceback (most recent call last):
  File "/var/www/html/django/integrator/integrator_env/lib/python3.6/site-packages/django/template/base.py", line 829, in _resolve_lookup
    current = current[bit]
TypeError: 'NoneType' object is not subscriptable

During handling of the above exception, another exception occurred:

Traceback (most recent call last):
  File "/var/www/html/django/integrator/integrator_env/lib/python3.6/site-packages/django/template/base.py", line 837, in _resolve_lookup
    current = getattr(current, bit)
AttributeError: 'NoneType' object has no attribute 'id'

During handling of the above exception, another exception occurred:

Traceback (most recent call last):
  File "/var/www/html/django/integrator/integrator_env/lib/python3.6/site-packages/django/template/base.py", line 843, in _resolve_lookup
    current = current[int(bit)]
ValueError: invalid literal for int() with base 10: 'id'

During handling of the above exception, another exception occurred:

Traceback (most recent call last):
  File "/var/www/html/django/integrator/integrator_env/lib/python3.6/site-packages/django/template/base.py", line 850, in _resolve_lookup
    (bit, current))  # missing attribute
django.template.base.VariableDoesNotExist: Failed lookup for key [id] in None
Exception while resolving variable 'id' in template 'applications/list.html'.
Traceback (most recent call last):
  File "/var/www/html/django/integrator/integrator_env/lib/python3.6/site-packages/django/template/base.py", line 829, in _resolve_lookup
    current = current[bit]
TypeError: 'NoneType' object is not subscriptable

During handling of the above exception, another exception occurred:

Traceback (most recent call last):
  File "/var/www/html/django/integrator/integrator_env/lib/python3.6/site-packages/django/template/base.py", line 837, in _resolve_lookup
    current = getattr(current, bit)
AttributeError: 'NoneType' object has no attribute 'id'

During handling of the above exception, another exception occurred:

Traceback (most recent call last):
  File "/var/www/html/django/integrator/integrator_env/lib/python3.6/site-packages/django/template/base.py", line 843, in _resolve_lookup
    current = current[int(bit)]
ValueError: invalid literal for int() with base 10: 'id'

During handling of the above exception, another exception occurred:

Traceback (most recent call last):
  File "/var/www/html/django/integrator/integrator_env/lib/python3.6/site-packages/django/template/base.py", line 850, in _resolve_lookup
    (bit, current))  # missing attribute
django.template.base.VariableDoesNotExist: Failed lookup for key [id] in None
Exception while resolving variable 'id' in template 'applications/list.html'.
Traceback (most recent call last):
  File "/var/www/html/django/integrator/integrator_env/lib/python3.6/site-packages/django/template/base.py", line 829, in _resolve_lookup
    current = current[bit]
TypeError: 'NoneType' object is not subscriptable

During handling of the above exception, another exception occurred:

Traceback (most recent call last):
  File "/var/www/html/django/integrator/integrator_env/lib/python3.6/site-packages/django/template/base.py", line 837, in _resolve_lookup
    current = getattr(current, bit)
AttributeError: 'NoneType' object has no attribute 'id'

During handling of the above exception, another exception occurred:

Traceback (most recent call last):
  File "/var/www/html/django/integrator/integrator_env/lib/python3.6/site-packages/django/template/base.py", line 843, in _resolve_lookup
    current = current[int(bit)]
ValueError: invalid literal for int() with base 10: 'id'

During handling of the above exception, another exception occurred:

Traceback (most recent call last):
  File "/var/www/html/django/integrator/integrator_env/lib/python3.6/site-packages/django/template/base.py", line 850, in _resolve_lookup
    (bit, current))  # missing attribute
django.template.base.VariableDoesNotExist: Failed lookup for key [id] in None
Exception while resolving variable 'id' in template 'applications/list.html'.
Traceback (most recent call last):
  File "/var/www/html/django/integrator/integrator_env/lib/python3.6/site-packages/django/template/base.py", line 829, in _resolve_lookup
    current = current[bit]
TypeError: 'NoneType' object is not subscriptable

During handling of the above exception, another exception occurred:

Traceback (most recent call last):
  File "/var/www/html/django/integrator/integrator_env/lib/python3.6/site-packages/django/template/base.py", line 837, in _resolve_lookup
    current = getattr(current, bit)
AttributeError: 'NoneType' object has no attribute 'id'

During handling of the above exception, another exception occurred:

Traceback (most recent call last):
  File "/var/www/html/django/integrator/integrator_env/lib/python3.6/site-packages/django/template/base.py", line 843, in _resolve_lookup
    current = current[int(bit)]
ValueError: invalid literal for int() with base 10: 'id'

During handling of the above exception, another exception occurred:

Traceback (most recent call last):
  File "/var/www/html/django/integrator/integrator_env/lib/python3.6/site-packages/django/template/base.py", line 850, in _resolve_lookup
    (bit, current))  # missing attribute
django.template.base.VariableDoesNotExist: Failed lookup for key [id] in None
Exception while resolving variable 'id' in template 'applications/list.html'.
Traceback (most recent call last):
  File "/var/www/html/django/integrator/integrator_env/lib/python3.6/site-packages/django/template/base.py", line 829, in _resolve_lookup
    current = current[bit]
TypeError: 'NoneType' object is not subscriptable

During handling of the above exception, another exception occurred:

Traceback (most recent call last):
  File "/var/www/html/django/integrator/integrator_env/lib/python3.6/site-packages/django/template/base.py", line 837, in _resolve_lookup
    current = getattr(current, bit)
AttributeError: 'NoneType' object has no attribute 'id'

During handling of the above exception, another exception occurred:

Traceback (most recent call last):
  File "/var/www/html/django/integrator/integrator_env/lib/python3.6/site-packages/django/template/base.py", line 843, in _resolve_lookup
    current = current[int(bit)]
ValueError: invalid literal for int() with base 10: 'id'

During handling of the above exception, another exception occurred:

Traceback (most recent call last):
  File "/var/www/html/django/integrator/integrator_env/lib/python3.6/site-packages/django/template/base.py", line 850, in _resolve_lookup
    (bit, current))  # missing attribute
django.template.base.VariableDoesNotExist: Failed lookup for key [id] in None
Exception while resolving variable 'id' in template 'applications/list.html'.
Traceback (most recent call last):
  File "/var/www/html/django/integrator/integrator_env/lib/python3.6/site-packages/django/template/base.py", line 829, in _resolve_lookup
    current = current[bit]
TypeError: 'NoneType' object is not subscriptable

During handling of the above exception, another exception occurred:

Traceback (most recent call last):
  File "/var/www/html/django/integrator/integrator_env/lib/python3.6/site-packages/django/template/base.py", line 837, in _resolve_lookup
    current = getattr(current, bit)
AttributeError: 'NoneType' object has no attribute 'id'

During handling of the above exception, another exception occurred:

Traceback (most recent call last):
  File "/var/www/html/django/integrator/integrator_env/lib/python3.6/site-packages/django/template/base.py", line 843, in _resolve_lookup
    current = current[int(bit)]
ValueError: invalid literal for int() with base 10: 'id'

During handling of the above exception, another exception occurred:

Traceback (most recent call last):
  File "/var/www/html/django/integrator/integrator_env/lib/python3.6/site-packages/django/template/base.py", line 850, in _resolve_lookup
    (bit, current))  # missing attribute
django.template.base.VariableDoesNotExist: Failed lookup for key [id] in None
Exception while resolving variable 'id' in template 'applications/list.html'.
Traceback (most recent call last):
  File "/var/www/html/django/integrator/integrator_env/lib/python3.6/site-packages/django/template/base.py", line 829, in _resolve_lookup
    current = current[bit]
TypeError: 'NoneType' object is not subscriptable

During handling of the above exception, another exception occurred:

Traceback (most recent call last):
  File "/var/www/html/django/integrator/integrator_env/lib/python3.6/site-packages/django/template/base.py", line 837, in _resolve_lookup
    current = getattr(current, bit)
AttributeError: 'NoneType' object has no attribute 'id'

During handling of the above exception, another exception occurred:

Traceback (most recent call last):
  File "/var/www/html/django/integrator/integrator_env/lib/python3.6/site-packages/django/template/base.py", line 843, in _resolve_lookup
    current = current[int(bit)]
ValueError: invalid literal for int() with base 10: 'id'

During handling of the above exception, another exception occurred:

Traceback (most recent call last):
  File "/var/www/html/django/integrator/integrator_env/lib/python3.6/site-packages/django/template/base.py", line 850, in _resolve_lookup
    (bit, current))  # missing attribute
django.template.base.VariableDoesNotExist: Failed lookup for key [id] in None
Exception while resolving variable 'id' in template 'applications/list.html'.
Traceback (most recent call last):
  File "/var/www/html/django/integrator/integrator_env/lib/python3.6/site-packages/django/template/base.py", line 829, in _resolve_lookup
    current = current[bit]
TypeError: 'NoneType' object is not subscriptable

During handling of the above exception, another exception occurred:

Traceback (most recent call last):
  File "/var/www/html/django/integrator/integrator_env/lib/python3.6/site-packages/django/template/base.py", line 837, in _resolve_lookup
    current = getattr(current, bit)
AttributeError: 'NoneType' object has no attribute 'id'

During handling of the above exception, another exception occurred:

Traceback (most recent call last):
  File "/var/www/html/django/integrator/integrator_env/lib/python3.6/site-packages/django/template/base.py", line 843, in _resolve_lookup
    current = current[int(bit)]
ValueError: invalid literal for int() with base 10: 'id'

During handling of the above exception, another exception occurred:

Traceback (most recent call last):
  File "/var/www/html/django/integrator/integrator_env/lib/python3.6/site-packages/django/template/base.py", line 850, in _resolve_lookup
    (bit, current))  # missing attribute
django.template.base.VariableDoesNotExist: Failed lookup for key [id] in None
Exception while resolving variable 'id' in template 'applications/list.html'.
Traceback (most recent call last):
  File "/var/www/html/django/integrator/integrator_env/lib/python3.6/site-packages/django/template/base.py", line 829, in _resolve_lookup
    current = current[bit]
TypeError: 'NoneType' object is not subscriptable

During handling of the above exception, another exception occurred:

Traceback (most recent call last):
  File "/var/www/html/django/integrator/integrator_env/lib/python3.6/site-packages/django/template/base.py", line 837, in _resolve_lookup
    current = getattr(current, bit)
AttributeError: 'NoneType' object has no attribute 'id'

During handling of the above exception, another exception occurred:

Traceback (most recent call last):
  File "/var/www/html/django/integrator/integrator_env/lib/python3.6/site-packages/django/template/base.py", line 843, in _resolve_lookup
    current = current[int(bit)]
ValueError: invalid literal for int() with base 10: 'id'

During handling of the above exception, another exception occurred:

Traceback (most recent call last):
  File "/var/www/html/django/integrator/integrator_env/lib/python3.6/site-packages/django/template/base.py", line 850, in _resolve_lookup
    (bit, current))  # missing attribute
django.template.base.VariableDoesNotExist: Failed lookup for key [id] in None
Exception while resolving variable 'id' in template 'applications/list.html'.
Traceback (most recent call last):
  File "/var/www/html/django/integrator/integrator_env/lib/python3.6/site-packages/django/template/base.py", line 829, in _resolve_lookup
    current = current[bit]
TypeError: 'NoneType' object is not subscriptable

During handling of the above exception, another exception occurred:

Traceback (most recent call last):
  File "/var/www/html/django/integrator/integrator_env/lib/python3.6/site-packages/django/template/base.py", line 837, in _resolve_lookup
    current = getattr(current, bit)
AttributeError: 'NoneType' object has no attribute 'id'

During handling of the above exception, another exception occurred:

Traceback (most recent call last):
  File "/var/www/html/django/integrator/integrator_env/lib/python3.6/site-packages/django/template/base.py", line 843, in _resolve_lookup
    current = current[int(bit)]
ValueError: invalid literal for int() with base 10: 'id'

During handling of the above exception, another exception occurred:

Traceback (most recent call last):
  File "/var/www/html/django/integrator/integrator_env/lib/python3.6/site-packages/django/template/base.py", line 850, in _resolve_lookup
    (bit, current))  # missing attribute
django.template.base.VariableDoesNotExist: Failed lookup for key [id] in None
Exception while resolving variable 'id' in template 'applications/list.html'.
Traceback (most recent call last):
  File "/var/www/html/django/integrator/integrator_env/lib/python3.6/site-packages/django/template/base.py", line 829, in _resolve_lookup
    current = current[bit]
TypeError: 'NoneType' object is not subscriptable

During handling of the above exception, another exception occurred:

Traceback (most recent call last):
  File "/var/www/html/django/integrator/integrator_env/lib/python3.6/site-packages/django/template/base.py", line 837, in _resolve_lookup
    current = getattr(current, bit)
AttributeError: 'NoneType' object has no attribute 'id'

During handling of the above exception, another exception occurred:

Traceback (most recent call last):
  File "/var/www/html/django/integrator/integrator_env/lib/python3.6/site-packages/django/template/base.py", line 843, in _resolve_lookup
    current = current[int(bit)]
ValueError: invalid literal for int() with base 10: 'id'

During handling of the above exception, another exception occurred:

Traceback (most recent call last):
  File "/var/www/html/django/integrator/integrator_env/lib/python3.6/site-packages/django/template/base.py", line 850, in _resolve_lookup
    (bit, current))  # missing attribute
django.template.base.VariableDoesNotExist: Failed lookup for key [id] in None
Exception while resolving variable 'id' in template 'applications/list.html'.
Traceback (most recent call last):
  File "/var/www/html/django/integrator/integrator_env/lib/python3.6/site-packages/django/template/base.py", line 829, in _resolve_lookup
    current = current[bit]
TypeError: 'NoneType' object is not subscriptable

During handling of the above exception, another exception occurred:

Traceback (most recent call last):
  File "/var/www/html/django/integrator/integrator_env/lib/python3.6/site-packages/django/template/base.py", line 837, in _resolve_lookup
    current = getattr(current, bit)
AttributeError: 'NoneType' object has no attribute 'id'

During handling of the above exception, another exception occurred:

Traceback (most recent call last):
  File "/var/www/html/django/integrator/integrator_env/lib/python3.6/site-packages/django/template/base.py", line 843, in _resolve_lookup
    current = current[int(bit)]
ValueError: invalid literal for int() with base 10: 'id'

During handling of the above exception, another exception occurred:

Traceback (most recent call last):
  File "/var/www/html/django/integrator/integrator_env/lib/python3.6/site-packages/django/template/base.py", line 850, in _resolve_lookup
    (bit, current))  # missing attribute
django.template.base.VariableDoesNotExist: Failed lookup for key [id] in None
Exception while resolving variable 'id' in template 'applications/list.html'.
Traceback (most recent call last):
  File "/var/www/html/django/integrator/integrator_env/lib/python3.6/site-packages/django/template/base.py", line 829, in _resolve_lookup
    current = current[bit]
TypeError: 'NoneType' object is not subscriptable

During handling of the above exception, another exception occurred:

Traceback (most recent call last):
  File "/var/www/html/django/integrator/integrator_env/lib/python3.6/site-packages/django/template/base.py", line 837, in _resolve_lookup
    current = getattr(current, bit)
AttributeError: 'NoneType' object has no attribute 'id'

During handling of the above exception, another exception occurred:

Traceback (most recent call last):
  File "/var/www/html/django/integrator/integrator_env/lib/python3.6/site-packages/django/template/base.py", line 843, in _resolve_lookup
    current = current[int(bit)]
ValueError: invalid literal for int() with base 10: 'id'

During handling of the above exception, another exception occurred:

Traceback (most recent call last):
  File "/var/www/html/django/integrator/integrator_env/lib/python3.6/site-packages/django/template/base.py", line 850, in _resolve_lookup
    (bit, current))  # missing attribute
django.template.base.VariableDoesNotExist: Failed lookup for key [id] in None
Exception while resolving variable 'id' in template 'applications/list.html'.
Traceback (most recent call last):
  File "/var/www/html/django/integrator/integrator_env/lib/python3.6/site-packages/django/template/base.py", line 829, in _resolve_lookup
    current = current[bit]
TypeError: 'NoneType' object is not subscriptable

During handling of the above exception, another exception occurred:

Traceback (most recent call last):
  File "/var/www/html/django/integrator/integrator_env/lib/python3.6/site-packages/django/template/base.py", line 837, in _resolve_lookup
    current = getattr(current, bit)
AttributeError: 'NoneType' object has no attribute 'id'

During handling of the above exception, another exception occurred:

Traceback (most recent call last):
  File "/var/www/html/django/integrator/integrator_env/lib/python3.6/site-packages/django/template/base.py", line 843, in _resolve_lookup
    current = current[int(bit)]
ValueError: invalid literal for int() with base 10: 'id'

During handling of the above exception, another exception occurred:

Traceback (most recent call last):
  File "/var/www/html/django/integrator/integrator_env/lib/python3.6/site-packages/django/template/base.py", line 850, in _resolve_lookup
    (bit, current))  # missing attribute
django.template.base.VariableDoesNotExist: Failed lookup for key [id] in None
(0.000) SELECT `applications_applicationmodel`.`id`, `applications_applicationmodel`.`priority_id`, `applications_applicationmodel`.`equipment_id`, `applications_applicationmodel`.`problem`, `applications_applicationmodel`.`contact_id`, `applications_applicationmodel`.`client_id`, `applications_applicationmodel`.`engineer_id`, `applications_applicationmodel`.`pubdate`, `applications_applicationmodel`.`status_id`, `applications_applicationmodel`.`creator_id`, `applications_applicationmodel`.`changed` FROM `applications_applicationmodel` WHERE `applications_applicationmodel`.`id` = 160967 LIMIT 21; args=(160967,)
Exception while resolving variable 'id' in template 'applications/list.html'.
Traceback (most recent call last):
  File "/var/www/html/django/integrator/integrator_env/lib/python3.6/site-packages/django/template/base.py", line 829, in _resolve_lookup
    current = current[bit]
TypeError: 'NoneType' object is not subscriptable

During handling of the above exception, another exception occurred:

Traceback (most recent call last):
  File "/var/www/html/django/integrator/integrator_env/lib/python3.6/site-packages/django/template/base.py", line 837, in _resolve_lookup
    current = getattr(current, bit)
AttributeError: 'NoneType' object has no attribute 'id'

During handling of the above exception, another exception occurred:

Traceback (most recent call last):
  File "/var/www/html/django/integrator/integrator_env/lib/python3.6/site-packages/django/template/base.py", line 843, in _resolve_lookup
    current = current[int(bit)]
ValueError: invalid literal for int() with base 10: 'id'

During handling of the above exception, another exception occurred:

Traceback (most recent call last):
  File "/var/www/html/django/integrator/integrator_env/lib/python3.6/site-packages/django/template/base.py", line 850, in _resolve_lookup
    (bit, current))  # missing attribute
django.template.base.VariableDoesNotExist: Failed lookup for key [id] in None
Exception while resolving variable 'id' in template 'applications/list.html'.
Traceback (most recent call last):
  File "/var/www/html/django/integrator/integrator_env/lib/python3.6/site-packages/django/template/base.py", line 829, in _resolve_lookup
    current = current[bit]
TypeError: 'NoneType' object is not subscriptable

During handling of the above exception, another exception occurred:

Traceback (most recent call last):
  File "/var/www/html/django/integrator/integrator_env/lib/python3.6/site-packages/django/template/base.py", line 837, in _resolve_lookup
    current = getattr(current, bit)
AttributeError: 'NoneType' object has no attribute 'id'

During handling of the above exception, another exception occurred:

Traceback (most recent call last):
  File "/var/www/html/django/integrator/integrator_env/lib/python3.6/site-packages/django/template/base.py", line 843, in _resolve_lookup
    current = current[int(bit)]
ValueError: invalid literal for int() with base 10: 'id'

During handling of the above exception, another exception occurred:

Traceback (most recent call last):
  File "/var/www/html/django/integrator/integrator_env/lib/python3.6/site-packages/django/template/base.py", line 850, in _resolve_lookup
    (bit, current))  # missing attribute
django.template.base.VariableDoesNotExist: Failed lookup for key [id] in None
Exception while resolving variable 'id' in template 'applications/list.html'.
Traceback (most recent call last):
  File "/var/www/html/django/integrator/integrator_env/lib/python3.6/site-packages/django/template/base.py", line 829, in _resolve_lookup
    current = current[bit]
TypeError: 'NoneType' object is not subscriptable

During handling of the above exception, another exception occurred:

Traceback (most recent call last):
  File "/var/www/html/django/integrator/integrator_env/lib/python3.6/site-packages/django/template/base.py", line 837, in _resolve_lookup
    current = getattr(current, bit)
AttributeError: 'NoneType' object has no attribute 'id'

During handling of the above exception, another exception occurred:

Traceback (most recent call last):
  File "/var/www/html/django/integrator/integrator_env/lib/python3.6/site-packages/django/template/base.py", line 843, in _resolve_lookup
    current = current[int(bit)]
ValueError: invalid literal for int() with base 10: 'id'

During handling of the above exception, another exception occurred:

Traceback (most recent call last):
  File "/var/www/html/django/integrator/integrator_env/lib/python3.6/site-packages/django/template/base.py", line 850, in _resolve_lookup
    (bit, current))  # missing attribute
django.template.base.VariableDoesNotExist: Failed lookup for key [id] in None
Exception while resolving variable 'id' in template 'applications/list.html'.
Traceback (most recent call last):
  File "/var/www/html/django/integrator/integrator_env/lib/python3.6/site-packages/django/template/base.py", line 829, in _resolve_lookup
    current = current[bit]
TypeError: 'NoneType' object is not subscriptable

During handling of the above exception, another exception occurred:

Traceback (most recent call last):
  File "/var/www/html/django/integrator/integrator_env/lib/python3.6/site-packages/django/template/base.py", line 837, in _resolve_lookup
    current = getattr(current, bit)
AttributeError: 'NoneType' object has no attribute 'id'

During handling of the above exception, another exception occurred:

Traceback (most recent call last):
  File "/var/www/html/django/integrator/integrator_env/lib/python3.6/site-packages/django/template/base.py", line 843, in _resolve_lookup
    current = current[int(bit)]
ValueError: invalid literal for int() with base 10: 'id'

During handling of the above exception, another exception occurred:

Traceback (most recent call last):
  File "/var/www/html/django/integrator/integrator_env/lib/python3.6/site-packages/django/template/base.py", line 850, in _resolve_lookup
    (bit, current))  # missing attribute
django.template.base.VariableDoesNotExist: Failed lookup for key [id] in None
(0.000) SELECT `applications_applicationmodel`.`id`, `applications_applicationmodel`.`priority_id`, `applications_applicationmodel`.`equipment_id`, `applications_applicationmodel`.`problem`, `applications_applicationmodel`.`contact_id`, `applications_applicationmodel`.`client_id`, `applications_applicationmodel`.`engineer_id`, `applications_applicationmodel`.`pubdate`, `applications_applicationmodel`.`status_id`, `applications_applicationmodel`.`creator_id`, `applications_applicationmodel`.`changed` FROM `applications_applicationmodel` WHERE `applications_applicationmodel`.`id` = 160967 LIMIT 21; args=(160967,)
Exception while resolving variable 'id' in template 'applications/list.html'.
Traceback (most recent call last):
  File "/var/www/html/django/integrator/integrator_env/lib/python3.6/site-packages/django/template/base.py", line 829, in _resolve_lookup
    current = current[bit]
TypeError: 'NoneType' object is not subscriptable

During handling of the above exception, another exception occurred:

Traceback (most recent call last):
  File "/var/www/html/django/integrator/integrator_env/lib/python3.6/site-packages/django/template/base.py", line 837, in _resolve_lookup
    current = getattr(current, bit)
AttributeError: 'NoneType' object has no attribute 'id'

During handling of the above exception, another exception occurred:

Traceback (most recent call last):
  File "/var/www/html/django/integrator/integrator_env/lib/python3.6/site-packages/django/template/base.py", line 843, in _resolve_lookup
    current = current[int(bit)]
ValueError: invalid literal for int() with base 10: 'id'

During handling of the above exception, another exception occurred:

Traceback (most recent call last):
  File "/var/www/html/django/integrator/integrator_env/lib/python3.6/site-packages/django/template/base.py", line 850, in _resolve_lookup
    (bit, current))  # missing attribute
django.template.base.VariableDoesNotExist: Failed lookup for key [id] in None
Exception while resolving variable 'id' in template 'applications/list.html'.
Traceback (most recent call last):
  File "/var/www/html/django/integrator/integrator_env/lib/python3.6/site-packages/django/template/base.py", line 829, in _resolve_lookup
    current = current[bit]
TypeError: 'NoneType' object is not subscriptable

During handling of the above exception, another exception occurred:

Traceback (most recent call last):
  File "/var/www/html/django/integrator/integrator_env/lib/python3.6/site-packages/django/template/base.py", line 837, in _resolve_lookup
    current = getattr(current, bit)
AttributeError: 'NoneType' object has no attribute 'id'

During handling of the above exception, another exception occurred:

Traceback (most recent call last):
  File "/var/www/html/django/integrator/integrator_env/lib/python3.6/site-packages/django/template/base.py", line 843, in _resolve_lookup
    current = current[int(bit)]
ValueError: invalid literal for int() with base 10: 'id'

During handling of the above exception, another exception occurred:

Traceback (most recent call last):
  File "/var/www/html/django/integrator/integrator_env/lib/python3.6/site-packages/django/template/base.py", line 850, in _resolve_lookup
    (bit, current))  # missing attribute
django.template.base.VariableDoesNotExist: Failed lookup for key [id] in None
(0.000) SELECT `applications_applicationmodel`.`id`, `applications_applicationmodel`.`priority_id`, `applications_applicationmodel`.`equipment_id`, `applications_applicationmodel`.`problem`, `applications_applicationmodel`.`contact_id`, `applications_applicationmodel`.`client_id`, `applications_applicationmodel`.`engineer_id`, `applications_applicationmodel`.`pubdate`, `applications_applicationmodel`.`status_id`, `applications_applicationmodel`.`creator_id`, `applications_applicationmodel`.`changed` FROM `applications_applicationmodel` WHERE `applications_applicationmodel`.`id` = 160967 LIMIT 21; args=(160967,)
(0.000) SELECT `applications_applicationmodel`.`id`, `applications_applicationmodel`.`priority_id`, `applications_applicationmodel`.`equipment_id`, `applications_applicationmodel`.`problem`, `applications_applicationmodel`.`contact_id`, `applications_applicationmodel`.`client_id`, `applications_applicationmodel`.`engineer_id`, `applications_applicationmodel`.`pubdate`, `applications_applicationmodel`.`status_id`, `applications_applicationmodel`.`creator_id`, `applications_applicationmodel`.`changed` FROM `applications_applicationmodel` WHERE `applications_applicationmodel`.`id` = 160943 LIMIT 21; args=(160943,)
(0.000) SELECT `applications_applicationmodel`.`id`, `applications_applicationmodel`.`priority_id`, `applications_applicationmodel`.`equipment_id`, `applications_applicationmodel`.`problem`, `applications_applicationmodel`.`contact_id`, `applications_applicationmodel`.`client_id`, `applications_applicationmodel`.`engineer_id`, `applications_applicationmodel`.`pubdate`, `applications_applicationmodel`.`status_id`, `applications_applicationmodel`.`creator_id`, `applications_applicationmodel`.`changed` FROM `applications_applicationmodel` WHERE `applications_applicationmodel`.`id` = 160966 LIMIT 21; args=(160966,)
(0.000) SELECT `applications_applicationmodel`.`id`, `applications_applicationmodel`.`priority_id`, `applications_applicationmodel`.`equipment_id`, `applications_applicationmodel`.`problem`, `applications_applicationmodel`.`contact_id`, `applications_applicationmodel`.`client_id`, `applications_applicationmodel`.`engineer_id`, `applications_applicationmodel`.`pubdate`, `applications_applicationmodel`.`status_id`, `applications_applicationmodel`.`creator_id`, `applications_applicationmodel`.`changed` FROM `applications_applicationmodel` WHERE `applications_applicationmodel`.`id` = 160966 LIMIT 21; args=(160966,)
(0.000) SELECT `applications_applicationmodel`.`id`, `applications_applicationmodel`.`priority_id`, `applications_applicationmodel`.`equipment_id`, `applications_applicationmodel`.`problem`, `applications_applicationmodel`.`contact_id`, `applications_applicationmodel`.`client_id`, `applications_applicationmodel`.`engineer_id`, `applications_applicationmodel`.`pubdate`, `applications_applicationmodel`.`status_id`, `applications_applicationmodel`.`creator_id`, `applications_applicationmodel`.`changed` FROM `applications_applicationmodel` WHERE `applications_applicationmodel`.`id` = 160966 LIMIT 21; args=(160966,)
(0.000) SELECT `applications_applicationmodel`.`id`, `applications_applicationmodel`.`priority_id`, `applications_applicationmodel`.`equipment_id`, `applications_applicationmodel`.`problem`, `applications_applicationmodel`.`contact_id`, `applications_applicationmodel`.`client_id`, `applications_applicationmodel`.`engineer_id`, `applications_applicationmodel`.`pubdate`, `applications_applicationmodel`.`status_id`, `applications_applicationmodel`.`creator_id`, `applications_applicationmodel`.`changed` FROM `applications_applicationmodel` WHERE `applications_applicationmodel`.`id` = 160950 LIMIT 21; args=(160950,)
(0.000) SELECT `applications_applicationmodel`.`id`, `applications_applicationmodel`.`priority_id`, `applications_applicationmodel`.`equipment_id`, `applications_applicationmodel`.`problem`, `applications_applicationmodel`.`contact_id`, `applications_applicationmodel`.`client_id`, `applications_applicationmodel`.`engineer_id`, `applications_applicationmodel`.`pubdate`, `applications_applicationmodel`.`status_id`, `applications_applicationmodel`.`creator_id`, `applications_applicationmodel`.`changed` FROM `applications_applicationmodel` WHERE `applications_applicationmodel`.`id` = 160965 LIMIT 21; args=(160965,)
(0.000) SELECT `applications_applicationmodel`.`id`, `applications_applicationmodel`.`priority_id`, `applications_applicationmodel`.`equipment_id`, `applications_applicationmodel`.`problem`, `applications_applicationmodel`.`contact_id`, `applications_applicationmodel`.`client_id`, `applications_applicationmodel`.`engineer_id`, `applications_applicationmodel`.`pubdate`, `applications_applicationmodel`.`status_id`, `applications_applicationmodel`.`creator_id`, `applications_applicationmodel`.`changed` FROM `applications_applicationmodel` WHERE `applications_applicationmodel`.`id` = 160965 LIMIT 21; args=(160965,)
(0.000) SELECT `applications_applicationmodel`.`id`, `applications_applicationmodel`.`priority_id`, `applications_applicationmodel`.`equipment_id`, `applications_applicationmodel`.`problem`, `applications_applicationmodel`.`contact_id`, `applications_applicationmodel`.`client_id`, `applications_applicationmodel`.`engineer_id`, `applications_applicationmodel`.`pubdate`, `applications_applicationmodel`.`status_id`, `applications_applicationmodel`.`creator_id`, `applications_applicationmodel`.`changed` FROM `applications_applicationmodel` WHERE `applications_applicationmodel`.`id` = 160965 LIMIT 21; args=(160965,)
(0.000) SELECT `applications_applicationmodel`.`id`, `applications_applicationmodel`.`priority_id`, `applications_applicationmodel`.`equipment_id`, `applications_applicationmodel`.`problem`, `applications_applicationmodel`.`contact_id`, `applications_applicationmodel`.`client_id`, `applications_applicationmodel`.`engineer_id`, `applications_applicationmodel`.`pubdate`, `applications_applicationmodel`.`status_id`, `applications_applicationmodel`.`creator_id`, `applications_applicationmodel`.`changed` FROM `applications_applicationmodel` WHERE `applications_applicationmodel`.`id` = 160889 LIMIT 21; args=(160889,)
(0.000) SELECT `applications_applicationmodel`.`id`, `applications_applicationmodel`.`priority_id`, `applications_applicationmodel`.`equipment_id`, `applications_applicationmodel`.`problem`, `applications_applicationmodel`.`contact_id`, `applications_applicationmodel`.`client_id`, `applications_applicationmodel`.`engineer_id`, `applications_applicationmodel`.`pubdate`, `applications_applicationmodel`.`status_id`, `applications_applicationmodel`.`creator_id`, `applications_applicationmodel`.`changed` FROM `applications_applicationmodel` WHERE `applications_applicationmodel`.`id` = 160964 LIMIT 21; args=(160964,)
(0.000) SELECT `applications_applicationmodel`.`id`, `applications_applicationmodel`.`priority_id`, `applications_applicationmodel`.`equipment_id`, `applications_applicationmodel`.`problem`, `applications_applicationmodel`.`contact_id`, `applications_applicationmodel`.`client_id`, `applications_applicationmodel`.`engineer_id`, `applications_applicationmodel`.`pubdate`, `applications_applicationmodel`.`status_id`, `applications_applicationmodel`.`creator_id`, `applications_applicationmodel`.`changed` FROM `applications_applicationmodel` WHERE `applications_applicationmodel`.`id` = 160964 LIMIT 21; args=(160964,)
(0.000) SELECT `applications_applicationmodel`.`id`, `applications_applicationmodel`.`priority_id`, `applications_applicationmodel`.`equipment_id`, `applications_applicationmodel`.`problem`, `applications_applicationmodel`.`contact_id`, `applications_applicationmodel`.`client_id`, `applications_applicationmodel`.`engineer_id`, `applications_applicationmodel`.`pubdate`, `applications_applicationmodel`.`status_id`, `applications_applicationmodel`.`creator_id`, `applications_applicationmodel`.`changed` FROM `applications_applicationmodel` WHERE `applications_applicationmodel`.`id` = 160964 LIMIT 21; args=(160964,)
(0.000) SELECT `applications_applicationmodel`.`id`, `applications_applicationmodel`.`priority_id`, `applications_applicationmodel`.`equipment_id`, `applications_applicationmodel`.`problem`, `applications_applicationmodel`.`contact_id`, `applications_applicationmodel`.`client_id`, `applications_applicationmodel`.`engineer_id`, `applications_applicationmodel`.`pubdate`, `applications_applicationmodel`.`status_id`, `applications_applicationmodel`.`creator_id`, `applications_applicationmodel`.`changed` FROM `applications_applicationmodel` WHERE `applications_applicationmodel`.`id` = 160960 LIMIT 21; args=(160960,)
(0.000) SELECT `applications_applicationmodel`.`id`, `applications_applicationmodel`.`priority_id`, `applications_applicationmodel`.`equipment_id`, `applications_applicationmodel`.`problem`, `applications_applicationmodel`.`contact_id`, `applications_applicationmodel`.`client_id`, `applications_applicationmodel`.`engineer_id`, `applications_applicationmodel`.`pubdate`, `applications_applicationmodel`.`status_id`, `applications_applicationmodel`.`creator_id`, `applications_applicationmodel`.`changed` FROM `applications_applicationmodel` WHERE `applications_applicationmodel`.`id` = 160956 LIMIT 21; args=(160956,)
(0.000) SELECT `applications_applicationmodel`.`id`, `applications_applicationmodel`.`priority_id`, `applications_applicationmodel`.`equipment_id`, `applications_applicationmodel`.`problem`, `applications_applicationmodel`.`contact_id`, `applications_applicationmodel`.`client_id`, `applications_applicationmodel`.`engineer_id`, `applications_applicationmodel`.`pubdate`, `applications_applicationmodel`.`status_id`, `applications_applicationmodel`.`creator_id`, `applications_applicationmodel`.`changed` FROM `applications_applicationmodel` WHERE `applications_applicationmodel`.`id` = 160963 LIMIT 21; args=(160963,)
(0.000) SELECT `applications_applicationmodel`.`id`, `applications_applicationmodel`.`priority_id`, `applications_applicationmodel`.`equipment_id`, `applications_applicationmodel`.`problem`, `applications_applicationmodel`.`contact_id`, `applications_applicationmodel`.`client_id`, `applications_applicationmodel`.`engineer_id`, `applications_applicationmodel`.`pubdate`, `applications_applicationmodel`.`status_id`, `applications_applicationmodel`.`creator_id`, `applications_applicationmodel`.`changed` FROM `applications_applicationmodel` WHERE `applications_applicationmodel`.`id` = 160963 LIMIT 21; args=(160963,)
(0.000) SELECT `applications_applicationmodel`.`id`, `applications_applicationmodel`.`priority_id`, `applications_applicationmodel`.`equipment_id`, `applications_applicationmodel`.`problem`, `applications_applicationmodel`.`contact_id`, `applications_applicationmodel`.`client_id`, `applications_applicationmodel`.`engineer_id`, `applications_applicationmodel`.`pubdate`, `applications_applicationmodel`.`status_id`, `applications_applicationmodel`.`creator_id`, `applications_applicationmodel`.`changed` FROM `applications_applicationmodel` WHERE `applications_applicationmodel`.`id` = 160963 LIMIT 21; args=(160963,)
(0.000) SELECT `applications_applicationmodel`.`id`, `applications_applicationmodel`.`priority_id`, `applications_applicationmodel`.`equipment_id`, `applications_applicationmodel`.`problem`, `applications_applicationmodel`.`contact_id`, `applications_applicationmodel`.`client_id`, `applications_applicationmodel`.`engineer_id`, `applications_applicationmodel`.`pubdate`, `applications_applicationmodel`.`status_id`, `applications_applicationmodel`.`creator_id`, `applications_applicationmodel`.`changed` FROM `applications_applicationmodel` WHERE `applications_applicationmodel`.`id` = 160963 LIMIT 21; args=(160963,)
(0.000) SELECT `applications_applicationmodel`.`id`, `applications_applicationmodel`.`priority_id`, `applications_applicationmodel`.`equipment_id`, `applications_applicationmodel`.`problem`, `applications_applicationmodel`.`contact_id`, `applications_applicationmodel`.`client_id`, `applications_applicationmodel`.`engineer_id`, `applications_applicationmodel`.`pubdate`, `applications_applicationmodel`.`status_id`, `applications_applicationmodel`.`creator_id`, `applications_applicationmodel`.`changed` FROM `applications_applicationmodel` WHERE `applications_applicationmodel`.`id` = 160963 LIMIT 21; args=(160963,)
(0.000) SELECT `applications_applicationmodel`.`id`, `applications_applicationmodel`.`priority_id`, `applications_applicationmodel`.`equipment_id`, `applications_applicationmodel`.`problem`, `applications_applicationmodel`.`contact_id`, `applications_applicationmodel`.`client_id`, `applications_applicationmodel`.`engineer_id`, `applications_applicationmodel`.`pubdate`, `applications_applicationmodel`.`status_id`, `applications_applicationmodel`.`creator_id`, `applications_applicationmodel`.`changed` FROM `applications_applicationmodel` WHERE `applications_applicationmodel`.`id` = 160963 LIMIT 21; args=(160963,)
(0.000) SELECT `applications_applicationmodel`.`id`, `applications_applicationmodel`.`priority_id`, `applications_applicationmodel`.`equipment_id`, `applications_applicationmodel`.`problem`, `applications_applicationmodel`.`contact_id`, `applications_applicationmodel`.`client_id`, `applications_applicationmodel`.`engineer_id`, `applications_applicationmodel`.`pubdate`, `applications_applicationmodel`.`status_id`, `applications_applicationmodel`.`creator_id`, `applications_applicationmodel`.`changed` FROM `applications_applicationmodel` WHERE `applications_applicationmodel`.`id` = 160963 LIMIT 21; args=(160963,)
(0.000) SELECT `applications_applicationmodel`.`id`, `applications_applicationmodel`.`priority_id`, `applications_applicationmodel`.`equipment_id`, `applications_applicationmodel`.`problem`, `applications_applicationmodel`.`contact_id`, `applications_applicationmodel`.`client_id`, `applications_applicationmodel`.`engineer_id`, `applications_applicationmodel`.`pubdate`, `applications_applicationmodel`.`status_id`, `applications_applicationmodel`.`creator_id`, `applications_applicationmodel`.`changed` FROM `applications_applicationmodel` WHERE `applications_applicationmodel`.`id` = 160963 LIMIT 21; args=(160963,)
(0.000) SELECT `applications_applicationmodel`.`id`, `applications_applicationmodel`.`priority_id`, `applications_applicationmodel`.`equipment_id`, `applications_applicationmodel`.`problem`, `applications_applicationmodel`.`contact_id`, `applications_applicationmodel`.`client_id`, `applications_applicationmodel`.`engineer_id`, `applications_applicationmodel`.`pubdate`, `applications_applicationmodel`.`status_id`, `applications_applicationmodel`.`creator_id`, `applications_applicationmodel`.`changed` FROM `applications_applicationmodel` WHERE `applications_applicationmodel`.`id` = 160952 LIMIT 21; args=(160952,)
(0.000) SELECT `applications_applicationmodel`.`id`, `applications_applicationmodel`.`priority_id`, `applications_applicationmodel`.`equipment_id`, `applications_applicationmodel`.`problem`, `applications_applicationmodel`.`contact_id`, `applications_applicationmodel`.`client_id`, `applications_applicationmodel`.`engineer_id`, `applications_applicationmodel`.`pubdate`, `applications_applicationmodel`.`status_id`, `applications_applicationmodel`.`creator_id`, `applications_applicationmodel`.`changed` FROM `applications_applicationmodel` WHERE `applications_applicationmodel`.`id` = 160952 LIMIT 21; args=(160952,)
(0.000) SELECT `applications_applicationmodel`.`id`, `applications_applicationmodel`.`priority_id`, `applications_applicationmodel`.`equipment_id`, `applications_applicationmodel`.`problem`, `applications_applicationmodel`.`contact_id`, `applications_applicationmodel`.`client_id`, `applications_applicationmodel`.`engineer_id`, `applications_applicationmodel`.`pubdate`, `applications_applicationmodel`.`status_id`, `applications_applicationmodel`.`creator_id`, `applications_applicationmodel`.`changed` FROM `applications_applicationmodel` WHERE `applications_applicationmodel`.`id` = 160893 LIMIT 21; args=(160893,)
(0.000) SELECT `applications_applicationmodel`.`id`, `applications_applicationmodel`.`priority_id`, `applications_applicationmodel`.`equipment_id`, `applications_applicationmodel`.`problem`, `applications_applicationmodel`.`contact_id`, `applications_applicationmodel`.`client_id`, `applications_applicationmodel`.`engineer_id`, `applications_applicationmodel`.`pubdate`, `applications_applicationmodel`.`status_id`, `applications_applicationmodel`.`creator_id`, `applications_applicationmodel`.`changed` FROM `applications_applicationmodel` WHERE `applications_applicationmodel`.`id` = 160893 LIMIT 21; args=(160893,)
(0.000) SELECT `applications_applicationmodel`.`id`, `applications_applicationmodel`.`priority_id`, `applications_applicationmodel`.`equipment_id`, `applications_applicationmodel`.`problem`, `applications_applicationmodel`.`contact_id`, `applications_applicationmodel`.`client_id`, `applications_applicationmodel`.`engineer_id`, `applications_applicationmodel`.`pubdate`, `applications_applicationmodel`.`status_id`, `applications_applicationmodel`.`creator_id`, `applications_applicationmodel`.`changed` FROM `applications_applicationmodel` WHERE `applications_applicationmodel`.`id` = 160953 LIMIT 21; args=(160953,)
(0.000) SELECT `applications_applicationmodel`.`id`, `applications_applicationmodel`.`priority_id`, `applications_applicationmodel`.`equipment_id`, `applications_applicationmodel`.`problem`, `applications_applicationmodel`.`contact_id`, `applications_applicationmodel`.`client_id`, `applications_applicationmodel`.`engineer_id`, `applications_applicationmodel`.`pubdate`, `applications_applicationmodel`.`status_id`, `applications_applicationmodel`.`creator_id`, `applications_applicationmodel`.`changed` FROM `applications_applicationmodel` WHERE `applications_applicationmodel`.`id` = 160962 LIMIT 21; args=(160962,)
(0.000) SELECT `applications_applicationmodel`.`id`, `applications_applicationmodel`.`priority_id`, `applications_applicationmodel`.`equipment_id`, `applications_applicationmodel`.`problem`, `applications_applicationmodel`.`contact_id`, `applications_applicationmodel`.`client_id`, `applications_applicationmodel`.`engineer_id`, `applications_applicationmodel`.`pubdate`, `applications_applicationmodel`.`status_id`, `applications_applicationmodel`.`creator_id`, `applications_applicationmodel`.`changed` FROM `applications_applicationmodel` WHERE `applications_applicationmodel`.`id` = 160942 LIMIT 21; args=(160942,)
(0.000) SELECT `applications_applicationmodel`.`id`, `applications_applicationmodel`.`priority_id`, `applications_applicationmodel`.`equipment_id`, `applications_applicationmodel`.`problem`, `applications_applicationmodel`.`contact_id`, `applications_applicationmodel`.`client_id`, `applications_applicationmodel`.`engineer_id`, `applications_applicationmodel`.`pubdate`, `applications_applicationmodel`.`status_id`, `applications_applicationmodel`.`creator_id`, `applications_applicationmodel`.`changed` FROM `applications_applicationmodel` WHERE `applications_applicationmodel`.`id` = 160929 LIMIT 21; args=(160929,)
(0.000) SELECT `applications_applicationmodel`.`id`, `applications_applicationmodel`.`priority_id`, `applications_applicationmodel`.`equipment_id`, `applications_applicationmodel`.`problem`, `applications_applicationmodel`.`contact_id`, `applications_applicationmodel`.`client_id`, `applications_applicationmodel`.`engineer_id`, `applications_applicationmodel`.`pubdate`, `applications_applicationmodel`.`status_id`, `applications_applicationmodel`.`creator_id`, `applications_applicationmodel`.`changed` FROM `applications_applicationmodel` WHERE `applications_applicationmodel`.`id` = 160954 LIMIT 21; args=(160954,)
(0.000) SELECT `applications_applicationmodel`.`id`, `applications_applicationmodel`.`priority_id`, `applications_applicationmodel`.`equipment_id`, `applications_applicationmodel`.`problem`, `applications_applicationmodel`.`contact_id`, `applications_applicationmodel`.`client_id`, `applications_applicationmodel`.`engineer_id`, `applications_applicationmodel`.`pubdate`, `applications_applicationmodel`.`status_id`, `applications_applicationmodel`.`creator_id`, `applications_applicationmodel`.`changed` FROM `applications_applicationmodel` WHERE `applications_applicationmodel`.`id` = 160949 LIMIT 21; args=(160949,)
(0.000) SELECT `applications_applicationmodel`.`id`, `applications_applicationmodel`.`priority_id`, `applications_applicationmodel`.`equipment_id`, `applications_applicationmodel`.`problem`, `applications_applicationmodel`.`contact_id`, `applications_applicationmodel`.`client_id`, `applications_applicationmodel`.`engineer_id`, `applications_applicationmodel`.`pubdate`, `applications_applicationmodel`.`status_id`, `applications_applicationmodel`.`creator_id`, `applications_applicationmodel`.`changed` FROM `applications_applicationmodel` WHERE `applications_applicationmodel`.`id` = 160938 LIMIT 21; args=(160938,)
(0.000) SELECT `applications_applicationmodel`.`id`, `applications_applicationmodel`.`priority_id`, `applications_applicationmodel`.`equipment_id`, `applications_applicationmodel`.`problem`, `applications_applicationmodel`.`contact_id`, `applications_applicationmodel`.`client_id`, `applications_applicationmodel`.`engineer_id`, `applications_applicationmodel`.`pubdate`, `applications_applicationmodel`.`status_id`, `applications_applicationmodel`.`creator_id`, `applications_applicationmodel`.`changed` FROM `applications_applicationmodel` WHERE `applications_applicationmodel`.`id` = 160929 LIMIT 21; args=(160929,)
(0.000) SELECT `applications_applicationmodel`.`id`, `applications_applicationmodel`.`priority_id`, `applications_applicationmodel`.`equipment_id`, `applications_applicationmodel`.`problem`, `applications_applicationmodel`.`contact_id`, `applications_applicationmodel`.`client_id`, `applications_applicationmodel`.`engineer_id`, `applications_applicationmodel`.`pubdate`, `applications_applicationmodel`.`status_id`, `applications_applicationmodel`.`creator_id`, `applications_applicationmodel`.`changed` FROM `applications_applicationmodel` WHERE `applications_applicationmodel`.`id` = 160961 LIMIT 21; args=(160961,)
(0.000) SELECT `applications_applicationmodel`.`id`, `applications_applicationmodel`.`priority_id`, `applications_applicationmodel`.`equipment_id`, `applications_applicationmodel`.`problem`, `applications_applicationmodel`.`contact_id`, `applications_applicationmodel`.`client_id`, `applications_applicationmodel`.`engineer_id`, `applications_applicationmodel`.`pubdate`, `applications_applicationmodel`.`status_id`, `applications_applicationmodel`.`creator_id`, `applications_applicationmodel`.`changed` FROM `applications_applicationmodel` WHERE `applications_applicationmodel`.`id` = 160961 LIMIT 21; args=(160961,)
(0.000) SELECT `applications_applicationmodel`.`id`, `applications_applicationmodel`.`priority_id`, `applications_applicationmodel`.`equipment_id`, `applications_applicationmodel`.`problem`, `applications_applicationmodel`.`contact_id`, `applications_applicationmodel`.`client_id`, `applications_applicationmodel`.`engineer_id`, `applications_applicationmodel`.`pubdate`, `applications_applicationmodel`.`status_id`, `applications_applicationmodel`.`creator_id`, `applications_applicationmodel`.`changed` FROM `applications_applicationmodel` WHERE `applications_applicationmodel`.`id` = 160961 LIMIT 21; args=(160961,)
(0.000) SELECT `applications_applicationmodel`.`id`, `applications_applicationmodel`.`priority_id`, `applications_applicationmodel`.`equipment_id`, `applications_applicationmodel`.`problem`, `applications_applicationmodel`.`contact_id`, `applications_applicationmodel`.`client_id`, `applications_applicationmodel`.`engineer_id`, `applications_applicationmodel`.`pubdate`, `applications_applicationmodel`.`status_id`, `applications_applicationmodel`.`creator_id`, `applications_applicationmodel`.`changed` FROM `applications_applicationmodel` WHERE `applications_applicationmodel`.`id` = 160960 LIMIT 21; args=(160960,)
(0.000) SELECT `applications_applicationmodel`.`id`, `applications_applicationmodel`.`priority_id`, `applications_applicationmodel`.`equipment_id`, `applications_applicationmodel`.`problem`, `applications_applicationmodel`.`contact_id`, `applications_applicationmodel`.`client_id`, `applications_applicationmodel`.`engineer_id`, `applications_applicationmodel`.`pubdate`, `applications_applicationmodel`.`status_id`, `applications_applicationmodel`.`creator_id`, `applications_applicationmodel`.`changed` FROM `applications_applicationmodel` WHERE `applications_applicationmodel`.`id` = 160955 LIMIT 21; args=(160955,)
(0.000) SELECT `applications_applicationmodel`.`id`, `applications_applicationmodel`.`priority_id`, `applications_applicationmodel`.`equipment_id`, `applications_applicationmodel`.`problem`, `applications_applicationmodel`.`contact_id`, `applications_applicationmodel`.`client_id`, `applications_applicationmodel`.`engineer_id`, `applications_applicationmodel`.`pubdate`, `applications_applicationmodel`.`status_id`, `applications_applicationmodel`.`creator_id`, `applications_applicationmodel`.`changed` FROM `applications_applicationmodel` WHERE `applications_applicationmodel`.`id` = 160921 LIMIT 21; args=(160921,)
(0.000) SELECT `applications_applicationmodel`.`id`, `applications_applicationmodel`.`priority_id`, `applications_applicationmodel`.`equipment_id`, `applications_applicationmodel`.`problem`, `applications_applicationmodel`.`contact_id`, `applications_applicationmodel`.`client_id`, `applications_applicationmodel`.`engineer_id`, `applications_applicationmodel`.`pubdate`, `applications_applicationmodel`.`status_id`, `applications_applicationmodel`.`creator_id`, `applications_applicationmodel`.`changed` FROM `applications_applicationmodel` WHERE `applications_applicationmodel`.`id` = 160927 LIMIT 21; args=(160927,)
(0.000) SET SESSION TRANSACTION ISOLATION LEVEL READ COMMITTED; args=None
(0.000) SELECT `django_session`.`session_key`, `django_session`.`session_data`, `django_session`.`expire_date` FROM `django_session` WHERE (`django_session`.`expire_date` > '2025-04-02 20:45:17.719713' AND `django_session`.`session_key` = 'ptj932rg3e6r7qvzsvzfoorei9j2k9ds') LIMIT 21; args=('2025-04-02 20:45:17.719713', 'ptj932rg3e6r7qvzsvzfoorei9j2k9ds')
(0.000) SELECT `accounts_user`.`id`, `accounts_user`.`password`, `accounts_user`.`last_login`, `accounts_user`.`is_superuser`, `accounts_user`.`first_name`, `accounts_user`.`last_name`, `accounts_user`.`is_staff`, `accounts_user`.`is_active`, `accounts_user`.`date_joined`, `accounts_user`.`email`, `accounts_user`.`inn`, `accounts_user`.`organization_id`, `accounts_user`.`address`, `accounts_user`.`phone`, `accounts_user`.`telegram` FROM `accounts_user` WHERE `accounts_user`.`id` = 1 LIMIT 21; args=(1,)
(0.003) SELECT COUNT(*) FROM (SELECT `applications_applicationmodel`.`id` AS Col1, `applications_applicationmodel`.`equipment_id` AS Col2, `applications_applicationmodel`.`status_id` AS Col3, `applications_applicationmodel`.`problem` AS Col4, `applications_applicationmodel`.`priority_id` AS Col5, `applications_applicationmodel`.`engineer_id` AS Col6, CONCAT_WS('', `equipments_brandmodel`.`name`, CONCAT_WS('', ' ', CONCAT_WS('', `equipments_modelmodel`.`name`, CONCAT_WS('', ' (S/n:', CONCAT_WS('', `contracts_contractequipmentmodel`.`sn`, ')'))))) AS `equipment_name`, `applications_statusmodel`.`name` AS `status_name`, IFNULL(`applications_appprioritymodel`.`name`, '') AS `priority_name`, T10.`organization_id` AS `organization_id`, `accounts_organizationmodel`.`name` AS `organization_name`, T13.`organization_id` AS `end_user_organization_id`, IFNULL(T14.`name`, '') AS `end_user_organization_name`, TRIM(T15.`last_name`) AS `engineer_last_name`, CASE WHEN (`applications_applicationmodel`.`engineer_id` IS NOT NULL AND T15.`last_name` IS NOT NULL AND NOT (TRIM(T15.`last_name`) = '')) THEN CONCAT_WS('', T15.`first_name`, CONCAT_WS('', ' ', T15.`last_name`)) WHEN TRIM(T15.`last_name`) = '' THEN T15.`email` ELSE '' END AS `engineer_name`, DATE_FORMAT(CONVERT_TZ(`applications_applicationmodel`.`pubdate`, '+00:00', '+03:00'), '%d.%m.%Y %H:%i') AS `formatted_date` FROM `applications_applicationmodel` LEFT OUTER JOIN `contracts_contractequipmentmodel` ON (`applications_applicationmodel`.`equipment_id` = `contracts_contractequipmentmodel`.`id`) LEFT OUTER JOIN `equipments_equipmentmodel` ON (`contracts_contractequipmentmodel`.`equipment_id` = `equipments_equipmentmodel`.`id`) LEFT OUTER JOIN `equipments_brandmodel` ON (`equipments_equipmentmodel`.`brand_id` = `equipments_brandmodel`.`id`) LEFT OUTER JOIN `equipments_modelmodel` ON (`equipments_equipmentmodel`.`model_id` = `equipments_modelmodel`.`id`) LEFT OUTER JOIN `applications_statusmodel` ON (`applications_applicationmodel`.`status_id` = `applications_statusmodel`.`id`) LEFT OUTER JOIN `applications_appprioritymodel` ON (`applications_applicationmodel`.`priority_id` = `applications_appprioritymodel`.`id`) LEFT OUTER JOIN `contracts_contractmodel` ON (`contracts_contractequipmentmodel`.`contract_id` = `contracts_contractmodel`.`id`) LEFT OUTER JOIN `accounts_user` T10 ON (`contracts_contractmodel`.`client_id` = T10.`id`) LEFT OUTER JOIN `accounts_organizationmodel` ON (T10.`organization_id` = `accounts_organizationmodel`.`id`) LEFT OUTER JOIN `contracts_contractmodel_end_users` ON (`contracts_contractmodel`.`id` = `contracts_contractmodel_end_users`.`contractmodel_id`) LEFT OUTER JOIN `accounts_user` T13 ON (`contracts_contractmodel_end_users`.`user_id` = T13.`id`) LEFT OUTER JOIN `accounts_organizationmodel` T14 ON (T13.`organization_id` = T14.`id`) LEFT OUTER JOIN `accounts_user` T15 ON (`applications_applicationmodel`.`engineer_id` = T15.`id`)) subquery; args=(' ', ' (S/n:', ')', '', '', '', ' ', '', '', '+00:00', '+03:00', '%d.%m.%Y %H:%i')
(0.006) SELECT `applications_applicationmodel`.`id`, `applications_applicationmodel`.`equipment_id`, `applications_applicationmodel`.`status_id`, `applications_applicationmodel`.`problem`, `applications_applicationmodel`.`priority_id`, `applications_applicationmodel`.`engineer_id`, CONCAT_WS('', `equipments_brandmodel`.`name`, CONCAT_WS('', ' ', CONCAT_WS('', `equipments_modelmodel`.`name`, CONCAT_WS('', ' (S/n:', CONCAT_WS('', `contracts_contractequipmentmodel`.`sn`, ')'))))) AS `equipment_name`, `applications_statusmodel`.`name` AS `status_name`, IFNULL(`applications_appprioritymodel`.`name`, '') AS `priority_name`, T10.`organization_id` AS `organization_id`, `accounts_organizationmodel`.`name` AS `organization_name`, T13.`organization_id` AS `end_user_organization_id`, IFNULL(T14.`name`, '') AS `end_user_organization_name`, TRIM(T15.`last_name`) AS `engineer_last_name`, CASE WHEN (`applications_applicationmodel`.`engineer_id` IS NOT NULL AND T15.`last_name` IS NOT NULL AND NOT (TRIM(T15.`last_name`) = '')) THEN CONCAT_WS('', T15.`first_name`, CONCAT_WS('', ' ', T15.`last_name`)) WHEN TRIM(T15.`last_name`) = '' THEN T15.`email` ELSE '' END AS `engineer_name`, DATE_FORMAT(CONVERT_TZ(`applications_applicationmodel`.`pubdate`, '+00:00', '+03:00'), '%d.%m.%Y %H:%i') AS `formatted_date` FROM `applications_applicationmodel` LEFT OUTER JOIN `contracts_contractequipmentmodel` ON (`applications_applicationmodel`.`equipment_id` = `contracts_contractequipmentmodel`.`id`) LEFT OUTER JOIN `equipments_equipmentmodel` ON (`contracts_contractequipmentmodel`.`equipment_id` = `equipments_equipmentmodel`.`id`) LEFT OUTER JOIN `equipments_brandmodel` ON (`equipments_equipmentmodel`.`brand_id` = `equipments_brandmodel`.`id`) LEFT OUTER JOIN `equipments_modelmodel` ON (`equipments_equipmentmodel`.`model_id` = `equipments_modelmodel`.`id`) LEFT OUTER JOIN `applications_statusmodel` ON (`applications_applicationmodel`.`status_id` = `applications_statusmodel`.`id`) LEFT OUTER JOIN `applications_appprioritymodel` ON (`applications_applicationmodel`.`priority_id` = `applications_appprioritymodel`.`id`) LEFT OUTER JOIN `contracts_contractmodel` ON (`contracts_contractequipmentmodel`.`contract_id` = `contracts_contractmodel`.`id`) LEFT OUTER JOIN `accounts_user` T10 ON (`contracts_contractmodel`.`client_id` = T10.`id`) LEFT OUTER JOIN `accounts_organizationmodel` ON (T10.`organization_id` = `accounts_organizationmodel`.`id`) LEFT OUTER JOIN `contracts_contractmodel_end_users` ON (`contracts_contractmodel`.`id` = `contracts_contractmodel_end_users`.`contractmodel_id`) LEFT OUTER JOIN `accounts_user` T13 ON (`contracts_contractmodel_end_users`.`user_id` = T13.`id`) LEFT OUTER JOIN `accounts_organizationmodel` T14 ON (T13.`organization_id` = T14.`id`) LEFT OUTER JOIN `accounts_user` T15 ON (`applications_applicationmodel`.`engineer_id` = T15.`id`) ORDER BY `applications_statusmodel`.`priority` ASC, `applications_applicationmodel`.`id` DESC LIMIT 25; args=(' ', ' (S/n:', ')', '', '', '', ' ', '', '', '+00:00', '+03:00', '%d.%m.%Y %H:%i')
(0.000) SELECT `applications_statusmodel`.`id`, `applications_statusmodel`.`name`, `applications_statusmodel`.`priority` FROM `applications_statusmodel` ORDER BY `applications_statusmodel`.`priority` ASC, `applications_statusmodel`.`name` ASC; args=()
(0.000) SELECT `applications_appprioritymodel`.`id`, `applications_appprioritymodel`.`name`, `applications_appprioritymodel`.`priority` FROM `applications_appprioritymodel` ORDER BY `applications_appprioritymodel`.`priority` ASC, `applications_appprioritymodel`.`name` ASC; args=()
(0.012) SELECT COUNT(*) FROM (SELECT '1' AS `new` FROM `applications_apphistorymodel` LEFT OUTER JOIN `applications_apphistoryviewedmodel` ON (`applications_apphistorymodel`.`id` = `applications_apphistoryviewedmodel`.`history_id`) WHERE ((`applications_apphistorymodel`.`type` = 1 OR `applications_apphistorymodel`.`type` = 2 OR `applications_apphistorymodel`.`type` = 5 OR `applications_apphistorymodel`.`type` = 6) AND (`applications_apphistoryviewedmodel`.`id` IS NULL OR NOT EXISTS(SELECT (1) AS `a` FROM `applications_apphistoryviewedmodel` U0 WHERE (U0.`history_id` = `applications_apphistorymodel`.`id` AND U0.`user_id` = 1) LIMIT 1)))) subquery; args=('1', 1, 2, 5, 6, 1)
(0.013) SELECT `applications_apphistorymodel`.`id`, `applications_apphistorymodel`.`type`, `applications_apphistorymodel`.`text`, `applications_apphistorymodel`.`pubdate`, `applications_apphistorymodel`.`number`, `applications_apphistorymodel`.`application_id`, `applications_apphistorymodel`.`author_id`, '1' AS `new` FROM `applications_apphistorymodel` LEFT OUTER JOIN `applications_apphistoryviewedmodel` ON (`applications_apphistorymodel`.`id` = `applications_apphistoryviewedmodel`.`history_id`) WHERE ((`applications_apphistorymodel`.`type` = 1 OR `applications_apphistorymodel`.`type` = 2 OR `applications_apphistorymodel`.`type` = 5 OR `applications_apphistorymodel`.`type` = 6) AND (`applications_apphistoryviewedmodel`.`id` IS NULL OR NOT EXISTS(SELECT (1) AS `a` FROM `applications_apphistoryviewedmodel` U0 WHERE (U0.`history_id` = `applications_apphistorymodel`.`id` AND U0.`user_id` = 1) LIMIT 1))) ORDER BY `applications_apphistorymodel`.`pubdate` DESC; args=('1', 1, 2, 5, 6, 1)
(0.000) SELECT `applications_applicationmodel`.`id`, `applications_applicationmodel`.`priority_id`, `applications_applicationmodel`.`equipment_id`, `applications_applicationmodel`.`problem`, `applications_applicationmodel`.`contact_id`, `applications_applicationmodel`.`client_id`, `applications_applicationmodel`.`engineer_id`, `applications_applicationmodel`.`pubdate`, `applications_applicationmodel`.`status_id`, `applications_applicationmodel`.`creator_id`, `applications_applicationmodel`.`changed` FROM `applications_applicationmodel` WHERE `applications_applicationmodel`.`id` = 160971 LIMIT 21; args=(160971,)
(0.000) SELECT `applications_applicationmodel`.`id`, `applications_applicationmodel`.`priority_id`, `applications_applicationmodel`.`equipment_id`, `applications_applicationmodel`.`problem`, `applications_applicationmodel`.`contact_id`, `applications_applicationmodel`.`client_id`, `applications_applicationmodel`.`engineer_id`, `applications_applicationmodel`.`pubdate`, `applications_applicationmodel`.`status_id`, `applications_applicationmodel`.`creator_id`, `applications_applicationmodel`.`changed` FROM `applications_applicationmodel` WHERE `applications_applicationmodel`.`id` = 160971 LIMIT 21; args=(160971,)
(0.000) SELECT `applications_applicationmodel`.`id`, `applications_applicationmodel`.`priority_id`, `applications_applicationmodel`.`equipment_id`, `applications_applicationmodel`.`problem`, `applications_applicationmodel`.`contact_id`, `applications_applicationmodel`.`client_id`, `applications_applicationmodel`.`engineer_id`, `applications_applicationmodel`.`pubdate`, `applications_applicationmodel`.`status_id`, `applications_applicationmodel`.`creator_id`, `applications_applicationmodel`.`changed` FROM `applications_applicationmodel` WHERE `applications_applicationmodel`.`id` = 160971 LIMIT 21; args=(160971,)
(0.000) SELECT `applications_applicationmodel`.`id`, `applications_applicationmodel`.`priority_id`, `applications_applicationmodel`.`equipment_id`, `applications_applicationmodel`.`problem`, `applications_applicationmodel`.`contact_id`, `applications_applicationmodel`.`client_id`, `applications_applicationmodel`.`engineer_id`, `applications_applicationmodel`.`pubdate`, `applications_applicationmodel`.`status_id`, `applications_applicationmodel`.`creator_id`, `applications_applicationmodel`.`changed` FROM `applications_applicationmodel` WHERE `applications_applicationmodel`.`id` = 160971 LIMIT 21; args=(160971,)
(0.000) SELECT `applications_applicationmodel`.`id`, `applications_applicationmodel`.`priority_id`, `applications_applicationmodel`.`equipment_id`, `applications_applicationmodel`.`problem`, `applications_applicationmodel`.`contact_id`, `applications_applicationmodel`.`client_id`, `applications_applicationmodel`.`engineer_id`, `applications_applicationmodel`.`pubdate`, `applications_applicationmodel`.`status_id`, `applications_applicationmodel`.`creator_id`, `applications_applicationmodel`.`changed` FROM `applications_applicationmodel` WHERE `applications_applicationmodel`.`id` = 160971 LIMIT 21; args=(160971,)
(0.000) SELECT `applications_applicationmodel`.`id`, `applications_applicationmodel`.`priority_id`, `applications_applicationmodel`.`equipment_id`, `applications_applicationmodel`.`problem`, `applications_applicationmodel`.`contact_id`, `applications_applicationmodel`.`client_id`, `applications_applicationmodel`.`engineer_id`, `applications_applicationmodel`.`pubdate`, `applications_applicationmodel`.`status_id`, `applications_applicationmodel`.`creator_id`, `applications_applicationmodel`.`changed` FROM `applications_applicationmodel` WHERE `applications_applicationmodel`.`id` = 160971 LIMIT 21; args=(160971,)
(0.000) SELECT `applications_applicationmodel`.`id`, `applications_applicationmodel`.`priority_id`, `applications_applicationmodel`.`equipment_id`, `applications_applicationmodel`.`problem`, `applications_applicationmodel`.`contact_id`, `applications_applicationmodel`.`client_id`, `applications_applicationmodel`.`engineer_id`, `applications_applicationmodel`.`pubdate`, `applications_applicationmodel`.`status_id`, `applications_applicationmodel`.`creator_id`, `applications_applicationmodel`.`changed` FROM `applications_applicationmodel` WHERE `applications_applicationmodel`.`id` = 160971 LIMIT 21; args=(160971,)
(0.000) SELECT `applications_applicationmodel`.`id`, `applications_applicationmodel`.`priority_id`, `applications_applicationmodel`.`equipment_id`, `applications_applicationmodel`.`problem`, `applications_applicationmodel`.`contact_id`, `applications_applicationmodel`.`client_id`, `applications_applicationmodel`.`engineer_id`, `applications_applicationmodel`.`pubdate`, `applications_applicationmodel`.`status_id`, `applications_applicationmodel`.`creator_id`, `applications_applicationmodel`.`changed` FROM `applications_applicationmodel` WHERE `applications_applicationmodel`.`id` = 160971 LIMIT 21; args=(160971,)
(0.000) SELECT `applications_applicationmodel`.`id`, `applications_applicationmodel`.`priority_id`, `applications_applicationmodel`.`equipment_id`, `applications_applicationmodel`.`problem`, `applications_applicationmodel`.`contact_id`, `applications_applicationmodel`.`client_id`, `applications_applicationmodel`.`engineer_id`, `applications_applicationmodel`.`pubdate`, `applications_applicationmodel`.`status_id`, `applications_applicationmodel`.`creator_id`, `applications_applicationmodel`.`changed` FROM `applications_applicationmodel` WHERE `applications_applicationmodel`.`id` = 160971 LIMIT 21; args=(160971,)
(0.000) SELECT `applications_applicationmodel`.`id`, `applications_applicationmodel`.`priority_id`, `applications_applicationmodel`.`equipment_id`, `applications_applicationmodel`.`problem`, `applications_applicationmodel`.`contact_id`, `applications_applicationmodel`.`client_id`, `applications_applicationmodel`.`engineer_id`, `applications_applicationmodel`.`pubdate`, `applications_applicationmodel`.`status_id`, `applications_applicationmodel`.`creator_id`, `applications_applicationmodel`.`changed` FROM `applications_applicationmodel` WHERE `applications_applicationmodel`.`id` = 160971 LIMIT 21; args=(160971,)
(0.000) SELECT `applications_applicationmodel`.`id`, `applications_applicationmodel`.`priority_id`, `applications_applicationmodel`.`equipment_id`, `applications_applicationmodel`.`problem`, `applications_applicationmodel`.`contact_id`, `applications_applicationmodel`.`client_id`, `applications_applicationmodel`.`engineer_id`, `applications_applicationmodel`.`pubdate`, `applications_applicationmodel`.`status_id`, `applications_applicationmodel`.`creator_id`, `applications_applicationmodel`.`changed` FROM `applications_applicationmodel` WHERE `applications_applicationmodel`.`id` = 160971 LIMIT 21; args=(160971,)
(0.000) SELECT `applications_applicationmodel`.`id`, `applications_applicationmodel`.`priority_id`, `applications_applicationmodel`.`equipment_id`, `applications_applicationmodel`.`problem`, `applications_applicationmodel`.`contact_id`, `applications_applicationmodel`.`client_id`, `applications_applicationmodel`.`engineer_id`, `applications_applicationmodel`.`pubdate`, `applications_applicationmodel`.`status_id`, `applications_applicationmodel`.`creator_id`, `applications_applicationmodel`.`changed` FROM `applications_applicationmodel` WHERE `applications_applicationmodel`.`id` = 160971 LIMIT 21; args=(160971,)
(0.000) SELECT `applications_applicationmodel`.`id`, `applications_applicationmodel`.`priority_id`, `applications_applicationmodel`.`equipment_id`, `applications_applicationmodel`.`problem`, `applications_applicationmodel`.`contact_id`, `applications_applicationmodel`.`client_id`, `applications_applicationmodel`.`engineer_id`, `applications_applicationmodel`.`pubdate`, `applications_applicationmodel`.`status_id`, `applications_applicationmodel`.`creator_id`, `applications_applicationmodel`.`changed` FROM `applications_applicationmodel` WHERE `applications_applicationmodel`.`id` = 160971 LIMIT 21; args=(160971,)
(0.000) SELECT `applications_applicationmodel`.`id`, `applications_applicationmodel`.`priority_id`, `applications_applicationmodel`.`equipment_id`, `applications_applicationmodel`.`problem`, `applications_applicationmodel`.`contact_id`, `applications_applicationmodel`.`client_id`, `applications_applicationmodel`.`engineer_id`, `applications_applicationmodel`.`pubdate`, `applications_applicationmodel`.`status_id`, `applications_applicationmodel`.`creator_id`, `applications_applicationmodel`.`changed` FROM `applications_applicationmodel` WHERE `applications_applicationmodel`.`id` = 160971 LIMIT 21; args=(160971,)
(0.000) SELECT `applications_applicationmodel`.`id`, `applications_applicationmodel`.`priority_id`, `applications_applicationmodel`.`equipment_id`, `applications_applicationmodel`.`problem`, `applications_applicationmodel`.`contact_id`, `applications_applicationmodel`.`client_id`, `applications_applicationmodel`.`engineer_id`, `applications_applicationmodel`.`pubdate`, `applications_applicationmodel`.`status_id`, `applications_applicationmodel`.`creator_id`, `applications_applicationmodel`.`changed` FROM `applications_applicationmodel` WHERE `applications_applicationmodel`.`id` = 160971 LIMIT 21; args=(160971,)
Exception while resolving variable 'id' in template 'applications/list.html'.
Traceback (most recent call last):
  File "/var/www/html/django/integrator/integrator_env/lib/python3.6/site-packages/django/template/base.py", line 829, in _resolve_lookup
    current = current[bit]
TypeError: 'NoneType' object is not subscriptable

During handling of the above exception, another exception occurred:

Traceback (most recent call last):
  File "/var/www/html/django/integrator/integrator_env/lib/python3.6/site-packages/django/template/base.py", line 837, in _resolve_lookup
    current = getattr(current, bit)
AttributeError: 'NoneType' object has no attribute 'id'

During handling of the above exception, another exception occurred:

Traceback (most recent call last):
  File "/var/www/html/django/integrator/integrator_env/lib/python3.6/site-packages/django/template/base.py", line 843, in _resolve_lookup
    current = current[int(bit)]
ValueError: invalid literal for int() with base 10: 'id'

During handling of the above exception, another exception occurred:

Traceback (most recent call last):
  File "/var/www/html/django/integrator/integrator_env/lib/python3.6/site-packages/django/template/base.py", line 850, in _resolve_lookup
    (bit, current))  # missing attribute
django.template.base.VariableDoesNotExist: Failed lookup for key [id] in None
Exception while resolving variable 'id' in template 'applications/list.html'.
Traceback (most recent call last):
  File "/var/www/html/django/integrator/integrator_env/lib/python3.6/site-packages/django/template/base.py", line 829, in _resolve_lookup
    current = current[bit]
TypeError: 'NoneType' object is not subscriptable

During handling of the above exception, another exception occurred:

Traceback (most recent call last):
  File "/var/www/html/django/integrator/integrator_env/lib/python3.6/site-packages/django/template/base.py", line 837, in _resolve_lookup
    current = getattr(current, bit)
AttributeError: 'NoneType' object has no attribute 'id'

During handling of the above exception, another exception occurred:

Traceback (most recent call last):
  File "/var/www/html/django/integrator/integrator_env/lib/python3.6/site-packages/django/template/base.py", line 843, in _resolve_lookup
    current = current[int(bit)]
ValueError: invalid literal for int() with base 10: 'id'

During handling of the above exception, another exception occurred:

Traceback (most recent call last):
  File "/var/www/html/django/integrator/integrator_env/lib/python3.6/site-packages/django/template/base.py", line 850, in _resolve_lookup
    (bit, current))  # missing attribute
django.template.base.VariableDoesNotExist: Failed lookup for key [id] in None
Exception while resolving variable 'id' in template 'applications/list.html'.
Traceback (most recent call last):
  File "/var/www/html/django/integrator/integrator_env/lib/python3.6/site-packages/django/template/base.py", line 829, in _resolve_lookup
    current = current[bit]
TypeError: 'NoneType' object is not subscriptable

During handling of the above exception, another exception occurred:

Traceback (most recent call last):
  File "/var/www/html/django/integrator/integrator_env/lib/python3.6/site-packages/django/template/base.py", line 837, in _resolve_lookup
    current = getattr(current, bit)
AttributeError: 'NoneType' object has no attribute 'id'

During handling of the above exception, another exception occurred:

Traceback (most recent call last):
  File "/var/www/html/django/integrator/integrator_env/lib/python3.6/site-packages/django/template/base.py", line 843, in _resolve_lookup
    current = current[int(bit)]
ValueError: invalid literal for int() with base 10: 'id'

During handling of the above exception, another exception occurred:

Traceback (most recent call last):
  File "/var/www/html/django/integrator/integrator_env/lib/python3.6/site-packages/django/template/base.py", line 850, in _resolve_lookup
    (bit, current))  # missing attribute
django.template.base.VariableDoesNotExist: Failed lookup for key [id] in None
Exception while resolving variable 'id' in template 'applications/list.html'.
Traceback (most recent call last):
  File "/var/www/html/django/integrator/integrator_env/lib/python3.6/site-packages/django/template/base.py", line 829, in _resolve_lookup
    current = current[bit]
TypeError: 'NoneType' object is not subscriptable

During handling of the above exception, another exception occurred:

Traceback (most recent call last):
  File "/var/www/html/django/integrator/integrator_env/lib/python3.6/site-packages/django/template/base.py", line 837, in _resolve_lookup
    current = getattr(current, bit)
AttributeError: 'NoneType' object has no attribute 'id'

During handling of the above exception, another exception occurred:

Traceback (most recent call last):
  File "/var/www/html/django/integrator/integrator_env/lib/python3.6/site-packages/django/template/base.py", line 843, in _resolve_lookup
    current = current[int(bit)]
ValueError: invalid literal for int() with base 10: 'id'

During handling of the above exception, another exception occurred:

Traceback (most recent call last):
  File "/var/www/html/django/integrator/integrator_env/lib/python3.6/site-packages/django/template/base.py", line 850, in _resolve_lookup
    (bit, current))  # missing attribute
django.template.base.VariableDoesNotExist: Failed lookup for key [id] in None
Exception while resolving variable 'id' in template 'applications/list.html'.
Traceback (most recent call last):
  File "/var/www/html/django/integrator/integrator_env/lib/python3.6/site-packages/django/template/base.py", line 829, in _resolve_lookup
    current = current[bit]
TypeError: 'NoneType' object is not subscriptable

During handling of the above exception, another exception occurred:

Traceback (most recent call last):
  File "/var/www/html/django/integrator/integrator_env/lib/python3.6/site-packages/django/template/base.py", line 837, in _resolve_lookup
    current = getattr(current, bit)
AttributeError: 'NoneType' object has no attribute 'id'

During handling of the above exception, another exception occurred:

Traceback (most recent call last):
  File "/var/www/html/django/integrator/integrator_env/lib/python3.6/site-packages/django/template/base.py", line 843, in _resolve_lookup
    current = current[int(bit)]
ValueError: invalid literal for int() with base 10: 'id'

During handling of the above exception, another exception occurred:

Traceback (most recent call last):
  File "/var/www/html/django/integrator/integrator_env/lib/python3.6/site-packages/django/template/base.py", line 850, in _resolve_lookup
    (bit, current))  # missing attribute
django.template.base.VariableDoesNotExist: Failed lookup for key [id] in None
Exception while resolving variable 'id' in template 'applications/list.html'.
Traceback (most recent call last):
  File "/var/www/html/django/integrator/integrator_env/lib/python3.6/site-packages/django/template/base.py", line 829, in _resolve_lookup
    current = current[bit]
TypeError: 'NoneType' object is not subscriptable

During handling of the above exception, another exception occurred:

Traceback (most recent call last):
  File "/var/www/html/django/integrator/integrator_env/lib/python3.6/site-packages/django/template/base.py", line 837, in _resolve_lookup
    current = getattr(current, bit)
AttributeError: 'NoneType' object has no attribute 'id'

During handling of the above exception, another exception occurred:

Traceback (most recent call last):
  File "/var/www/html/django/integrator/integrator_env/lib/python3.6/site-packages/django/template/base.py", line 843, in _resolve_lookup
    current = current[int(bit)]
ValueError: invalid literal for int() with base 10: 'id'

During handling of the above exception, another exception occurred:

Traceback (most recent call last):
  File "/var/www/html/django/integrator/integrator_env/lib/python3.6/site-packages/django/template/base.py", line 850, in _resolve_lookup
    (bit, current))  # missing attribute
django.template.base.VariableDoesNotExist: Failed lookup for key [id] in None
Exception while resolving variable 'id' in template 'applications/list.html'.
Traceback (most recent call last):
  File "/var/www/html/django/integrator/integrator_env/lib/python3.6/site-packages/django/template/base.py", line 829, in _resolve_lookup
    current = current[bit]
TypeError: 'NoneType' object is not subscriptable

During handling of the above exception, another exception occurred:

Traceback (most recent call last):
  File "/var/www/html/django/integrator/integrator_env/lib/python3.6/site-packages/django/template/base.py", line 837, in _resolve_lookup
    current = getattr(current, bit)
AttributeError: 'NoneType' object has no attribute 'id'

During handling of the above exception, another exception occurred:

Traceback (most recent call last):
  File "/var/www/html/django/integrator/integrator_env/lib/python3.6/site-packages/django/template/base.py", line 843, in _resolve_lookup
    current = current[int(bit)]
ValueError: invalid literal for int() with base 10: 'id'

During handling of the above exception, another exception occurred:

Traceback (most recent call last):
  File "/var/www/html/django/integrator/integrator_env/lib/python3.6/site-packages/django/template/base.py", line 850, in _resolve_lookup
    (bit, current))  # missing attribute
django.template.base.VariableDoesNotExist: Failed lookup for key [id] in None
Exception while resolving variable 'id' in template 'applications/list.html'.
Traceback (most recent call last):
  File "/var/www/html/django/integrator/integrator_env/lib/python3.6/site-packages/django/template/base.py", line 829, in _resolve_lookup
    current = current[bit]
TypeError: 'NoneType' object is not subscriptable

During handling of the above exception, another exception occurred:

Traceback (most recent call last):
  File "/var/www/html/django/integrator/integrator_env/lib/python3.6/site-packages/django/template/base.py", line 837, in _resolve_lookup
    current = getattr(current, bit)
AttributeError: 'NoneType' object has no attribute 'id'

During handling of the above exception, another exception occurred:

Traceback (most recent call last):
  File "/var/www/html/django/integrator/integrator_env/lib/python3.6/site-packages/django/template/base.py", line 843, in _resolve_lookup
    current = current[int(bit)]
ValueError: invalid literal for int() with base 10: 'id'

During handling of the above exception, another exception occurred:

Traceback (most recent call last):
  File "/var/www/html/django/integrator/integrator_env/lib/python3.6/site-packages/django/template/base.py", line 850, in _resolve_lookup
    (bit, current))  # missing attribute
django.template.base.VariableDoesNotExist: Failed lookup for key [id] in None
Exception while resolving variable 'id' in template 'applications/list.html'.
Traceback (most recent call last):
  File "/var/www/html/django/integrator/integrator_env/lib/python3.6/site-packages/django/template/base.py", line 829, in _resolve_lookup
    current = current[bit]
TypeError: 'NoneType' object is not subscriptable

During handling of the above exception, another exception occurred:

Traceback (most recent call last):
  File "/var/www/html/django/integrator/integrator_env/lib/python3.6/site-packages/django/template/base.py", line 837, in _resolve_lookup
    current = getattr(current, bit)
AttributeError: 'NoneType' object has no attribute 'id'

During handling of the above exception, another exception occurred:

Traceback (most recent call last):
  File "/var/www/html/django/integrator/integrator_env/lib/python3.6/site-packages/django/template/base.py", line 843, in _resolve_lookup
    current = current[int(bit)]
ValueError: invalid literal for int() with base 10: 'id'

During handling of the above exception, another exception occurred:

Traceback (most recent call last):
  File "/var/www/html/django/integrator/integrator_env/lib/python3.6/site-packages/django/template/base.py", line 850, in _resolve_lookup
    (bit, current))  # missing attribute
django.template.base.VariableDoesNotExist: Failed lookup for key [id] in None
Exception while resolving variable 'id' in template 'applications/list.html'.
Traceback (most recent call last):
  File "/var/www/html/django/integrator/integrator_env/lib/python3.6/site-packages/django/template/base.py", line 829, in _resolve_lookup
    current = current[bit]
TypeError: 'NoneType' object is not subscriptable

During handling of the above exception, another exception occurred:

Traceback (most recent call last):
  File "/var/www/html/django/integrator/integrator_env/lib/python3.6/site-packages/django/template/base.py", line 837, in _resolve_lookup
    current = getattr(current, bit)
AttributeError: 'NoneType' object has no attribute 'id'

During handling of the above exception, another exception occurred:

Traceback (most recent call last):
  File "/var/www/html/django/integrator/integrator_env/lib/python3.6/site-packages/django/template/base.py", line 843, in _resolve_lookup
    current = current[int(bit)]
ValueError: invalid literal for int() with base 10: 'id'

During handling of the above exception, another exception occurred:

Traceback (most recent call last):
  File "/var/www/html/django/integrator/integrator_env/lib/python3.6/site-packages/django/template/base.py", line 850, in _resolve_lookup
    (bit, current))  # missing attribute
django.template.base.VariableDoesNotExist: Failed lookup for key [id] in None
Exception while resolving variable 'id' in template 'applications/list.html'.
Traceback (most recent call last):
  File "/var/www/html/django/integrator/integrator_env/lib/python3.6/site-packages/django/template/base.py", line 829, in _resolve_lookup
    current = current[bit]
TypeError: 'NoneType' object is not subscriptable

During handling of the above exception, another exception occurred:

Traceback (most recent call last):
  File "/var/www/html/django/integrator/integrator_env/lib/python3.6/site-packages/django/template/base.py", line 837, in _resolve_lookup
    current = getattr(current, bit)
AttributeError: 'NoneType' object has no attribute 'id'

During handling of the above exception, another exception occurred:

Traceback (most recent call last):
  File "/var/www/html/django/integrator/integrator_env/lib/python3.6/site-packages/django/template/base.py", line 843, in _resolve_lookup
    current = current[int(bit)]
ValueError: invalid literal for int() with base 10: 'id'

During handling of the above exception, another exception occurred:

Traceback (most recent call last):
  File "/var/www/html/django/integrator/integrator_env/lib/python3.6/site-packages/django/template/base.py", line 850, in _resolve_lookup
    (bit, current))  # missing attribute
django.template.base.VariableDoesNotExist: Failed lookup for key [id] in None
Exception while resolving variable 'id' in template 'applications/list.html'.
Traceback (most recent call last):
  File "/var/www/html/django/integrator/integrator_env/lib/python3.6/site-packages/django/template/base.py", line 829, in _resolve_lookup
    current = current[bit]
TypeError: 'NoneType' object is not subscriptable

During handling of the above exception, another exception occurred:

Traceback (most recent call last):
  File "/var/www/html/django/integrator/integrator_env/lib/python3.6/site-packages/django/template/base.py", line 837, in _resolve_lookup
    current = getattr(current, bit)
AttributeError: 'NoneType' object has no attribute 'id'

During handling of the above exception, another exception occurred:

Traceback (most recent call last):
  File "/var/www/html/django/integrator/integrator_env/lib/python3.6/site-packages/django/template/base.py", line 843, in _resolve_lookup
    current = current[int(bit)]
ValueError: invalid literal for int() with base 10: 'id'

During handling of the above exception, another exception occurred:

Traceback (most recent call last):
  File "/var/www/html/django/integrator/integrator_env/lib/python3.6/site-packages/django/template/base.py", line 850, in _resolve_lookup
    (bit, current))  # missing attribute
django.template.base.VariableDoesNotExist: Failed lookup for key [id] in None
Exception while resolving variable 'id' in template 'applications/list.html'.
Traceback (most recent call last):
  File "/var/www/html/django/integrator/integrator_env/lib/python3.6/site-packages/django/template/base.py", line 829, in _resolve_lookup
    current = current[bit]
TypeError: 'NoneType' object is not subscriptable

During handling of the above exception, another exception occurred:

Traceback (most recent call last):
  File "/var/www/html/django/integrator/integrator_env/lib/python3.6/site-packages/django/template/base.py", line 837, in _resolve_lookup
    current = getattr(current, bit)
AttributeError: 'NoneType' object has no attribute 'id'

During handling of the above exception, another exception occurred:

Traceback (most recent call last):
  File "/var/www/html/django/integrator/integrator_env/lib/python3.6/site-packages/django/template/base.py", line 843, in _resolve_lookup
    current = current[int(bit)]
ValueError: invalid literal for int() with base 10: 'id'

During handling of the above exception, another exception occurred:

Traceback (most recent call last):
  File "/var/www/html/django/integrator/integrator_env/lib/python3.6/site-packages/django/template/base.py", line 850, in _resolve_lookup
    (bit, current))  # missing attribute
django.template.base.VariableDoesNotExist: Failed lookup for key [id] in None
Exception while resolving variable 'id' in template 'applications/list.html'.
Traceback (most recent call last):
  File "/var/www/html/django/integrator/integrator_env/lib/python3.6/site-packages/django/template/base.py", line 829, in _resolve_lookup
    current = current[bit]
TypeError: 'NoneType' object is not subscriptable

During handling of the above exception, another exception occurred:

Traceback (most recent call last):
  File "/var/www/html/django/integrator/integrator_env/lib/python3.6/site-packages/django/template/base.py", line 837, in _resolve_lookup
    current = getattr(current, bit)
AttributeError: 'NoneType' object has no attribute 'id'

During handling of the above exception, another exception occurred:

Traceback (most recent call last):
  File "/var/www/html/django/integrator/integrator_env/lib/python3.6/site-packages/django/template/base.py", line 843, in _resolve_lookup
    current = current[int(bit)]
ValueError: invalid literal for int() with base 10: 'id'

During handling of the above exception, another exception occurred:

Traceback (most recent call last):
  File "/var/www/html/django/integrator/integrator_env/lib/python3.6/site-packages/django/template/base.py", line 850, in _resolve_lookup
    (bit, current))  # missing attribute
django.template.base.VariableDoesNotExist: Failed lookup for key [id] in None
Exception while resolving variable 'id' in template 'applications/list.html'.
Traceback (most recent call last):
  File "/var/www/html/django/integrator/integrator_env/lib/python3.6/site-packages/django/template/base.py", line 829, in _resolve_lookup
    current = current[bit]
TypeError: 'NoneType' object is not subscriptable

During handling of the above exception, another exception occurred:

Traceback (most recent call last):
  File "/var/www/html/django/integrator/integrator_env/lib/python3.6/site-packages/django/template/base.py", line 837, in _resolve_lookup
    current = getattr(current, bit)
AttributeError: 'NoneType' object has no attribute 'id'

During handling of the above exception, another exception occurred:

Traceback (most recent call last):
  File "/var/www/html/django/integrator/integrator_env/lib/python3.6/site-packages/django/template/base.py", line 843, in _resolve_lookup
    current = current[int(bit)]
ValueError: invalid literal for int() with base 10: 'id'

During handling of the above exception, another exception occurred:

Traceback (most recent call last):
  File "/var/www/html/django/integrator/integrator_env/lib/python3.6/site-packages/django/template/base.py", line 850, in _resolve_lookup
    (bit, current))  # missing attribute
django.template.base.VariableDoesNotExist: Failed lookup for key [id] in None
Exception while resolving variable 'id' in template 'applications/list.html'.
Traceback (most recent call last):
  File "/var/www/html/django/integrator/integrator_env/lib/python3.6/site-packages/django/template/base.py", line 829, in _resolve_lookup
    current = current[bit]
TypeError: 'NoneType' object is not subscriptable

During handling of the above exception, another exception occurred:

Traceback (most recent call last):
  File "/var/www/html/django/integrator/integrator_env/lib/python3.6/site-packages/django/template/base.py", line 837, in _resolve_lookup
    current = getattr(current, bit)
AttributeError: 'NoneType' object has no attribute 'id'

During handling of the above exception, another exception occurred:

Traceback (most recent call last):
  File "/var/www/html/django/integrator/integrator_env/lib/python3.6/site-packages/django/template/base.py", line 843, in _resolve_lookup
    current = current[int(bit)]
ValueError: invalid literal for int() with base 10: 'id'

During handling of the above exception, another exception occurred:

Traceback (most recent call last):
  File "/var/www/html/django/integrator/integrator_env/lib/python3.6/site-packages/django/template/base.py", line 850, in _resolve_lookup
    (bit, current))  # missing attribute
django.template.base.VariableDoesNotExist: Failed lookup for key [id] in None
Exception while resolving variable 'id' in template 'applications/list.html'.
Traceback (most recent call last):
  File "/var/www/html/django/integrator/integrator_env/lib/python3.6/site-packages/django/template/base.py", line 829, in _resolve_lookup
    current = current[bit]
TypeError: 'NoneType' object is not subscriptable

During handling of the above exception, another exception occurred:

Traceback (most recent call last):
  File "/var/www/html/django/integrator/integrator_env/lib/python3.6/site-packages/django/template/base.py", line 837, in _resolve_lookup
    current = getattr(current, bit)
AttributeError: 'NoneType' object has no attribute 'id'

During handling of the above exception, another exception occurred:

Traceback (most recent call last):
  File "/var/www/html/django/integrator/integrator_env/lib/python3.6/site-packages/django/template/base.py", line 843, in _resolve_lookup
    current = current[int(bit)]
ValueError: invalid literal for int() with base 10: 'id'

During handling of the above exception, another exception occurred:

Traceback (most recent call last):
  File "/var/www/html/django/integrator/integrator_env/lib/python3.6/site-packages/django/template/base.py", line 850, in _resolve_lookup
    (bit, current))  # missing attribute
django.template.base.VariableDoesNotExist: Failed lookup for key [id] in None
Exception while resolving variable 'id' in template 'applications/list.html'.
Traceback (most recent call last):
  File "/var/www/html/django/integrator/integrator_env/lib/python3.6/site-packages/django/template/base.py", line 829, in _resolve_lookup
    current = current[bit]
TypeError: 'NoneType' object is not subscriptable

During handling of the above exception, another exception occurred:

Traceback (most recent call last):
  File "/var/www/html/django/integrator/integrator_env/lib/python3.6/site-packages/django/template/base.py", line 837, in _resolve_lookup
    current = getattr(current, bit)
AttributeError: 'NoneType' object has no attribute 'id'

During handling of the above exception, another exception occurred:

Traceback (most recent call last):
  File "/var/www/html/django/integrator/integrator_env/lib/python3.6/site-packages/django/template/base.py", line 843, in _resolve_lookup
    current = current[int(bit)]
ValueError: invalid literal for int() with base 10: 'id'

During handling of the above exception, another exception occurred:

Traceback (most recent call last):
  File "/var/www/html/django/integrator/integrator_env/lib/python3.6/site-packages/django/template/base.py", line 850, in _resolve_lookup
    (bit, current))  # missing attribute
django.template.base.VariableDoesNotExist: Failed lookup for key [id] in None
Exception while resolving variable 'id' in template 'applications/list.html'.
Traceback (most recent call last):
  File "/var/www/html/django/integrator/integrator_env/lib/python3.6/site-packages/django/template/base.py", line 829, in _resolve_lookup
    current = current[bit]
TypeError: 'NoneType' object is not subscriptable

During handling of the above exception, another exception occurred:

Traceback (most recent call last):
  File "/var/www/html/django/integrator/integrator_env/lib/python3.6/site-packages/django/template/base.py", line 837, in _resolve_lookup
    current = getattr(current, bit)
AttributeError: 'NoneType' object has no attribute 'id'

During handling of the above exception, another exception occurred:

Traceback (most recent call last):
  File "/var/www/html/django/integrator/integrator_env/lib/python3.6/site-packages/django/template/base.py", line 843, in _resolve_lookup
    current = current[int(bit)]
ValueError: invalid literal for int() with base 10: 'id'

During handling of the above exception, another exception occurred:

Traceback (most recent call last):
  File "/var/www/html/django/integrator/integrator_env/lib/python3.6/site-packages/django/template/base.py", line 850, in _resolve_lookup
    (bit, current))  # missing attribute
django.template.base.VariableDoesNotExist: Failed lookup for key [id] in None
Exception while resolving variable 'id' in template 'applications/list.html'.
Traceback (most recent call last):
  File "/var/www/html/django/integrator/integrator_env/lib/python3.6/site-packages/django/template/base.py", line 829, in _resolve_lookup
    current = current[bit]
TypeError: 'NoneType' object is not subscriptable

During handling of the above exception, another exception occurred:

Traceback (most recent call last):
  File "/var/www/html/django/integrator/integrator_env/lib/python3.6/site-packages/django/template/base.py", line 837, in _resolve_lookup
    current = getattr(current, bit)
AttributeError: 'NoneType' object has no attribute 'id'

During handling of the above exception, another exception occurred:

Traceback (most recent call last):
  File "/var/www/html/django/integrator/integrator_env/lib/python3.6/site-packages/django/template/base.py", line 843, in _resolve_lookup
    current = current[int(bit)]
ValueError: invalid literal for int() with base 10: 'id'

During handling of the above exception, another exception occurred:

Traceback (most recent call last):
  File "/var/www/html/django/integrator/integrator_env/lib/python3.6/site-packages/django/template/base.py", line 850, in _resolve_lookup
    (bit, current))  # missing attribute
django.template.base.VariableDoesNotExist: Failed lookup for key [id] in None
Exception while resolving variable 'id' in template 'applications/list.html'.
Traceback (most recent call last):
  File "/var/www/html/django/integrator/integrator_env/lib/python3.6/site-packages/django/template/base.py", line 829, in _resolve_lookup
    current = current[bit]
TypeError: 'NoneType' object is not subscriptable

During handling of the above exception, another exception occurred:

Traceback (most recent call last):
  File "/var/www/html/django/integrator/integrator_env/lib/python3.6/site-packages/django/template/base.py", line 837, in _resolve_lookup
    current = getattr(current, bit)
AttributeError: 'NoneType' object has no attribute 'id'

During handling of the above exception, another exception occurred:

Traceback (most recent call last):
  File "/var/www/html/django/integrator/integrator_env/lib/python3.6/site-packages/django/template/base.py", line 843, in _resolve_lookup
    current = current[int(bit)]
ValueError: invalid literal for int() with base 10: 'id'

During handling of the above exception, another exception occurred:

Traceback (most recent call last):
  File "/var/www/html/django/integrator/integrator_env/lib/python3.6/site-packages/django/template/base.py", line 850, in _resolve_lookup
    (bit, current))  # missing attribute
django.template.base.VariableDoesNotExist: Failed lookup for key [id] in None
Exception while resolving variable 'id' in template 'applications/list.html'.
Traceback (most recent call last):
  File "/var/www/html/django/integrator/integrator_env/lib/python3.6/site-packages/django/template/base.py", line 829, in _resolve_lookup
    current = current[bit]
TypeError: 'NoneType' object is not subscriptable

During handling of the above exception, another exception occurred:

Traceback (most recent call last):
  File "/var/www/html/django/integrator/integrator_env/lib/python3.6/site-packages/django/template/base.py", line 837, in _resolve_lookup
    current = getattr(current, bit)
AttributeError: 'NoneType' object has no attribute 'id'

During handling of the above exception, another exception occurred:

Traceback (most recent call last):
  File "/var/www/html/django/integrator/integrator_env/lib/python3.6/site-packages/django/template/base.py", line 843, in _resolve_lookup
    current = current[int(bit)]
ValueError: invalid literal for int() with base 10: 'id'

During handling of the above exception, another exception occurred:

Traceback (most recent call last):
  File "/var/www/html/django/integrator/integrator_env/lib/python3.6/site-packages/django/template/base.py", line 850, in _resolve_lookup
    (bit, current))  # missing attribute
django.template.base.VariableDoesNotExist: Failed lookup for key [id] in None
Exception while resolving variable 'id' in template 'applications/list.html'.
Traceback (most recent call last):
  File "/var/www/html/django/integrator/integrator_env/lib/python3.6/site-packages/django/template/base.py", line 829, in _resolve_lookup
    current = current[bit]
TypeError: 'NoneType' object is not subscriptable

During handling of the above exception, another exception occurred:

Traceback (most recent call last):
  File "/var/www/html/django/integrator/integrator_env/lib/python3.6/site-packages/django/template/base.py", line 837, in _resolve_lookup
    current = getattr(current, bit)
AttributeError: 'NoneType' object has no attribute 'id'

During handling of the above exception, another exception occurred:

Traceback (most recent call last):
  File "/var/www/html/django/integrator/integrator_env/lib/python3.6/site-packages/django/template/base.py", line 843, in _resolve_lookup
    current = current[int(bit)]
ValueError: invalid literal for int() with base 10: 'id'

During handling of the above exception, another exception occurred:

Traceback (most recent call last):
  File "/var/www/html/django/integrator/integrator_env/lib/python3.6/site-packages/django/template/base.py", line 850, in _resolve_lookup
    (bit, current))  # missing attribute
django.template.base.VariableDoesNotExist: Failed lookup for key [id] in None
Exception while resolving variable 'id' in template 'applications/list.html'.
Traceback (most recent call last):
  File "/var/www/html/django/integrator/integrator_env/lib/python3.6/site-packages/django/template/base.py", line 829, in _resolve_lookup
    current = current[bit]
TypeError: 'NoneType' object is not subscriptable

During handling of the above exception, another exception occurred:

Traceback (most recent call last):
  File "/var/www/html/django/integrator/integrator_env/lib/python3.6/site-packages/django/template/base.py", line 837, in _resolve_lookup
    current = getattr(current, bit)
AttributeError: 'NoneType' object has no attribute 'id'

During handling of the above exception, another exception occurred:

Traceback (most recent call last):
  File "/var/www/html/django/integrator/integrator_env/lib/python3.6/site-packages/django/template/base.py", line 843, in _resolve_lookup
    current = current[int(bit)]
ValueError: invalid literal for int() with base 10: 'id'

During handling of the above exception, another exception occurred:

Traceback (most recent call last):
  File "/var/www/html/django/integrator/integrator_env/lib/python3.6/site-packages/django/template/base.py", line 850, in _resolve_lookup
    (bit, current))  # missing attribute
django.template.base.VariableDoesNotExist: Failed lookup for key [id] in None
Exception while resolving variable 'id' in template 'applications/list.html'.
Traceback (most recent call last):
  File "/var/www/html/django/integrator/integrator_env/lib/python3.6/site-packages/django/template/base.py", line 829, in _resolve_lookup
    current = current[bit]
TypeError: 'NoneType' object is not subscriptable

During handling of the above exception, another exception occurred:

Traceback (most recent call last):
  File "/var/www/html/django/integrator/integrator_env/lib/python3.6/site-packages/django/template/base.py", line 837, in _resolve_lookup
    current = getattr(current, bit)
AttributeError: 'NoneType' object has no attribute 'id'

During handling of the above exception, another exception occurred:

Traceback (most recent call last):
  File "/var/www/html/django/integrator/integrator_env/lib/python3.6/site-packages/django/template/base.py", line 843, in _resolve_lookup
    current = current[int(bit)]
ValueError: invalid literal for int() with base 10: 'id'

During handling of the above exception, another exception occurred:

Traceback (most recent call last):
  File "/var/www/html/django/integrator/integrator_env/lib/python3.6/site-packages/django/template/base.py", line 850, in _resolve_lookup
    (bit, current))  # missing attribute
django.template.base.VariableDoesNotExist: Failed lookup for key [id] in None
Exception while resolving variable 'id' in template 'applications/list.html'.
Traceback (most recent call last):
  File "/var/www/html/django/integrator/integrator_env/lib/python3.6/site-packages/django/template/base.py", line 829, in _resolve_lookup
    current = current[bit]
TypeError: 'NoneType' object is not subscriptable

During handling of the above exception, another exception occurred:

Traceback (most recent call last):
  File "/var/www/html/django/integrator/integrator_env/lib/python3.6/site-packages/django/template/base.py", line 837, in _resolve_lookup
    current = getattr(current, bit)
AttributeError: 'NoneType' object has no attribute 'id'

During handling of the above exception, another exception occurred:

Traceback (most recent call last):
  File "/var/www/html/django/integrator/integrator_env/lib/python3.6/site-packages/django/template/base.py", line 843, in _resolve_lookup
    current = current[int(bit)]
ValueError: invalid literal for int() with base 10: 'id'

During handling of the above exception, another exception occurred:

Traceback (most recent call last):
  File "/var/www/html/django/integrator/integrator_env/lib/python3.6/site-packages/django/template/base.py", line 850, in _resolve_lookup
    (bit, current))  # missing attribute
django.template.base.VariableDoesNotExist: Failed lookup for key [id] in None
Exception while resolving variable 'id' in template 'applications/list.html'.
Traceback (most recent call last):
  File "/var/www/html/django/integrator/integrator_env/lib/python3.6/site-packages/django/template/base.py", line 829, in _resolve_lookup
    current = current[bit]
TypeError: 'NoneType' object is not subscriptable

During handling of the above exception, another exception occurred:

Traceback (most recent call last):
  File "/var/www/html/django/integrator/integrator_env/lib/python3.6/site-packages/django/template/base.py", line 837, in _resolve_lookup
    current = getattr(current, bit)
AttributeError: 'NoneType' object has no attribute 'id'

During handling of the above exception, another exception occurred:

Traceback (most recent call last):
  File "/var/www/html/django/integrator/integrator_env/lib/python3.6/site-packages/django/template/base.py", line 843, in _resolve_lookup
    current = current[int(bit)]
ValueError: invalid literal for int() with base 10: 'id'

During handling of the above exception, another exception occurred:

Traceback (most recent call last):
  File "/var/www/html/django/integrator/integrator_env/lib/python3.6/site-packages/django/template/base.py", line 850, in _resolve_lookup
    (bit, current))  # missing attribute
django.template.base.VariableDoesNotExist: Failed lookup for key [id] in None
Exception while resolving variable 'id' in template 'applications/list.html'.
Traceback (most recent call last):
  File "/var/www/html/django/integrator/integrator_env/lib/python3.6/site-packages/django/template/base.py", line 829, in _resolve_lookup
    current = current[bit]
TypeError: 'NoneType' object is not subscriptable

During handling of the above exception, another exception occurred:

Traceback (most recent call last):
  File "/var/www/html/django/integrator/integrator_env/lib/python3.6/site-packages/django/template/base.py", line 837, in _resolve_lookup
    current = getattr(current, bit)
AttributeError: 'NoneType' object has no attribute 'id'

During handling of the above exception, another exception occurred:

Traceback (most recent call last):
  File "/var/www/html/django/integrator/integrator_env/lib/python3.6/site-packages/django/template/base.py", line 843, in _resolve_lookup
    current = current[int(bit)]
ValueError: invalid literal for int() with base 10: 'id'

During handling of the above exception, another exception occurred:

Traceback (most recent call last):
  File "/var/www/html/django/integrator/integrator_env/lib/python3.6/site-packages/django/template/base.py", line 850, in _resolve_lookup
    (bit, current))  # missing attribute
django.template.base.VariableDoesNotExist: Failed lookup for key [id] in None
Exception while resolving variable 'id' in template 'applications/list.html'.
Traceback (most recent call last):
  File "/var/www/html/django/integrator/integrator_env/lib/python3.6/site-packages/django/template/base.py", line 829, in _resolve_lookup
    current = current[bit]
TypeError: 'NoneType' object is not subscriptable

During handling of the above exception, another exception occurred:

Traceback (most recent call last):
  File "/var/www/html/django/integrator/integrator_env/lib/python3.6/site-packages/django/template/base.py", line 837, in _resolve_lookup
    current = getattr(current, bit)
AttributeError: 'NoneType' object has no attribute 'id'

During handling of the above exception, another exception occurred:

Traceback (most recent call last):
  File "/var/www/html/django/integrator/integrator_env/lib/python3.6/site-packages/django/template/base.py", line 843, in _resolve_lookup
    current = current[int(bit)]
ValueError: invalid literal for int() with base 10: 'id'

During handling of the above exception, another exception occurred:

Traceback (most recent call last):
  File "/var/www/html/django/integrator/integrator_env/lib/python3.6/site-packages/django/template/base.py", line 850, in _resolve_lookup
    (bit, current))  # missing attribute
django.template.base.VariableDoesNotExist: Failed lookup for key [id] in None
Exception while resolving variable 'id' in template 'applications/list.html'.
Traceback (most recent call last):
  File "/var/www/html/django/integrator/integrator_env/lib/python3.6/site-packages/django/template/base.py", line 829, in _resolve_lookup
    current = current[bit]
TypeError: 'NoneType' object is not subscriptable

During handling of the above exception, another exception occurred:

Traceback (most recent call last):
  File "/var/www/html/django/integrator/integrator_env/lib/python3.6/site-packages/django/template/base.py", line 837, in _resolve_lookup
    current = getattr(current, bit)
AttributeError: 'NoneType' object has no attribute 'id'

During handling of the above exception, another exception occurred:

Traceback (most recent call last):
  File "/var/www/html/django/integrator/integrator_env/lib/python3.6/site-packages/django/template/base.py", line 843, in _resolve_lookup
    current = current[int(bit)]
ValueError: invalid literal for int() with base 10: 'id'

During handling of the above exception, another exception occurred:

Traceback (most recent call last):
  File "/var/www/html/django/integrator/integrator_env/lib/python3.6/site-packages/django/template/base.py", line 850, in _resolve_lookup
    (bit, current))  # missing attribute
django.template.base.VariableDoesNotExist: Failed lookup for key [id] in None
Exception while resolving variable 'id' in template 'applications/list.html'.
Traceback (most recent call last):
  File "/var/www/html/django/integrator/integrator_env/lib/python3.6/site-packages/django/template/base.py", line 829, in _resolve_lookup
    current = current[bit]
TypeError: 'NoneType' object is not subscriptable

During handling of the above exception, another exception occurred:

Traceback (most recent call last):
  File "/var/www/html/django/integrator/integrator_env/lib/python3.6/site-packages/django/template/base.py", line 837, in _resolve_lookup
    current = getattr(current, bit)
AttributeError: 'NoneType' object has no attribute 'id'

During handling of the above exception, another exception occurred:

Traceback (most recent call last):
  File "/var/www/html/django/integrator/integrator_env/lib/python3.6/site-packages/django/template/base.py", line 843, in _resolve_lookup
    current = current[int(bit)]
ValueError: invalid literal for int() with base 10: 'id'

During handling of the above exception, another exception occurred:

Traceback (most recent call last):
  File "/var/www/html/django/integrator/integrator_env/lib/python3.6/site-packages/django/template/base.py", line 850, in _resolve_lookup
    (bit, current))  # missing attribute
django.template.base.VariableDoesNotExist: Failed lookup for key [id] in None
Exception while resolving variable 'id' in template 'applications/list.html'.
Traceback (most recent call last):
  File "/var/www/html/django/integrator/integrator_env/lib/python3.6/site-packages/django/template/base.py", line 829, in _resolve_lookup
    current = current[bit]
TypeError: 'NoneType' object is not subscriptable

During handling of the above exception, another exception occurred:

Traceback (most recent call last):
  File "/var/www/html/django/integrator/integrator_env/lib/python3.6/site-packages/django/template/base.py", line 837, in _resolve_lookup
    current = getattr(current, bit)
AttributeError: 'NoneType' object has no attribute 'id'

During handling of the above exception, another exception occurred:

Traceback (most recent call last):
  File "/var/www/html/django/integrator/integrator_env/lib/python3.6/site-packages/django/template/base.py", line 843, in _resolve_lookup
    current = current[int(bit)]
ValueError: invalid literal for int() with base 10: 'id'

During handling of the above exception, another exception occurred:

Traceback (most recent call last):
  File "/var/www/html/django/integrator/integrator_env/lib/python3.6/site-packages/django/template/base.py", line 850, in _resolve_lookup
    (bit, current))  # missing attribute
django.template.base.VariableDoesNotExist: Failed lookup for key [id] in None
Exception while resolving variable 'id' in template 'applications/list.html'.
Traceback (most recent call last):
  File "/var/www/html/django/integrator/integrator_env/lib/python3.6/site-packages/django/template/base.py", line 829, in _resolve_lookup
    current = current[bit]
TypeError: 'NoneType' object is not subscriptable

During handling of the above exception, another exception occurred:

Traceback (most recent call last):
  File "/var/www/html/django/integrator/integrator_env/lib/python3.6/site-packages/django/template/base.py", line 837, in _resolve_lookup
    current = getattr(current, bit)
AttributeError: 'NoneType' object has no attribute 'id'

During handling of the above exception, another exception occurred:

Traceback (most recent call last):
  File "/var/www/html/django/integrator/integrator_env/lib/python3.6/site-packages/django/template/base.py", line 843, in _resolve_lookup
    current = current[int(bit)]
ValueError: invalid literal for int() with base 10: 'id'

During handling of the above exception, another exception occurred:

Traceback (most recent call last):
  File "/var/www/html/django/integrator/integrator_env/lib/python3.6/site-packages/django/template/base.py", line 850, in _resolve_lookup
    (bit, current))  # missing attribute
django.template.base.VariableDoesNotExist: Failed lookup for key [id] in None
Exception while resolving variable 'id' in template 'applications/list.html'.
Traceback (most recent call last):
  File "/var/www/html/django/integrator/integrator_env/lib/python3.6/site-packages/django/template/base.py", line 829, in _resolve_lookup
    current = current[bit]
TypeError: 'NoneType' object is not subscriptable

During handling of the above exception, another exception occurred:

Traceback (most recent call last):
  File "/var/www/html/django/integrator/integrator_env/lib/python3.6/site-packages/django/template/base.py", line 837, in _resolve_lookup
    current = getattr(current, bit)
AttributeError: 'NoneType' object has no attribute 'id'

During handling of the above exception, another exception occurred:

Traceback (most recent call last):
  File "/var/www/html/django/integrator/integrator_env/lib/python3.6/site-packages/django/template/base.py", line 843, in _resolve_lookup
    current = current[int(bit)]
ValueError: invalid literal for int() with base 10: 'id'

During handling of the above exception, another exception occurred:

Traceback (most recent call last):
  File "/var/www/html/django/integrator/integrator_env/lib/python3.6/site-packages/django/template/base.py", line 850, in _resolve_lookup
    (bit, current))  # missing attribute
django.template.base.VariableDoesNotExist: Failed lookup for key [id] in None
(0.000) SELECT `applications_applicationmodel`.`id`, `applications_applicationmodel`.`priority_id`, `applications_applicationmodel`.`equipment_id`, `applications_applicationmodel`.`problem`, `applications_applicationmodel`.`contact_id`, `applications_applicationmodel`.`client_id`, `applications_applicationmodel`.`engineer_id`, `applications_applicationmodel`.`pubdate`, `applications_applicationmodel`.`status_id`, `applications_applicationmodel`.`creator_id`, `applications_applicationmodel`.`changed` FROM `applications_applicationmodel` WHERE `applications_applicationmodel`.`id` = 160967 LIMIT 21; args=(160967,)
Exception while resolving variable 'id' in template 'applications/list.html'.
Traceback (most recent call last):
  File "/var/www/html/django/integrator/integrator_env/lib/python3.6/site-packages/django/template/base.py", line 829, in _resolve_lookup
    current = current[bit]
TypeError: 'NoneType' object is not subscriptable

During handling of the above exception, another exception occurred:

Traceback (most recent call last):
  File "/var/www/html/django/integrator/integrator_env/lib/python3.6/site-packages/django/template/base.py", line 837, in _resolve_lookup
    current = getattr(current, bit)
AttributeError: 'NoneType' object has no attribute 'id'

During handling of the above exception, another exception occurred:

Traceback (most recent call last):
  File "/var/www/html/django/integrator/integrator_env/lib/python3.6/site-packages/django/template/base.py", line 843, in _resolve_lookup
    current = current[int(bit)]
ValueError: invalid literal for int() with base 10: 'id'

During handling of the above exception, another exception occurred:

Traceback (most recent call last):
  File "/var/www/html/django/integrator/integrator_env/lib/python3.6/site-packages/django/template/base.py", line 850, in _resolve_lookup
    (bit, current))  # missing attribute
django.template.base.VariableDoesNotExist: Failed lookup for key [id] in None
Exception while resolving variable 'id' in template 'applications/list.html'.
Traceback (most recent call last):
  File "/var/www/html/django/integrator/integrator_env/lib/python3.6/site-packages/django/template/base.py", line 829, in _resolve_lookup
    current = current[bit]
TypeError: 'NoneType' object is not subscriptable

During handling of the above exception, another exception occurred:

Traceback (most recent call last):
  File "/var/www/html/django/integrator/integrator_env/lib/python3.6/site-packages/django/template/base.py", line 837, in _resolve_lookup
    current = getattr(current, bit)
AttributeError: 'NoneType' object has no attribute 'id'

During handling of the above exception, another exception occurred:

Traceback (most recent call last):
  File "/var/www/html/django/integrator/integrator_env/lib/python3.6/site-packages/django/template/base.py", line 843, in _resolve_lookup
    current = current[int(bit)]
ValueError: invalid literal for int() with base 10: 'id'

During handling of the above exception, another exception occurred:

Traceback (most recent call last):
  File "/var/www/html/django/integrator/integrator_env/lib/python3.6/site-packages/django/template/base.py", line 850, in _resolve_lookup
    (bit, current))  # missing attribute
django.template.base.VariableDoesNotExist: Failed lookup for key [id] in None
Exception while resolving variable 'id' in template 'applications/list.html'.
Traceback (most recent call last):
  File "/var/www/html/django/integrator/integrator_env/lib/python3.6/site-packages/django/template/base.py", line 829, in _resolve_lookup
    current = current[bit]
TypeError: 'NoneType' object is not subscriptable

During handling of the above exception, another exception occurred:

Traceback (most recent call last):
  File "/var/www/html/django/integrator/integrator_env/lib/python3.6/site-packages/django/template/base.py", line 837, in _resolve_lookup
    current = getattr(current, bit)
AttributeError: 'NoneType' object has no attribute 'id'

During handling of the above exception, another exception occurred:

Traceback (most recent call last):
  File "/var/www/html/django/integrator/integrator_env/lib/python3.6/site-packages/django/template/base.py", line 843, in _resolve_lookup
    current = current[int(bit)]
ValueError: invalid literal for int() with base 10: 'id'

During handling of the above exception, another exception occurred:

Traceback (most recent call last):
  File "/var/www/html/django/integrator/integrator_env/lib/python3.6/site-packages/django/template/base.py", line 850, in _resolve_lookup
    (bit, current))  # missing attribute
django.template.base.VariableDoesNotExist: Failed lookup for key [id] in None
Exception while resolving variable 'id' in template 'applications/list.html'.
Traceback (most recent call last):
  File "/var/www/html/django/integrator/integrator_env/lib/python3.6/site-packages/django/template/base.py", line 829, in _resolve_lookup
    current = current[bit]
TypeError: 'NoneType' object is not subscriptable

During handling of the above exception, another exception occurred:

Traceback (most recent call last):
  File "/var/www/html/django/integrator/integrator_env/lib/python3.6/site-packages/django/template/base.py", line 837, in _resolve_lookup
    current = getattr(current, bit)
AttributeError: 'NoneType' object has no attribute 'id'

During handling of the above exception, another exception occurred:

Traceback (most recent call last):
  File "/var/www/html/django/integrator/integrator_env/lib/python3.6/site-packages/django/template/base.py", line 843, in _resolve_lookup
    current = current[int(bit)]
ValueError: invalid literal for int() with base 10: 'id'

During handling of the above exception, another exception occurred:

Traceback (most recent call last):
  File "/var/www/html/django/integrator/integrator_env/lib/python3.6/site-packages/django/template/base.py", line 850, in _resolve_lookup
    (bit, current))  # missing attribute
django.template.base.VariableDoesNotExist: Failed lookup for key [id] in None
(0.000) SELECT `applications_applicationmodel`.`id`, `applications_applicationmodel`.`priority_id`, `applications_applicationmodel`.`equipment_id`, `applications_applicationmodel`.`problem`, `applications_applicationmodel`.`contact_id`, `applications_applicationmodel`.`client_id`, `applications_applicationmodel`.`engineer_id`, `applications_applicationmodel`.`pubdate`, `applications_applicationmodel`.`status_id`, `applications_applicationmodel`.`creator_id`, `applications_applicationmodel`.`changed` FROM `applications_applicationmodel` WHERE `applications_applicationmodel`.`id` = 160967 LIMIT 21; args=(160967,)
Exception while resolving variable 'id' in template 'applications/list.html'.
Traceback (most recent call last):
  File "/var/www/html/django/integrator/integrator_env/lib/python3.6/site-packages/django/template/base.py", line 829, in _resolve_lookup
    current = current[bit]
TypeError: 'NoneType' object is not subscriptable

During handling of the above exception, another exception occurred:

Traceback (most recent call last):
  File "/var/www/html/django/integrator/integrator_env/lib/python3.6/site-packages/django/template/base.py", line 837, in _resolve_lookup
    current = getattr(current, bit)
AttributeError: 'NoneType' object has no attribute 'id'

During handling of the above exception, another exception occurred:

Traceback (most recent call last):
  File "/var/www/html/django/integrator/integrator_env/lib/python3.6/site-packages/django/template/base.py", line 843, in _resolve_lookup
    current = current[int(bit)]
ValueError: invalid literal for int() with base 10: 'id'

During handling of the above exception, another exception occurred:

Traceback (most recent call last):
  File "/var/www/html/django/integrator/integrator_env/lib/python3.6/site-packages/django/template/base.py", line 850, in _resolve_lookup
    (bit, current))  # missing attribute
django.template.base.VariableDoesNotExist: Failed lookup for key [id] in None
Exception while resolving variable 'id' in template 'applications/list.html'.
Traceback (most recent call last):
  File "/var/www/html/django/integrator/integrator_env/lib/python3.6/site-packages/django/template/base.py", line 829, in _resolve_lookup
    current = current[bit]
TypeError: 'NoneType' object is not subscriptable

During handling of the above exception, another exception occurred:

Traceback (most recent call last):
  File "/var/www/html/django/integrator/integrator_env/lib/python3.6/site-packages/django/template/base.py", line 837, in _resolve_lookup
    current = getattr(current, bit)
AttributeError: 'NoneType' object has no attribute 'id'

During handling of the above exception, another exception occurred:

Traceback (most recent call last):
  File "/var/www/html/django/integrator/integrator_env/lib/python3.6/site-packages/django/template/base.py", line 843, in _resolve_lookup
    current = current[int(bit)]
ValueError: invalid literal for int() with base 10: 'id'

During handling of the above exception, another exception occurred:

Traceback (most recent call last):
  File "/var/www/html/django/integrator/integrator_env/lib/python3.6/site-packages/django/template/base.py", line 850, in _resolve_lookup
    (bit, current))  # missing attribute
django.template.base.VariableDoesNotExist: Failed lookup for key [id] in None
(0.000) SELECT `applications_applicationmodel`.`id`, `applications_applicationmodel`.`priority_id`, `applications_applicationmodel`.`equipment_id`, `applications_applicationmodel`.`problem`, `applications_applicationmodel`.`contact_id`, `applications_applicationmodel`.`client_id`, `applications_applicationmodel`.`engineer_id`, `applications_applicationmodel`.`pubdate`, `applications_applicationmodel`.`status_id`, `applications_applicationmodel`.`creator_id`, `applications_applicationmodel`.`changed` FROM `applications_applicationmodel` WHERE `applications_applicationmodel`.`id` = 160967 LIMIT 21; args=(160967,)
(0.000) SELECT `applications_applicationmodel`.`id`, `applications_applicationmodel`.`priority_id`, `applications_applicationmodel`.`equipment_id`, `applications_applicationmodel`.`problem`, `applications_applicationmodel`.`contact_id`, `applications_applicationmodel`.`client_id`, `applications_applicationmodel`.`engineer_id`, `applications_applicationmodel`.`pubdate`, `applications_applicationmodel`.`status_id`, `applications_applicationmodel`.`creator_id`, `applications_applicationmodel`.`changed` FROM `applications_applicationmodel` WHERE `applications_applicationmodel`.`id` = 160943 LIMIT 21; args=(160943,)
(0.000) SELECT `applications_applicationmodel`.`id`, `applications_applicationmodel`.`priority_id`, `applications_applicationmodel`.`equipment_id`, `applications_applicationmodel`.`problem`, `applications_applicationmodel`.`contact_id`, `applications_applicationmodel`.`client_id`, `applications_applicationmodel`.`engineer_id`, `applications_applicationmodel`.`pubdate`, `applications_applicationmodel`.`status_id`, `applications_applicationmodel`.`creator_id`, `applications_applicationmodel`.`changed` FROM `applications_applicationmodel` WHERE `applications_applicationmodel`.`id` = 160966 LIMIT 21; args=(160966,)
(0.000) SELECT `applications_applicationmodel`.`id`, `applications_applicationmodel`.`priority_id`, `applications_applicationmodel`.`equipment_id`, `applications_applicationmodel`.`problem`, `applications_applicationmodel`.`contact_id`, `applications_applicationmodel`.`client_id`, `applications_applicationmodel`.`engineer_id`, `applications_applicationmodel`.`pubdate`, `applications_applicationmodel`.`status_id`, `applications_applicationmodel`.`creator_id`, `applications_applicationmodel`.`changed` FROM `applications_applicationmodel` WHERE `applications_applicationmodel`.`id` = 160966 LIMIT 21; args=(160966,)
(0.000) SELECT `applications_applicationmodel`.`id`, `applications_applicationmodel`.`priority_id`, `applications_applicationmodel`.`equipment_id`, `applications_applicationmodel`.`problem`, `applications_applicationmodel`.`contact_id`, `applications_applicationmodel`.`client_id`, `applications_applicationmodel`.`engineer_id`, `applications_applicationmodel`.`pubdate`, `applications_applicationmodel`.`status_id`, `applications_applicationmodel`.`creator_id`, `applications_applicationmodel`.`changed` FROM `applications_applicationmodel` WHERE `applications_applicationmodel`.`id` = 160966 LIMIT 21; args=(160966,)
(0.000) SELECT `applications_applicationmodel`.`id`, `applications_applicationmodel`.`priority_id`, `applications_applicationmodel`.`equipment_id`, `applications_applicationmodel`.`problem`, `applications_applicationmodel`.`contact_id`, `applications_applicationmodel`.`client_id`, `applications_applicationmodel`.`engineer_id`, `applications_applicationmodel`.`pubdate`, `applications_applicationmodel`.`status_id`, `applications_applicationmodel`.`creator_id`, `applications_applicationmodel`.`changed` FROM `applications_applicationmodel` WHERE `applications_applicationmodel`.`id` = 160950 LIMIT 21; args=(160950,)
(0.000) SELECT `applications_applicationmodel`.`id`, `applications_applicationmodel`.`priority_id`, `applications_applicationmodel`.`equipment_id`, `applications_applicationmodel`.`problem`, `applications_applicationmodel`.`contact_id`, `applications_applicationmodel`.`client_id`, `applications_applicationmodel`.`engineer_id`, `applications_applicationmodel`.`pubdate`, `applications_applicationmodel`.`status_id`, `applications_applicationmodel`.`creator_id`, `applications_applicationmodel`.`changed` FROM `applications_applicationmodel` WHERE `applications_applicationmodel`.`id` = 160965 LIMIT 21; args=(160965,)
(0.000) SELECT `applications_applicationmodel`.`id`, `applications_applicationmodel`.`priority_id`, `applications_applicationmodel`.`equipment_id`, `applications_applicationmodel`.`problem`, `applications_applicationmodel`.`contact_id`, `applications_applicationmodel`.`client_id`, `applications_applicationmodel`.`engineer_id`, `applications_applicationmodel`.`pubdate`, `applications_applicationmodel`.`status_id`, `applications_applicationmodel`.`creator_id`, `applications_applicationmodel`.`changed` FROM `applications_applicationmodel` WHERE `applications_applicationmodel`.`id` = 160965 LIMIT 21; args=(160965,)
(0.000) SELECT `applications_applicationmodel`.`id`, `applications_applicationmodel`.`priority_id`, `applications_applicationmodel`.`equipment_id`, `applications_applicationmodel`.`problem`, `applications_applicationmodel`.`contact_id`, `applications_applicationmodel`.`client_id`, `applications_applicationmodel`.`engineer_id`, `applications_applicationmodel`.`pubdate`, `applications_applicationmodel`.`status_id`, `applications_applicationmodel`.`creator_id`, `applications_applicationmodel`.`changed` FROM `applications_applicationmodel` WHERE `applications_applicationmodel`.`id` = 160965 LIMIT 21; args=(160965,)
(0.000) SELECT `applications_applicationmodel`.`id`, `applications_applicationmodel`.`priority_id`, `applications_applicationmodel`.`equipment_id`, `applications_applicationmodel`.`problem`, `applications_applicationmodel`.`contact_id`, `applications_applicationmodel`.`client_id`, `applications_applicationmodel`.`engineer_id`, `applications_applicationmodel`.`pubdate`, `applications_applicationmodel`.`status_id`, `applications_applicationmodel`.`creator_id`, `applications_applicationmodel`.`changed` FROM `applications_applicationmodel` WHERE `applications_applicationmodel`.`id` = 160889 LIMIT 21; args=(160889,)
(0.000) SELECT `applications_applicationmodel`.`id`, `applications_applicationmodel`.`priority_id`, `applications_applicationmodel`.`equipment_id`, `applications_applicationmodel`.`problem`, `applications_applicationmodel`.`contact_id`, `applications_applicationmodel`.`client_id`, `applications_applicationmodel`.`engineer_id`, `applications_applicationmodel`.`pubdate`, `applications_applicationmodel`.`status_id`, `applications_applicationmodel`.`creator_id`, `applications_applicationmodel`.`changed` FROM `applications_applicationmodel` WHERE `applications_applicationmodel`.`id` = 160964 LIMIT 21; args=(160964,)
(0.000) SELECT `applications_applicationmodel`.`id`, `applications_applicationmodel`.`priority_id`, `applications_applicationmodel`.`equipment_id`, `applications_applicationmodel`.`problem`, `applications_applicationmodel`.`contact_id`, `applications_applicationmodel`.`client_id`, `applications_applicationmodel`.`engineer_id`, `applications_applicationmodel`.`pubdate`, `applications_applicationmodel`.`status_id`, `applications_applicationmodel`.`creator_id`, `applications_applicationmodel`.`changed` FROM `applications_applicationmodel` WHERE `applications_applicationmodel`.`id` = 160964 LIMIT 21; args=(160964,)
(0.002) SELECT `applications_applicationmodel`.`id`, `applications_applicationmodel`.`priority_id`, `applications_applicationmodel`.`equipment_id`, `applications_applicationmodel`.`problem`, `applications_applicationmodel`.`contact_id`, `applications_applicationmodel`.`client_id`, `applications_applicationmodel`.`engineer_id`, `applications_applicationmodel`.`pubdate`, `applications_applicationmodel`.`status_id`, `applications_applicationmodel`.`creator_id`, `applications_applicationmodel`.`changed` FROM `applications_applicationmodel` WHERE `applications_applicationmodel`.`id` = 160964 LIMIT 21; args=(160964,)
(0.001) SELECT `applications_applicationmodel`.`id`, `applications_applicationmodel`.`priority_id`, `applications_applicationmodel`.`equipment_id`, `applications_applicationmodel`.`problem`, `applications_applicationmodel`.`contact_id`, `applications_applicationmodel`.`client_id`, `applications_applicationmodel`.`engineer_id`, `applications_applicationmodel`.`pubdate`, `applications_applicationmodel`.`status_id`, `applications_applicationmodel`.`creator_id`, `applications_applicationmodel`.`changed` FROM `applications_applicationmodel` WHERE `applications_applicationmodel`.`id` = 160960 LIMIT 21; args=(160960,)
Exception while resolving variable 'time' in template 'login/login.html'.
Traceback (most recent call last):
  File "/var/www/html/django/integrator/integrator_env/lib/python3.6/site-packages/django/template/base.py", line 829, in _resolve_lookup
    current = current[bit]
  File "/var/www/html/django/integrator/integrator_env/lib/python3.6/site-packages/django/template/context.py", line 83, in __getitem__
    raise KeyError(key)
KeyError: 'time'

During handling of the above exception, another exception occurred:

Traceback (most recent call last):
  File "/var/www/html/django/integrator/integrator_env/lib/python3.6/site-packages/django/template/base.py", line 835, in _resolve_lookup
    if isinstance(current, BaseContext) and getattr(type(current), bit):
AttributeError: type object 'RequestContext' has no attribute 'time'

During handling of the above exception, another exception occurred:

Traceback (most recent call last):
  File "/var/www/html/django/integrator/integrator_env/lib/python3.6/site-packages/django/template/base.py", line 843, in _resolve_lookup
    current = current[int(bit)]
ValueError: invalid literal for int() with base 10: 'time'

During handling of the above exception, another exception occurred:

Traceback (most recent call last):
  File "/var/www/html/django/integrator/integrator_env/lib/python3.6/site-packages/django/template/base.py", line 850, in _resolve_lookup
    (bit, current))  # missing attribute
django.template.base.VariableDoesNotExist: Failed lookup for key [time] in [{'True': True, 'False': False, 'None': None}, {'csrf_token': <SimpleLazyObject: <function csrf.<locals>._get_val at 0x7f662b7e76a8>>, 'request': <WSGIRequest: GET '/user_login/?next=/'>, 'user': <SimpleLazyObject: <django.contrib.auth.models.AnonymousUser object at 0x7f6627e60940>>, 'perms': <django.contrib.auth.context_processors.PermWrapper object at 0x7f6627e620f0>, 'messages': <django.contrib.messages.storage.fallback.FallbackStorage object at 0x7f6627e60780>, 'DEFAULT_MESSAGE_LEVELS': {'DEBUG': 10, 'INFO': 20, 'SUCCESS': 25, 'WARNING': 30, 'ERROR': 40}, 'notifications': <itertools.chain object at 0x7f6627e62320>, 'new': 0, 'admin': False, 'engineer': False}, {}, {'show': False, 'link': '/applications/apps_list/'}]
(0.003) SELECT `applications_applicationmodel`.`id`, `applications_applicationmodel`.`priority_id`, `applications_applicationmodel`.`equipment_id`, `applications_applicationmodel`.`problem`, `applications_applicationmodel`.`contact_id`, `applications_applicationmodel`.`client_id`, `applications_applicationmodel`.`engineer_id`, `applications_applicationmodel`.`pubdate`, `applications_applicationmodel`.`status_id`, `applications_applicationmodel`.`creator_id`, `applications_applicationmodel`.`changed` FROM `applications_applicationmodel` WHERE `applications_applicationmodel`.`id` = 160956 LIMIT 21; args=(160956,)
(0.000) SELECT `applications_applicationmodel`.`id`, `applications_applicationmodel`.`priority_id`, `applications_applicationmodel`.`equipment_id`, `applications_applicationmodel`.`problem`, `applications_applicationmodel`.`contact_id`, `applications_applicationmodel`.`client_id`, `applications_applicationmodel`.`engineer_id`, `applications_applicationmodel`.`pubdate`, `applications_applicationmodel`.`status_id`, `applications_applicationmodel`.`creator_id`, `applications_applicationmodel`.`changed` FROM `applications_applicationmodel` WHERE `applications_applicationmodel`.`id` = 160963 LIMIT 21; args=(160963,)
(0.000) SELECT `applications_applicationmodel`.`id`, `applications_applicationmodel`.`priority_id`, `applications_applicationmodel`.`equipment_id`, `applications_applicationmodel`.`problem`, `applications_applicationmodel`.`contact_id`, `applications_applicationmodel`.`client_id`, `applications_applicationmodel`.`engineer_id`, `applications_applicationmodel`.`pubdate`, `applications_applicationmodel`.`status_id`, `applications_applicationmodel`.`creator_id`, `applications_applicationmodel`.`changed` FROM `applications_applicationmodel` WHERE `applications_applicationmodel`.`id` = 160963 LIMIT 21; args=(160963,)
(0.001) SELECT `applications_applicationmodel`.`id`, `applications_applicationmodel`.`priority_id`, `applications_applicationmodel`.`equipment_id`, `applications_applicationmodel`.`problem`, `applications_applicationmodel`.`contact_id`, `applications_applicationmodel`.`client_id`, `applications_applicationmodel`.`engineer_id`, `applications_applicationmodel`.`pubdate`, `applications_applicationmodel`.`status_id`, `applications_applicationmodel`.`creator_id`, `applications_applicationmodel`.`changed` FROM `applications_applicationmodel` WHERE `applications_applicationmodel`.`id` = 160963 LIMIT 21; args=(160963,)
(0.000) SELECT `applications_applicationmodel`.`id`, `applications_applicationmodel`.`priority_id`, `applications_applicationmodel`.`equipment_id`, `applications_applicationmodel`.`problem`, `applications_applicationmodel`.`contact_id`, `applications_applicationmodel`.`client_id`, `applications_applicationmodel`.`engineer_id`, `applications_applicationmodel`.`pubdate`, `applications_applicationmodel`.`status_id`, `applications_applicationmodel`.`creator_id`, `applications_applicationmodel`.`changed` FROM `applications_applicationmodel` WHERE `applications_applicationmodel`.`id` = 160963 LIMIT 21; args=(160963,)
(0.000) SELECT `applications_applicationmodel`.`id`, `applications_applicationmodel`.`priority_id`, `applications_applicationmodel`.`equipment_id`, `applications_applicationmodel`.`problem`, `applications_applicationmodel`.`contact_id`, `applications_applicationmodel`.`client_id`, `applications_applicationmodel`.`engineer_id`, `applications_applicationmodel`.`pubdate`, `applications_applicationmodel`.`status_id`, `applications_applicationmodel`.`creator_id`, `applications_applicationmodel`.`changed` FROM `applications_applicationmodel` WHERE `applications_applicationmodel`.`id` = 160963 LIMIT 21; args=(160963,)
(0.000) SELECT `applications_applicationmodel`.`id`, `applications_applicationmodel`.`priority_id`, `applications_applicationmodel`.`equipment_id`, `applications_applicationmodel`.`problem`, `applications_applicationmodel`.`contact_id`, `applications_applicationmodel`.`client_id`, `applications_applicationmodel`.`engineer_id`, `applications_applicationmodel`.`pubdate`, `applications_applicationmodel`.`status_id`, `applications_applicationmodel`.`creator_id`, `applications_applicationmodel`.`changed` FROM `applications_applicationmodel` WHERE `applications_applicationmodel`.`id` = 160963 LIMIT 21; args=(160963,)
(0.000) SELECT `applications_applicationmodel`.`id`, `applications_applicationmodel`.`priority_id`, `applications_applicationmodel`.`equipment_id`, `applications_applicationmodel`.`problem`, `applications_applicationmodel`.`contact_id`, `applications_applicationmodel`.`client_id`, `applications_applicationmodel`.`engineer_id`, `applications_applicationmodel`.`pubdate`, `applications_applicationmodel`.`status_id`, `applications_applicationmodel`.`creator_id`, `applications_applicationmodel`.`changed` FROM `applications_applicationmodel` WHERE `applications_applicationmodel`.`id` = 160963 LIMIT 21; args=(160963,)
(0.000) SELECT `applications_applicationmodel`.`id`, `applications_applicationmodel`.`priority_id`, `applications_applicationmodel`.`equipment_id`, `applications_applicationmodel`.`problem`, `applications_applicationmodel`.`contact_id`, `applications_applicationmodel`.`client_id`, `applications_applicationmodel`.`engineer_id`, `applications_applicationmodel`.`pubdate`, `applications_applicationmodel`.`status_id`, `applications_applicationmodel`.`creator_id`, `applications_applicationmodel`.`changed` FROM `applications_applicationmodel` WHERE `applications_applicationmodel`.`id` = 160963 LIMIT 21; args=(160963,)
(0.000) SELECT `applications_applicationmodel`.`id`, `applications_applicationmodel`.`priority_id`, `applications_applicationmodel`.`equipment_id`, `applications_applicationmodel`.`problem`, `applications_applicationmodel`.`contact_id`, `applications_applicationmodel`.`client_id`, `applications_applicationmodel`.`engineer_id`, `applications_applicationmodel`.`pubdate`, `applications_applicationmodel`.`status_id`, `applications_applicationmodel`.`creator_id`, `applications_applicationmodel`.`changed` FROM `applications_applicationmodel` WHERE `applications_applicationmodel`.`id` = 160952 LIMIT 21; args=(160952,)
(0.000) SELECT `applications_applicationmodel`.`id`, `applications_applicationmodel`.`priority_id`, `applications_applicationmodel`.`equipment_id`, `applications_applicationmodel`.`problem`, `applications_applicationmodel`.`contact_id`, `applications_applicationmodel`.`client_id`, `applications_applicationmodel`.`engineer_id`, `applications_applicationmodel`.`pubdate`, `applications_applicationmodel`.`status_id`, `applications_applicationmodel`.`creator_id`, `applications_applicationmodel`.`changed` FROM `applications_applicationmodel` WHERE `applications_applicationmodel`.`id` = 160952 LIMIT 21; args=(160952,)
(0.000) SELECT `applications_applicationmodel`.`id`, `applications_applicationmodel`.`priority_id`, `applications_applicationmodel`.`equipment_id`, `applications_applicationmodel`.`problem`, `applications_applicationmodel`.`contact_id`, `applications_applicationmodel`.`client_id`, `applications_applicationmodel`.`engineer_id`, `applications_applicationmodel`.`pubdate`, `applications_applicationmodel`.`status_id`, `applications_applicationmodel`.`creator_id`, `applications_applicationmodel`.`changed` FROM `applications_applicationmodel` WHERE `applications_applicationmodel`.`id` = 160893 LIMIT 21; args=(160893,)
(0.000) SELECT `applications_applicationmodel`.`id`, `applications_applicationmodel`.`priority_id`, `applications_applicationmodel`.`equipment_id`, `applications_applicationmodel`.`problem`, `applications_applicationmodel`.`contact_id`, `applications_applicationmodel`.`client_id`, `applications_applicationmodel`.`engineer_id`, `applications_applicationmodel`.`pubdate`, `applications_applicationmodel`.`status_id`, `applications_applicationmodel`.`creator_id`, `applications_applicationmodel`.`changed` FROM `applications_applicationmodel` WHERE `applications_applicationmodel`.`id` = 160893 LIMIT 21; args=(160893,)
(0.000) SELECT `applications_applicationmodel`.`id`, `applications_applicationmodel`.`priority_id`, `applications_applicationmodel`.`equipment_id`, `applications_applicationmodel`.`problem`, `applications_applicationmodel`.`contact_id`, `applications_applicationmodel`.`client_id`, `applications_applicationmodel`.`engineer_id`, `applications_applicationmodel`.`pubdate`, `applications_applicationmodel`.`status_id`, `applications_applicationmodel`.`creator_id`, `applications_applicationmodel`.`changed` FROM `applications_applicationmodel` WHERE `applications_applicationmodel`.`id` = 160953 LIMIT 21; args=(160953,)
(0.000) SELECT `applications_applicationmodel`.`id`, `applications_applicationmodel`.`priority_id`, `applications_applicationmodel`.`equipment_id`, `applications_applicationmodel`.`problem`, `applications_applicationmodel`.`contact_id`, `applications_applicationmodel`.`client_id`, `applications_applicationmodel`.`engineer_id`, `applications_applicationmodel`.`pubdate`, `applications_applicationmodel`.`status_id`, `applications_applicationmodel`.`creator_id`, `applications_applicationmodel`.`changed` FROM `applications_applicationmodel` WHERE `applications_applicationmodel`.`id` = 160962 LIMIT 21; args=(160962,)
(0.000) SELECT `applications_applicationmodel`.`id`, `applications_applicationmodel`.`priority_id`, `applications_applicationmodel`.`equipment_id`, `applications_applicationmodel`.`problem`, `applications_applicationmodel`.`contact_id`, `applications_applicationmodel`.`client_id`, `applications_applicationmodel`.`engineer_id`, `applications_applicationmodel`.`pubdate`, `applications_applicationmodel`.`status_id`, `applications_applicationmodel`.`creator_id`, `applications_applicationmodel`.`changed` FROM `applications_applicationmodel` WHERE `applications_applicationmodel`.`id` = 160942 LIMIT 21; args=(160942,)
(0.000) SELECT `applications_applicationmodel`.`id`, `applications_applicationmodel`.`priority_id`, `applications_applicationmodel`.`equipment_id`, `applications_applicationmodel`.`problem`, `applications_applicationmodel`.`contact_id`, `applications_applicationmodel`.`client_id`, `applications_applicationmodel`.`engineer_id`, `applications_applicationmodel`.`pubdate`, `applications_applicationmodel`.`status_id`, `applications_applicationmodel`.`creator_id`, `applications_applicationmodel`.`changed` FROM `applications_applicationmodel` WHERE `applications_applicationmodel`.`id` = 160929 LIMIT 21; args=(160929,)
(0.000) SELECT `applications_applicationmodel`.`id`, `applications_applicationmodel`.`priority_id`, `applications_applicationmodel`.`equipment_id`, `applications_applicationmodel`.`problem`, `applications_applicationmodel`.`contact_id`, `applications_applicationmodel`.`client_id`, `applications_applicationmodel`.`engineer_id`, `applications_applicationmodel`.`pubdate`, `applications_applicationmodel`.`status_id`, `applications_applicationmodel`.`creator_id`, `applications_applicationmodel`.`changed` FROM `applications_applicationmodel` WHERE `applications_applicationmodel`.`id` = 160954 LIMIT 21; args=(160954,)
(0.000) SELECT `applications_applicationmodel`.`id`, `applications_applicationmodel`.`priority_id`, `applications_applicationmodel`.`equipment_id`, `applications_applicationmodel`.`problem`, `applications_applicationmodel`.`contact_id`, `applications_applicationmodel`.`client_id`, `applications_applicationmodel`.`engineer_id`, `applications_applicationmodel`.`pubdate`, `applications_applicationmodel`.`status_id`, `applications_applicationmodel`.`creator_id`, `applications_applicationmodel`.`changed` FROM `applications_applicationmodel` WHERE `applications_applicationmodel`.`id` = 160949 LIMIT 21; args=(160949,)
(0.000) SELECT `applications_applicationmodel`.`id`, `applications_applicationmodel`.`priority_id`, `applications_applicationmodel`.`equipment_id`, `applications_applicationmodel`.`problem`, `applications_applicationmodel`.`contact_id`, `applications_applicationmodel`.`client_id`, `applications_applicationmodel`.`engineer_id`, `applications_applicationmodel`.`pubdate`, `applications_applicationmodel`.`status_id`, `applications_applicationmodel`.`creator_id`, `applications_applicationmodel`.`changed` FROM `applications_applicationmodel` WHERE `applications_applicationmodel`.`id` = 160938 LIMIT 21; args=(160938,)
(0.000) SELECT `applications_applicationmodel`.`id`, `applications_applicationmodel`.`priority_id`, `applications_applicationmodel`.`equipment_id`, `applications_applicationmodel`.`problem`, `applications_applicationmodel`.`contact_id`, `applications_applicationmodel`.`client_id`, `applications_applicationmodel`.`engineer_id`, `applications_applicationmodel`.`pubdate`, `applications_applicationmodel`.`status_id`, `applications_applicationmodel`.`creator_id`, `applications_applicationmodel`.`changed` FROM `applications_applicationmodel` WHERE `applications_applicationmodel`.`id` = 160929 LIMIT 21; args=(160929,)
(0.000) SELECT `applications_applicationmodel`.`id`, `applications_applicationmodel`.`priority_id`, `applications_applicationmodel`.`equipment_id`, `applications_applicationmodel`.`problem`, `applications_applicationmodel`.`contact_id`, `applications_applicationmodel`.`client_id`, `applications_applicationmodel`.`engineer_id`, `applications_applicationmodel`.`pubdate`, `applications_applicationmodel`.`status_id`, `applications_applicationmodel`.`creator_id`, `applications_applicationmodel`.`changed` FROM `applications_applicationmodel` WHERE `applications_applicationmodel`.`id` = 160961 LIMIT 21; args=(160961,)
(0.000) SELECT `applications_applicationmodel`.`id`, `applications_applicationmodel`.`priority_id`, `applications_applicationmodel`.`equipment_id`, `applications_applicationmodel`.`problem`, `applications_applicationmodel`.`contact_id`, `applications_applicationmodel`.`client_id`, `applications_applicationmodel`.`engineer_id`, `applications_applicationmodel`.`pubdate`, `applications_applicationmodel`.`status_id`, `applications_applicationmodel`.`creator_id`, `applications_applicationmodel`.`changed` FROM `applications_applicationmodel` WHERE `applications_applicationmodel`.`id` = 160961 LIMIT 21; args=(160961,)
(0.000) SELECT `applications_applicationmodel`.`id`, `applications_applicationmodel`.`priority_id`, `applications_applicationmodel`.`equipment_id`, `applications_applicationmodel`.`problem`, `applications_applicationmodel`.`contact_id`, `applications_applicationmodel`.`client_id`, `applications_applicationmodel`.`engineer_id`, `applications_applicationmodel`.`pubdate`, `applications_applicationmodel`.`status_id`, `applications_applicationmodel`.`creator_id`, `applications_applicationmodel`.`changed` FROM `applications_applicationmodel` WHERE `applications_applicationmodel`.`id` = 160961 LIMIT 21; args=(160961,)
(0.000) SELECT `applications_applicationmodel`.`id`, `applications_applicationmodel`.`priority_id`, `applications_applicationmodel`.`equipment_id`, `applications_applicationmodel`.`problem`, `applications_applicationmodel`.`contact_id`, `applications_applicationmodel`.`client_id`, `applications_applicationmodel`.`engineer_id`, `applications_applicationmodel`.`pubdate`, `applications_applicationmodel`.`status_id`, `applications_applicationmodel`.`creator_id`, `applications_applicationmodel`.`changed` FROM `applications_applicationmodel` WHERE `applications_applicationmodel`.`id` = 160960 LIMIT 21; args=(160960,)
(0.000) SELECT `applications_applicationmodel`.`id`, `applications_applicationmodel`.`priority_id`, `applications_applicationmodel`.`equipment_id`, `applications_applicationmodel`.`problem`, `applications_applicationmodel`.`contact_id`, `applications_applicationmodel`.`client_id`, `applications_applicationmodel`.`engineer_id`, `applications_applicationmodel`.`pubdate`, `applications_applicationmodel`.`status_id`, `applications_applicationmodel`.`creator_id`, `applications_applicationmodel`.`changed` FROM `applications_applicationmodel` WHERE `applications_applicationmodel`.`id` = 160955 LIMIT 21; args=(160955,)
(0.000) SELECT `applications_applicationmodel`.`id`, `applications_applicationmodel`.`priority_id`, `applications_applicationmodel`.`equipment_id`, `applications_applicationmodel`.`problem`, `applications_applicationmodel`.`contact_id`, `applications_applicationmodel`.`client_id`, `applications_applicationmodel`.`engineer_id`, `applications_applicationmodel`.`pubdate`, `applications_applicationmodel`.`status_id`, `applications_applicationmodel`.`creator_id`, `applications_applicationmodel`.`changed` FROM `applications_applicationmodel` WHERE `applications_applicationmodel`.`id` = 160921 LIMIT 21; args=(160921,)
(0.000) SELECT `applications_applicationmodel`.`id`, `applications_applicationmodel`.`priority_id`, `applications_applicationmodel`.`equipment_id`, `applications_applicationmodel`.`problem`, `applications_applicationmodel`.`contact_id`, `applications_applicationmodel`.`client_id`, `applications_applicationmodel`.`engineer_id`, `applications_applicationmodel`.`pubdate`, `applications_applicationmodel`.`status_id`, `applications_applicationmodel`.`creator_id`, `applications_applicationmodel`.`changed` FROM `applications_applicationmodel` WHERE `applications_applicationmodel`.`id` = 160927 LIMIT 21; args=(160927,)
(0.000) 
                SELECT VERSION(),
                       @@sql_mode,
                       @@default_storage_engine,
                       @@sql_auto_is_null,
                       @@lower_case_table_names,
                       CONVERT_TZ('2001-01-01 01:00:00', 'UTC', 'UTC') IS NOT NULL
            ; args=None
(0.000) SET SESSION TRANSACTION ISOLATION LEVEL READ COMMITTED; args=None
(0.000) SELECT `django_session`.`session_key`, `django_session`.`session_data`, `django_session`.`expire_date` FROM `django_session` WHERE (`django_session`.`expire_date` > '2025-04-02 20:47:27.349016' AND `django_session`.`session_key` = 'oatwx88yi54fpi5f0lj68wno5rkjd9nq') LIMIT 21; args=('2025-04-02 20:47:27.349016', 'oatwx88yi54fpi5f0lj68wno5rkjd9nq')
(0.000) SELECT `accounts_user`.`id`, `accounts_user`.`password`, `accounts_user`.`last_login`, `accounts_user`.`is_superuser`, `accounts_user`.`first_name`, `accounts_user`.`last_name`, `accounts_user`.`is_staff`, `accounts_user`.`is_active`, `accounts_user`.`date_joined`, `accounts_user`.`email`, `accounts_user`.`inn`, `accounts_user`.`organization_id`, `accounts_user`.`address`, `accounts_user`.`phone`, `accounts_user`.`telegram` FROM `accounts_user` WHERE `accounts_user`.`id` = 1 LIMIT 21; args=(1,)
(0.001) SELECT `applications_apphistorymodel`.`id`, `applications_apphistorymodel`.`pubdate`, `applications_apphistorymodel`.`text`, TRIM(CASE WHEN (`accounts_user`.`last_name` IS NOT NULL AND NOT (`accounts_user`.`last_name` = '')) THEN CONCAT_WS('', `accounts_user`.`last_name`, CONCAT_WS('', ' ', `accounts_user`.`first_name`)) ELSE `accounts_user`.`email` END) AS `author_name`, DATE_FORMAT(CONVERT_TZ(`applications_apphistorymodel`.`pubdate`, '+00:00', '+03:00'), '%d.%m.%Y %H:%i') AS `formatted_date`, 'status' AS `record_type`, '' AS `hide` FROM `applications_apphistorymodel` INNER JOIN `accounts_user` ON (`applications_apphistorymodel`.`author_id` = `accounts_user`.`id`) WHERE `applications_apphistorymodel`.`application_id` = 160875 ORDER BY `applications_apphistorymodel`.`pubdate` ASC; args=('', ' ', '+00:00', '+03:00', '%d.%m.%Y %H:%i', 'status', '', 160875)
(0.021) SELECT `applications_appcommentmodel`.`id`, `applications_appcommentmodel`.`pubdate`, `applications_appcommentmodel`.`text`, `applications_appcommentmodel`.`hide`, TRIM(CONCAT_WS('', `accounts_user`.`last_name`, CONCAT_WS('', ' ', `accounts_user`.`first_name`))) AS `author_name`, DATE_FORMAT(CONVERT_TZ(`applications_appcommentmodel`.`pubdate`, '+00:00', '+03:00'), '%d.%m.%Y %H:%i') AS `formatted_date`, 'comment' AS `record_type` FROM `applications_appcommentmodel` LEFT OUTER JOIN `accounts_user` ON (`applications_appcommentmodel`.`author_id` = `accounts_user`.`id`) WHERE `applications_appcommentmodel`.`application_id` = 160875 ORDER BY `applications_appcommentmodel`.`pubdate` ASC; args=(' ', '+00:00', '+03:00', '%d.%m.%Y %H:%i', 'comment', 160875)
(0.016) SELECT COUNT(*) FROM (SELECT '1' AS `new` FROM `applications_apphistorymodel` LEFT OUTER JOIN `applications_apphistoryviewedmodel` ON (`applications_apphistorymodel`.`id` = `applications_apphistoryviewedmodel`.`history_id`) WHERE ((`applications_apphistorymodel`.`type` = 1 OR `applications_apphistorymodel`.`type` = 2 OR `applications_apphistorymodel`.`type` = 5 OR `applications_apphistorymodel`.`type` = 6) AND (`applications_apphistoryviewedmodel`.`id` IS NULL OR NOT EXISTS(SELECT (1) AS `a` FROM `applications_apphistoryviewedmodel` U0 WHERE (U0.`history_id` = `applications_apphistorymodel`.`id` AND U0.`user_id` = 1) LIMIT 1)))) subquery; args=('1', 1, 2, 5, 6, 1)
(0.013) SELECT `applications_apphistorymodel`.`id`, `applications_apphistorymodel`.`type`, `applications_apphistorymodel`.`text`, `applications_apphistorymodel`.`pubdate`, `applications_apphistorymodel`.`number`, `applications_apphistorymodel`.`application_id`, `applications_apphistorymodel`.`author_id`, '1' AS `new` FROM `applications_apphistorymodel` LEFT OUTER JOIN `applications_apphistoryviewedmodel` ON (`applications_apphistorymodel`.`id` = `applications_apphistoryviewedmodel`.`history_id`) WHERE ((`applications_apphistorymodel`.`type` = 1 OR `applications_apphistorymodel`.`type` = 2 OR `applications_apphistorymodel`.`type` = 5 OR `applications_apphistorymodel`.`type` = 6) AND (`applications_apphistoryviewedmodel`.`id` IS NULL OR NOT EXISTS(SELECT (1) AS `a` FROM `applications_apphistoryviewedmodel` U0 WHERE (U0.`history_id` = `applications_apphistorymodel`.`id` AND U0.`user_id` = 1) LIMIT 1))) ORDER BY `applications_apphistorymodel`.`pubdate` DESC; args=('1', 1, 2, 5, 6, 1)
(0.001) SELECT `applications_applicationmodel`.`id`, `applications_applicationmodel`.`priority_id`, `applications_applicationmodel`.`equipment_id`, `applications_applicationmodel`.`problem`, `applications_applicationmodel`.`contact_id`, `applications_applicationmodel`.`client_id`, `applications_applicationmodel`.`engineer_id`, `applications_applicationmodel`.`pubdate`, `applications_applicationmodel`.`status_id`, `applications_applicationmodel`.`creator_id`, `applications_applicationmodel`.`changed` FROM `applications_applicationmodel` WHERE `applications_applicationmodel`.`id` = 160971 LIMIT 21; args=(160971,)
(0.000) SELECT `applications_applicationmodel`.`id`, `applications_applicationmodel`.`priority_id`, `applications_applicationmodel`.`equipment_id`, `applications_applicationmodel`.`problem`, `applications_applicationmodel`.`contact_id`, `applications_applicationmodel`.`client_id`, `applications_applicationmodel`.`engineer_id`, `applications_applicationmodel`.`pubdate`, `applications_applicationmodel`.`status_id`, `applications_applicationmodel`.`creator_id`, `applications_applicationmodel`.`changed` FROM `applications_applicationmodel` WHERE `applications_applicationmodel`.`id` = 160971 LIMIT 21; args=(160971,)
(0.000) SELECT `applications_applicationmodel`.`id`, `applications_applicationmodel`.`priority_id`, `applications_applicationmodel`.`equipment_id`, `applications_applicationmodel`.`problem`, `applications_applicationmodel`.`contact_id`, `applications_applicationmodel`.`client_id`, `applications_applicationmodel`.`engineer_id`, `applications_applicationmodel`.`pubdate`, `applications_applicationmodel`.`status_id`, `applications_applicationmodel`.`creator_id`, `applications_applicationmodel`.`changed` FROM `applications_applicationmodel` WHERE `applications_applicationmodel`.`id` = 160971 LIMIT 21; args=(160971,)
(0.000) SELECT `applications_applicationmodel`.`id`, `applications_applicationmodel`.`priority_id`, `applications_applicationmodel`.`equipment_id`, `applications_applicationmodel`.`problem`, `applications_applicationmodel`.`contact_id`, `applications_applicationmodel`.`client_id`, `applications_applicationmodel`.`engineer_id`, `applications_applicationmodel`.`pubdate`, `applications_applicationmodel`.`status_id`, `applications_applicationmodel`.`creator_id`, `applications_applicationmodel`.`changed` FROM `applications_applicationmodel` WHERE `applications_applicationmodel`.`id` = 160971 LIMIT 21; args=(160971,)
(0.000) SELECT `applications_applicationmodel`.`id`, `applications_applicationmodel`.`priority_id`, `applications_applicationmodel`.`equipment_id`, `applications_applicationmodel`.`problem`, `applications_applicationmodel`.`contact_id`, `applications_applicationmodel`.`client_id`, `applications_applicationmodel`.`engineer_id`, `applications_applicationmodel`.`pubdate`, `applications_applicationmodel`.`status_id`, `applications_applicationmodel`.`creator_id`, `applications_applicationmodel`.`changed` FROM `applications_applicationmodel` WHERE `applications_applicationmodel`.`id` = 160971 LIMIT 21; args=(160971,)
(0.000) SELECT `applications_applicationmodel`.`id`, `applications_applicationmodel`.`priority_id`, `applications_applicationmodel`.`equipment_id`, `applications_applicationmodel`.`problem`, `applications_applicationmodel`.`contact_id`, `applications_applicationmodel`.`client_id`, `applications_applicationmodel`.`engineer_id`, `applications_applicationmodel`.`pubdate`, `applications_applicationmodel`.`status_id`, `applications_applicationmodel`.`creator_id`, `applications_applicationmodel`.`changed` FROM `applications_applicationmodel` WHERE `applications_applicationmodel`.`id` = 160971 LIMIT 21; args=(160971,)
(0.000) SELECT `applications_applicationmodel`.`id`, `applications_applicationmodel`.`priority_id`, `applications_applicationmodel`.`equipment_id`, `applications_applicationmodel`.`problem`, `applications_applicationmodel`.`contact_id`, `applications_applicationmodel`.`client_id`, `applications_applicationmodel`.`engineer_id`, `applications_applicationmodel`.`pubdate`, `applications_applicationmodel`.`status_id`, `applications_applicationmodel`.`creator_id`, `applications_applicationmodel`.`changed` FROM `applications_applicationmodel` WHERE `applications_applicationmodel`.`id` = 160971 LIMIT 21; args=(160971,)
(0.000) SELECT `applications_applicationmodel`.`id`, `applications_applicationmodel`.`priority_id`, `applications_applicationmodel`.`equipment_id`, `applications_applicationmodel`.`problem`, `applications_applicationmodel`.`contact_id`, `applications_applicationmodel`.`client_id`, `applications_applicationmodel`.`engineer_id`, `applications_applicationmodel`.`pubdate`, `applications_applicationmodel`.`status_id`, `applications_applicationmodel`.`creator_id`, `applications_applicationmodel`.`changed` FROM `applications_applicationmodel` WHERE `applications_applicationmodel`.`id` = 160971 LIMIT 21; args=(160971,)
(0.000) SELECT `applications_applicationmodel`.`id`, `applications_applicationmodel`.`priority_id`, `applications_applicationmodel`.`equipment_id`, `applications_applicationmodel`.`problem`, `applications_applicationmodel`.`contact_id`, `applications_applicationmodel`.`client_id`, `applications_applicationmodel`.`engineer_id`, `applications_applicationmodel`.`pubdate`, `applications_applicationmodel`.`status_id`, `applications_applicationmodel`.`creator_id`, `applications_applicationmodel`.`changed` FROM `applications_applicationmodel` WHERE `applications_applicationmodel`.`id` = 160971 LIMIT 21; args=(160971,)
(0.000) SELECT `applications_applicationmodel`.`id`, `applications_applicationmodel`.`priority_id`, `applications_applicationmodel`.`equipment_id`, `applications_applicationmodel`.`problem`, `applications_applicationmodel`.`contact_id`, `applications_applicationmodel`.`client_id`, `applications_applicationmodel`.`engineer_id`, `applications_applicationmodel`.`pubdate`, `applications_applicationmodel`.`status_id`, `applications_applicationmodel`.`creator_id`, `applications_applicationmodel`.`changed` FROM `applications_applicationmodel` WHERE `applications_applicationmodel`.`id` = 160971 LIMIT 21; args=(160971,)
(0.000) SELECT `applications_applicationmodel`.`id`, `applications_applicationmodel`.`priority_id`, `applications_applicationmodel`.`equipment_id`, `applications_applicationmodel`.`problem`, `applications_applicationmodel`.`contact_id`, `applications_applicationmodel`.`client_id`, `applications_applicationmodel`.`engineer_id`, `applications_applicationmodel`.`pubdate`, `applications_applicationmodel`.`status_id`, `applications_applicationmodel`.`creator_id`, `applications_applicationmodel`.`changed` FROM `applications_applicationmodel` WHERE `applications_applicationmodel`.`id` = 160971 LIMIT 21; args=(160971,)
(0.000) SELECT `applications_applicationmodel`.`id`, `applications_applicationmodel`.`priority_id`, `applications_applicationmodel`.`equipment_id`, `applications_applicationmodel`.`problem`, `applications_applicationmodel`.`contact_id`, `applications_applicationmodel`.`client_id`, `applications_applicationmodel`.`engineer_id`, `applications_applicationmodel`.`pubdate`, `applications_applicationmodel`.`status_id`, `applications_applicationmodel`.`creator_id`, `applications_applicationmodel`.`changed` FROM `applications_applicationmodel` WHERE `applications_applicationmodel`.`id` = 160971 LIMIT 21; args=(160971,)
(0.000) SELECT `applications_applicationmodel`.`id`, `applications_applicationmodel`.`priority_id`, `applications_applicationmodel`.`equipment_id`, `applications_applicationmodel`.`problem`, `applications_applicationmodel`.`contact_id`, `applications_applicationmodel`.`client_id`, `applications_applicationmodel`.`engineer_id`, `applications_applicationmodel`.`pubdate`, `applications_applicationmodel`.`status_id`, `applications_applicationmodel`.`creator_id`, `applications_applicationmodel`.`changed` FROM `applications_applicationmodel` WHERE `applications_applicationmodel`.`id` = 160971 LIMIT 21; args=(160971,)
(0.000) SELECT `applications_applicationmodel`.`id`, `applications_applicationmodel`.`priority_id`, `applications_applicationmodel`.`equipment_id`, `applications_applicationmodel`.`problem`, `applications_applicationmodel`.`contact_id`, `applications_applicationmodel`.`client_id`, `applications_applicationmodel`.`engineer_id`, `applications_applicationmodel`.`pubdate`, `applications_applicationmodel`.`status_id`, `applications_applicationmodel`.`creator_id`, `applications_applicationmodel`.`changed` FROM `applications_applicationmodel` WHERE `applications_applicationmodel`.`id` = 160971 LIMIT 21; args=(160971,)
(0.000) SELECT `applications_applicationmodel`.`id`, `applications_applicationmodel`.`priority_id`, `applications_applicationmodel`.`equipment_id`, `applications_applicationmodel`.`problem`, `applications_applicationmodel`.`contact_id`, `applications_applicationmodel`.`client_id`, `applications_applicationmodel`.`engineer_id`, `applications_applicationmodel`.`pubdate`, `applications_applicationmodel`.`status_id`, `applications_applicationmodel`.`creator_id`, `applications_applicationmodel`.`changed` FROM `applications_applicationmodel` WHERE `applications_applicationmodel`.`id` = 160971 LIMIT 21; args=(160971,)
Exception while resolving variable 'id' in template 'applications/history.html'.
Traceback (most recent call last):
  File "/var/www/html/django/integrator/integrator_env/lib/python3.6/site-packages/django/template/base.py", line 829, in _resolve_lookup
    current = current[bit]
TypeError: 'NoneType' object is not subscriptable

During handling of the above exception, another exception occurred:

Traceback (most recent call last):
  File "/var/www/html/django/integrator/integrator_env/lib/python3.6/site-packages/django/template/base.py", line 837, in _resolve_lookup
    current = getattr(current, bit)
AttributeError: 'NoneType' object has no attribute 'id'

During handling of the above exception, another exception occurred:

Traceback (most recent call last):
  File "/var/www/html/django/integrator/integrator_env/lib/python3.6/site-packages/django/template/base.py", line 843, in _resolve_lookup
    current = current[int(bit)]
ValueError: invalid literal for int() with base 10: 'id'

During handling of the above exception, another exception occurred:

Traceback (most recent call last):
  File "/var/www/html/django/integrator/integrator_env/lib/python3.6/site-packages/django/template/base.py", line 850, in _resolve_lookup
    (bit, current))  # missing attribute
django.template.base.VariableDoesNotExist: Failed lookup for key [id] in None
Exception while resolving variable 'id' in template 'applications/history.html'.
Traceback (most recent call last):
  File "/var/www/html/django/integrator/integrator_env/lib/python3.6/site-packages/django/template/base.py", line 829, in _resolve_lookup
    current = current[bit]
TypeError: 'NoneType' object is not subscriptable

During handling of the above exception, another exception occurred:

Traceback (most recent call last):
  File "/var/www/html/django/integrator/integrator_env/lib/python3.6/site-packages/django/template/base.py", line 837, in _resolve_lookup
    current = getattr(current, bit)
AttributeError: 'NoneType' object has no attribute 'id'

During handling of the above exception, another exception occurred:

Traceback (most recent call last):
  File "/var/www/html/django/integrator/integrator_env/lib/python3.6/site-packages/django/template/base.py", line 843, in _resolve_lookup
    current = current[int(bit)]
ValueError: invalid literal for int() with base 10: 'id'

During handling of the above exception, another exception occurred:

Traceback (most recent call last):
  File "/var/www/html/django/integrator/integrator_env/lib/python3.6/site-packages/django/template/base.py", line 850, in _resolve_lookup
    (bit, current))  # missing attribute
django.template.base.VariableDoesNotExist: Failed lookup for key [id] in None
Exception while resolving variable 'id' in template 'applications/history.html'.
Traceback (most recent call last):
  File "/var/www/html/django/integrator/integrator_env/lib/python3.6/site-packages/django/template/base.py", line 829, in _resolve_lookup
    current = current[bit]
TypeError: 'NoneType' object is not subscriptable

During handling of the above exception, another exception occurred:

Traceback (most recent call last):
  File "/var/www/html/django/integrator/integrator_env/lib/python3.6/site-packages/django/template/base.py", line 837, in _resolve_lookup
    current = getattr(current, bit)
AttributeError: 'NoneType' object has no attribute 'id'

During handling of the above exception, another exception occurred:

Traceback (most recent call last):
  File "/var/www/html/django/integrator/integrator_env/lib/python3.6/site-packages/django/template/base.py", line 843, in _resolve_lookup
    current = current[int(bit)]
ValueError: invalid literal for int() with base 10: 'id'

During handling of the above exception, another exception occurred:

Traceback (most recent call last):
  File "/var/www/html/django/integrator/integrator_env/lib/python3.6/site-packages/django/template/base.py", line 850, in _resolve_lookup
    (bit, current))  # missing attribute
django.template.base.VariableDoesNotExist: Failed lookup for key [id] in None
Exception while resolving variable 'id' in template 'applications/history.html'.
Traceback (most recent call last):
  File "/var/www/html/django/integrator/integrator_env/lib/python3.6/site-packages/django/template/base.py", line 829, in _resolve_lookup
    current = current[bit]
TypeError: 'NoneType' object is not subscriptable

During handling of the above exception, another exception occurred:

Traceback (most recent call last):
  File "/var/www/html/django/integrator/integrator_env/lib/python3.6/site-packages/django/template/base.py", line 837, in _resolve_lookup
    current = getattr(current, bit)
AttributeError: 'NoneType' object has no attribute 'id'

During handling of the above exception, another exception occurred:

Traceback (most recent call last):
  File "/var/www/html/django/integrator/integrator_env/lib/python3.6/site-packages/django/template/base.py", line 843, in _resolve_lookup
    current = current[int(bit)]
ValueError: invalid literal for int() with base 10: 'id'

During handling of the above exception, another exception occurred:

Traceback (most recent call last):
  File "/var/www/html/django/integrator/integrator_env/lib/python3.6/site-packages/django/template/base.py", line 850, in _resolve_lookup
    (bit, current))  # missing attribute
django.template.base.VariableDoesNotExist: Failed lookup for key [id] in None
Exception while resolving variable 'id' in template 'applications/history.html'.
Traceback (most recent call last):
  File "/var/www/html/django/integrator/integrator_env/lib/python3.6/site-packages/django/template/base.py", line 829, in _resolve_lookup
    current = current[bit]
TypeError: 'NoneType' object is not subscriptable

During handling of the above exception, another exception occurred:

Traceback (most recent call last):
  File "/var/www/html/django/integrator/integrator_env/lib/python3.6/site-packages/django/template/base.py", line 837, in _resolve_lookup
    current = getattr(current, bit)
AttributeError: 'NoneType' object has no attribute 'id'

During handling of the above exception, another exception occurred:

Traceback (most recent call last):
  File "/var/www/html/django/integrator/integrator_env/lib/python3.6/site-packages/django/template/base.py", line 843, in _resolve_lookup
    current = current[int(bit)]
ValueError: invalid literal for int() with base 10: 'id'

During handling of the above exception, another exception occurred:

Traceback (most recent call last):
  File "/var/www/html/django/integrator/integrator_env/lib/python3.6/site-packages/django/template/base.py", line 850, in _resolve_lookup
    (bit, current))  # missing attribute
django.template.base.VariableDoesNotExist: Failed lookup for key [id] in None
Exception while resolving variable 'id' in template 'applications/history.html'.
Traceback (most recent call last):
  File "/var/www/html/django/integrator/integrator_env/lib/python3.6/site-packages/django/template/base.py", line 829, in _resolve_lookup
    current = current[bit]
TypeError: 'NoneType' object is not subscriptable

During handling of the above exception, another exception occurred:

Traceback (most recent call last):
  File "/var/www/html/django/integrator/integrator_env/lib/python3.6/site-packages/django/template/base.py", line 837, in _resolve_lookup
    current = getattr(current, bit)
AttributeError: 'NoneType' object has no attribute 'id'

During handling of the above exception, another exception occurred:

Traceback (most recent call last):
  File "/var/www/html/django/integrator/integrator_env/lib/python3.6/site-packages/django/template/base.py", line 843, in _resolve_lookup
    current = current[int(bit)]
ValueError: invalid literal for int() with base 10: 'id'

During handling of the above exception, another exception occurred:

Traceback (most recent call last):
  File "/var/www/html/django/integrator/integrator_env/lib/python3.6/site-packages/django/template/base.py", line 850, in _resolve_lookup
    (bit, current))  # missing attribute
django.template.base.VariableDoesNotExist: Failed lookup for key [id] in None
Exception while resolving variable 'id' in template 'applications/history.html'.
Traceback (most recent call last):
  File "/var/www/html/django/integrator/integrator_env/lib/python3.6/site-packages/django/template/base.py", line 829, in _resolve_lookup
    current = current[bit]
TypeError: 'NoneType' object is not subscriptable

During handling of the above exception, another exception occurred:

Traceback (most recent call last):
  File "/var/www/html/django/integrator/integrator_env/lib/python3.6/site-packages/django/template/base.py", line 837, in _resolve_lookup
    current = getattr(current, bit)
AttributeError: 'NoneType' object has no attribute 'id'

During handling of the above exception, another exception occurred:

Traceback (most recent call last):
  File "/var/www/html/django/integrator/integrator_env/lib/python3.6/site-packages/django/template/base.py", line 843, in _resolve_lookup
    current = current[int(bit)]
ValueError: invalid literal for int() with base 10: 'id'

During handling of the above exception, another exception occurred:

Traceback (most recent call last):
  File "/var/www/html/django/integrator/integrator_env/lib/python3.6/site-packages/django/template/base.py", line 850, in _resolve_lookup
    (bit, current))  # missing attribute
django.template.base.VariableDoesNotExist: Failed lookup for key [id] in None
Exception while resolving variable 'id' in template 'applications/history.html'.
Traceback (most recent call last):
  File "/var/www/html/django/integrator/integrator_env/lib/python3.6/site-packages/django/template/base.py", line 829, in _resolve_lookup
    current = current[bit]
TypeError: 'NoneType' object is not subscriptable

During handling of the above exception, another exception occurred:

Traceback (most recent call last):
  File "/var/www/html/django/integrator/integrator_env/lib/python3.6/site-packages/django/template/base.py", line 837, in _resolve_lookup
    current = getattr(current, bit)
AttributeError: 'NoneType' object has no attribute 'id'

During handling of the above exception, another exception occurred:

Traceback (most recent call last):
  File "/var/www/html/django/integrator/integrator_env/lib/python3.6/site-packages/django/template/base.py", line 843, in _resolve_lookup
    current = current[int(bit)]
ValueError: invalid literal for int() with base 10: 'id'

During handling of the above exception, another exception occurred:

Traceback (most recent call last):
  File "/var/www/html/django/integrator/integrator_env/lib/python3.6/site-packages/django/template/base.py", line 850, in _resolve_lookup
    (bit, current))  # missing attribute
django.template.base.VariableDoesNotExist: Failed lookup for key [id] in None
Exception while resolving variable 'id' in template 'applications/history.html'.
Traceback (most recent call last):
  File "/var/www/html/django/integrator/integrator_env/lib/python3.6/site-packages/django/template/base.py", line 829, in _resolve_lookup
    current = current[bit]
TypeError: 'NoneType' object is not subscriptable

During handling of the above exception, another exception occurred:

Traceback (most recent call last):
  File "/var/www/html/django/integrator/integrator_env/lib/python3.6/site-packages/django/template/base.py", line 837, in _resolve_lookup
    current = getattr(current, bit)
AttributeError: 'NoneType' object has no attribute 'id'

During handling of the above exception, another exception occurred:

Traceback (most recent call last):
  File "/var/www/html/django/integrator/integrator_env/lib/python3.6/site-packages/django/template/base.py", line 843, in _resolve_lookup
    current = current[int(bit)]
ValueError: invalid literal for int() with base 10: 'id'

During handling of the above exception, another exception occurred:

Traceback (most recent call last):
  File "/var/www/html/django/integrator/integrator_env/lib/python3.6/site-packages/django/template/base.py", line 850, in _resolve_lookup
    (bit, current))  # missing attribute
django.template.base.VariableDoesNotExist: Failed lookup for key [id] in None
Exception while resolving variable 'id' in template 'applications/history.html'.
Traceback (most recent call last):
  File "/var/www/html/django/integrator/integrator_env/lib/python3.6/site-packages/django/template/base.py", line 829, in _resolve_lookup
    current = current[bit]
TypeError: 'NoneType' object is not subscriptable

During handling of the above exception, another exception occurred:

Traceback (most recent call last):
  File "/var/www/html/django/integrator/integrator_env/lib/python3.6/site-packages/django/template/base.py", line 837, in _resolve_lookup
    current = getattr(current, bit)
AttributeError: 'NoneType' object has no attribute 'id'

During handling of the above exception, another exception occurred:

Traceback (most recent call last):
  File "/var/www/html/django/integrator/integrator_env/lib/python3.6/site-packages/django/template/base.py", line 843, in _resolve_lookup
    current = current[int(bit)]
ValueError: invalid literal for int() with base 10: 'id'

During handling of the above exception, another exception occurred:

Traceback (most recent call last):
  File "/var/www/html/django/integrator/integrator_env/lib/python3.6/site-packages/django/template/base.py", line 850, in _resolve_lookup
    (bit, current))  # missing attribute
django.template.base.VariableDoesNotExist: Failed lookup for key [id] in None
Exception while resolving variable 'id' in template 'applications/history.html'.
Traceback (most recent call last):
  File "/var/www/html/django/integrator/integrator_env/lib/python3.6/site-packages/django/template/base.py", line 829, in _resolve_lookup
    current = current[bit]
TypeError: 'NoneType' object is not subscriptable

During handling of the above exception, another exception occurred:

Traceback (most recent call last):
  File "/var/www/html/django/integrator/integrator_env/lib/python3.6/site-packages/django/template/base.py", line 837, in _resolve_lookup
    current = getattr(current, bit)
AttributeError: 'NoneType' object has no attribute 'id'

During handling of the above exception, another exception occurred:

Traceback (most recent call last):
  File "/var/www/html/django/integrator/integrator_env/lib/python3.6/site-packages/django/template/base.py", line 843, in _resolve_lookup
    current = current[int(bit)]
ValueError: invalid literal for int() with base 10: 'id'

During handling of the above exception, another exception occurred:

Traceback (most recent call last):
  File "/var/www/html/django/integrator/integrator_env/lib/python3.6/site-packages/django/template/base.py", line 850, in _resolve_lookup
    (bit, current))  # missing attribute
django.template.base.VariableDoesNotExist: Failed lookup for key [id] in None
Exception while resolving variable 'id' in template 'applications/history.html'.
Traceback (most recent call last):
  File "/var/www/html/django/integrator/integrator_env/lib/python3.6/site-packages/django/template/base.py", line 829, in _resolve_lookup
    current = current[bit]
TypeError: 'NoneType' object is not subscriptable

During handling of the above exception, another exception occurred:

Traceback (most recent call last):
  File "/var/www/html/django/integrator/integrator_env/lib/python3.6/site-packages/django/template/base.py", line 837, in _resolve_lookup
    current = getattr(current, bit)
AttributeError: 'NoneType' object has no attribute 'id'

During handling of the above exception, another exception occurred:

Traceback (most recent call last):
  File "/var/www/html/django/integrator/integrator_env/lib/python3.6/site-packages/django/template/base.py", line 843, in _resolve_lookup
    current = current[int(bit)]
ValueError: invalid literal for int() with base 10: 'id'

During handling of the above exception, another exception occurred:

Traceback (most recent call last):
  File "/var/www/html/django/integrator/integrator_env/lib/python3.6/site-packages/django/template/base.py", line 850, in _resolve_lookup
    (bit, current))  # missing attribute
django.template.base.VariableDoesNotExist: Failed lookup for key [id] in None
Exception while resolving variable 'id' in template 'applications/history.html'.
Traceback (most recent call last):
  File "/var/www/html/django/integrator/integrator_env/lib/python3.6/site-packages/django/template/base.py", line 829, in _resolve_lookup
    current = current[bit]
TypeError: 'NoneType' object is not subscriptable

During handling of the above exception, another exception occurred:

Traceback (most recent call last):
  File "/var/www/html/django/integrator/integrator_env/lib/python3.6/site-packages/django/template/base.py", line 837, in _resolve_lookup
    current = getattr(current, bit)
AttributeError: 'NoneType' object has no attribute 'id'

During handling of the above exception, another exception occurred:

Traceback (most recent call last):
  File "/var/www/html/django/integrator/integrator_env/lib/python3.6/site-packages/django/template/base.py", line 843, in _resolve_lookup
    current = current[int(bit)]
ValueError: invalid literal for int() with base 10: 'id'

During handling of the above exception, another exception occurred:

Traceback (most recent call last):
  File "/var/www/html/django/integrator/integrator_env/lib/python3.6/site-packages/django/template/base.py", line 850, in _resolve_lookup
    (bit, current))  # missing attribute
django.template.base.VariableDoesNotExist: Failed lookup for key [id] in None
Exception while resolving variable 'id' in template 'applications/history.html'.
Traceback (most recent call last):
  File "/var/www/html/django/integrator/integrator_env/lib/python3.6/site-packages/django/template/base.py", line 829, in _resolve_lookup
    current = current[bit]
TypeError: 'NoneType' object is not subscriptable

During handling of the above exception, another exception occurred:

Traceback (most recent call last):
  File "/var/www/html/django/integrator/integrator_env/lib/python3.6/site-packages/django/template/base.py", line 837, in _resolve_lookup
    current = getattr(current, bit)
AttributeError: 'NoneType' object has no attribute 'id'

During handling of the above exception, another exception occurred:

Traceback (most recent call last):
  File "/var/www/html/django/integrator/integrator_env/lib/python3.6/site-packages/django/template/base.py", line 843, in _resolve_lookup
    current = current[int(bit)]
ValueError: invalid literal for int() with base 10: 'id'

During handling of the above exception, another exception occurred:

Traceback (most recent call last):
  File "/var/www/html/django/integrator/integrator_env/lib/python3.6/site-packages/django/template/base.py", line 850, in _resolve_lookup
    (bit, current))  # missing attribute
django.template.base.VariableDoesNotExist: Failed lookup for key [id] in None
Exception while resolving variable 'id' in template 'applications/history.html'.
Traceback (most recent call last):
  File "/var/www/html/django/integrator/integrator_env/lib/python3.6/site-packages/django/template/base.py", line 829, in _resolve_lookup
    current = current[bit]
TypeError: 'NoneType' object is not subscriptable

During handling of the above exception, another exception occurred:

Traceback (most recent call last):
  File "/var/www/html/django/integrator/integrator_env/lib/python3.6/site-packages/django/template/base.py", line 837, in _resolve_lookup
    current = getattr(current, bit)
AttributeError: 'NoneType' object has no attribute 'id'

During handling of the above exception, another exception occurred:

Traceback (most recent call last):
  File "/var/www/html/django/integrator/integrator_env/lib/python3.6/site-packages/django/template/base.py", line 843, in _resolve_lookup
    current = current[int(bit)]
ValueError: invalid literal for int() with base 10: 'id'

During handling of the above exception, another exception occurred:

Traceback (most recent call last):
  File "/var/www/html/django/integrator/integrator_env/lib/python3.6/site-packages/django/template/base.py", line 850, in _resolve_lookup
    (bit, current))  # missing attribute
django.template.base.VariableDoesNotExist: Failed lookup for key [id] in None
Exception while resolving variable 'id' in template 'applications/history.html'.
Traceback (most recent call last):
  File "/var/www/html/django/integrator/integrator_env/lib/python3.6/site-packages/django/template/base.py", line 829, in _resolve_lookup
    current = current[bit]
TypeError: 'NoneType' object is not subscriptable

During handling of the above exception, another exception occurred:

Traceback (most recent call last):
  File "/var/www/html/django/integrator/integrator_env/lib/python3.6/site-packages/django/template/base.py", line 837, in _resolve_lookup
    current = getattr(current, bit)
AttributeError: 'NoneType' object has no attribute 'id'

During handling of the above exception, another exception occurred:

Traceback (most recent call last):
  File "/var/www/html/django/integrator/integrator_env/lib/python3.6/site-packages/django/template/base.py", line 843, in _resolve_lookup
    current = current[int(bit)]
ValueError: invalid literal for int() with base 10: 'id'

During handling of the above exception, another exception occurred:

Traceback (most recent call last):
  File "/var/www/html/django/integrator/integrator_env/lib/python3.6/site-packages/django/template/base.py", line 850, in _resolve_lookup
    (bit, current))  # missing attribute
django.template.base.VariableDoesNotExist: Failed lookup for key [id] in None
Exception while resolving variable 'id' in template 'applications/history.html'.
Traceback (most recent call last):
  File "/var/www/html/django/integrator/integrator_env/lib/python3.6/site-packages/django/template/base.py", line 829, in _resolve_lookup
    current = current[bit]
TypeError: 'NoneType' object is not subscriptable

During handling of the above exception, another exception occurred:

Traceback (most recent call last):
  File "/var/www/html/django/integrator/integrator_env/lib/python3.6/site-packages/django/template/base.py", line 837, in _resolve_lookup
    current = getattr(current, bit)
AttributeError: 'NoneType' object has no attribute 'id'

During handling of the above exception, another exception occurred:

Traceback (most recent call last):
  File "/var/www/html/django/integrator/integrator_env/lib/python3.6/site-packages/django/template/base.py", line 843, in _resolve_lookup
    current = current[int(bit)]
ValueError: invalid literal for int() with base 10: 'id'

During handling of the above exception, another exception occurred:

Traceback (most recent call last):
  File "/var/www/html/django/integrator/integrator_env/lib/python3.6/site-packages/django/template/base.py", line 850, in _resolve_lookup
    (bit, current))  # missing attribute
django.template.base.VariableDoesNotExist: Failed lookup for key [id] in None
Exception while resolving variable 'id' in template 'applications/history.html'.
Traceback (most recent call last):
  File "/var/www/html/django/integrator/integrator_env/lib/python3.6/site-packages/django/template/base.py", line 829, in _resolve_lookup
    current = current[bit]
TypeError: 'NoneType' object is not subscriptable

During handling of the above exception, another exception occurred:

Traceback (most recent call last):
  File "/var/www/html/django/integrator/integrator_env/lib/python3.6/site-packages/django/template/base.py", line 837, in _resolve_lookup
    current = getattr(current, bit)
AttributeError: 'NoneType' object has no attribute 'id'

During handling of the above exception, another exception occurred:

Traceback (most recent call last):
  File "/var/www/html/django/integrator/integrator_env/lib/python3.6/site-packages/django/template/base.py", line 843, in _resolve_lookup
    current = current[int(bit)]
ValueError: invalid literal for int() with base 10: 'id'

During handling of the above exception, another exception occurred:

Traceback (most recent call last):
  File "/var/www/html/django/integrator/integrator_env/lib/python3.6/site-packages/django/template/base.py", line 850, in _resolve_lookup
    (bit, current))  # missing attribute
django.template.base.VariableDoesNotExist: Failed lookup for key [id] in None
Exception while resolving variable 'id' in template 'applications/history.html'.
Traceback (most recent call last):
  File "/var/www/html/django/integrator/integrator_env/lib/python3.6/site-packages/django/template/base.py", line 829, in _resolve_lookup
    current = current[bit]
TypeError: 'NoneType' object is not subscriptable

During handling of the above exception, another exception occurred:

Traceback (most recent call last):
  File "/var/www/html/django/integrator/integrator_env/lib/python3.6/site-packages/django/template/base.py", line 837, in _resolve_lookup
    current = getattr(current, bit)
AttributeError: 'NoneType' object has no attribute 'id'

During handling of the above exception, another exception occurred:

Traceback (most recent call last):
  File "/var/www/html/django/integrator/integrator_env/lib/python3.6/site-packages/django/template/base.py", line 843, in _resolve_lookup
    current = current[int(bit)]
ValueError: invalid literal for int() with base 10: 'id'

During handling of the above exception, another exception occurred:

Traceback (most recent call last):
  File "/var/www/html/django/integrator/integrator_env/lib/python3.6/site-packages/django/template/base.py", line 850, in _resolve_lookup
    (bit, current))  # missing attribute
django.template.base.VariableDoesNotExist: Failed lookup for key [id] in None
Exception while resolving variable 'id' in template 'applications/history.html'.
Traceback (most recent call last):
  File "/var/www/html/django/integrator/integrator_env/lib/python3.6/site-packages/django/template/base.py", line 829, in _resolve_lookup
    current = current[bit]
TypeError: 'NoneType' object is not subscriptable

During handling of the above exception, another exception occurred:

Traceback (most recent call last):
  File "/var/www/html/django/integrator/integrator_env/lib/python3.6/site-packages/django/template/base.py", line 837, in _resolve_lookup
    current = getattr(current, bit)
AttributeError: 'NoneType' object has no attribute 'id'

During handling of the above exception, another exception occurred:

Traceback (most recent call last):
  File "/var/www/html/django/integrator/integrator_env/lib/python3.6/site-packages/django/template/base.py", line 843, in _resolve_lookup
    current = current[int(bit)]
ValueError: invalid literal for int() with base 10: 'id'

During handling of the above exception, another exception occurred:

Traceback (most recent call last):
  File "/var/www/html/django/integrator/integrator_env/lib/python3.6/site-packages/django/template/base.py", line 850, in _resolve_lookup
    (bit, current))  # missing attribute
django.template.base.VariableDoesNotExist: Failed lookup for key [id] in None
Exception while resolving variable 'id' in template 'applications/history.html'.
Traceback (most recent call last):
  File "/var/www/html/django/integrator/integrator_env/lib/python3.6/site-packages/django/template/base.py", line 829, in _resolve_lookup
    current = current[bit]
TypeError: 'NoneType' object is not subscriptable

During handling of the above exception, another exception occurred:

Traceback (most recent call last):
  File "/var/www/html/django/integrator/integrator_env/lib/python3.6/site-packages/django/template/base.py", line 837, in _resolve_lookup
    current = getattr(current, bit)
AttributeError: 'NoneType' object has no attribute 'id'

During handling of the above exception, another exception occurred:

Traceback (most recent call last):
  File "/var/www/html/django/integrator/integrator_env/lib/python3.6/site-packages/django/template/base.py", line 843, in _resolve_lookup
    current = current[int(bit)]
ValueError: invalid literal for int() with base 10: 'id'

During handling of the above exception, another exception occurred:

Traceback (most recent call last):
  File "/var/www/html/django/integrator/integrator_env/lib/python3.6/site-packages/django/template/base.py", line 850, in _resolve_lookup
    (bit, current))  # missing attribute
django.template.base.VariableDoesNotExist: Failed lookup for key [id] in None
Exception while resolving variable 'id' in template 'applications/history.html'.
Traceback (most recent call last):
  File "/var/www/html/django/integrator/integrator_env/lib/python3.6/site-packages/django/template/base.py", line 829, in _resolve_lookup
    current = current[bit]
TypeError: 'NoneType' object is not subscriptable

During handling of the above exception, another exception occurred:

Traceback (most recent call last):
  File "/var/www/html/django/integrator/integrator_env/lib/python3.6/site-packages/django/template/base.py", line 837, in _resolve_lookup
    current = getattr(current, bit)
AttributeError: 'NoneType' object has no attribute 'id'

During handling of the above exception, another exception occurred:

Traceback (most recent call last):
  File "/var/www/html/django/integrator/integrator_env/lib/python3.6/site-packages/django/template/base.py", line 843, in _resolve_lookup
    current = current[int(bit)]
ValueError: invalid literal for int() with base 10: 'id'

During handling of the above exception, another exception occurred:

Traceback (most recent call last):
  File "/var/www/html/django/integrator/integrator_env/lib/python3.6/site-packages/django/template/base.py", line 850, in _resolve_lookup
    (bit, current))  # missing attribute
django.template.base.VariableDoesNotExist: Failed lookup for key [id] in None
Exception while resolving variable 'id' in template 'applications/history.html'.
Traceback (most recent call last):
  File "/var/www/html/django/integrator/integrator_env/lib/python3.6/site-packages/django/template/base.py", line 829, in _resolve_lookup
    current = current[bit]
TypeError: 'NoneType' object is not subscriptable

During handling of the above exception, another exception occurred:

Traceback (most recent call last):
  File "/var/www/html/django/integrator/integrator_env/lib/python3.6/site-packages/django/template/base.py", line 837, in _resolve_lookup
    current = getattr(current, bit)
AttributeError: 'NoneType' object has no attribute 'id'

During handling of the above exception, another exception occurred:

Traceback (most recent call last):
  File "/var/www/html/django/integrator/integrator_env/lib/python3.6/site-packages/django/template/base.py", line 843, in _resolve_lookup
    current = current[int(bit)]
ValueError: invalid literal for int() with base 10: 'id'

During handling of the above exception, another exception occurred:

Traceback (most recent call last):
  File "/var/www/html/django/integrator/integrator_env/lib/python3.6/site-packages/django/template/base.py", line 850, in _resolve_lookup
    (bit, current))  # missing attribute
django.template.base.VariableDoesNotExist: Failed lookup for key [id] in None
Exception while resolving variable 'id' in template 'applications/history.html'.
Traceback (most recent call last):
  File "/var/www/html/django/integrator/integrator_env/lib/python3.6/site-packages/django/template/base.py", line 829, in _resolve_lookup
    current = current[bit]
TypeError: 'NoneType' object is not subscriptable

During handling of the above exception, another exception occurred:

Traceback (most recent call last):
  File "/var/www/html/django/integrator/integrator_env/lib/python3.6/site-packages/django/template/base.py", line 837, in _resolve_lookup
    current = getattr(current, bit)
AttributeError: 'NoneType' object has no attribute 'id'

During handling of the above exception, another exception occurred:

Traceback (most recent call last):
  File "/var/www/html/django/integrator/integrator_env/lib/python3.6/site-packages/django/template/base.py", line 843, in _resolve_lookup
    current = current[int(bit)]
ValueError: invalid literal for int() with base 10: 'id'

During handling of the above exception, another exception occurred:

Traceback (most recent call last):
  File "/var/www/html/django/integrator/integrator_env/lib/python3.6/site-packages/django/template/base.py", line 850, in _resolve_lookup
    (bit, current))  # missing attribute
django.template.base.VariableDoesNotExist: Failed lookup for key [id] in None
Exception while resolving variable 'id' in template 'applications/history.html'.
Traceback (most recent call last):
  File "/var/www/html/django/integrator/integrator_env/lib/python3.6/site-packages/django/template/base.py", line 829, in _resolve_lookup
    current = current[bit]
TypeError: 'NoneType' object is not subscriptable

During handling of the above exception, another exception occurred:

Traceback (most recent call last):
  File "/var/www/html/django/integrator/integrator_env/lib/python3.6/site-packages/django/template/base.py", line 837, in _resolve_lookup
    current = getattr(current, bit)
AttributeError: 'NoneType' object has no attribute 'id'

During handling of the above exception, another exception occurred:

Traceback (most recent call last):
  File "/var/www/html/django/integrator/integrator_env/lib/python3.6/site-packages/django/template/base.py", line 843, in _resolve_lookup
    current = current[int(bit)]
ValueError: invalid literal for int() with base 10: 'id'

During handling of the above exception, another exception occurred:

Traceback (most recent call last):
  File "/var/www/html/django/integrator/integrator_env/lib/python3.6/site-packages/django/template/base.py", line 850, in _resolve_lookup
    (bit, current))  # missing attribute
django.template.base.VariableDoesNotExist: Failed lookup for key [id] in None
Exception while resolving variable 'id' in template 'applications/history.html'.
Traceback (most recent call last):
  File "/var/www/html/django/integrator/integrator_env/lib/python3.6/site-packages/django/template/base.py", line 829, in _resolve_lookup
    current = current[bit]
TypeError: 'NoneType' object is not subscriptable

During handling of the above exception, another exception occurred:

Traceback (most recent call last):
  File "/var/www/html/django/integrator/integrator_env/lib/python3.6/site-packages/django/template/base.py", line 837, in _resolve_lookup
    current = getattr(current, bit)
AttributeError: 'NoneType' object has no attribute 'id'

During handling of the above exception, another exception occurred:

Traceback (most recent call last):
  File "/var/www/html/django/integrator/integrator_env/lib/python3.6/site-packages/django/template/base.py", line 843, in _resolve_lookup
    current = current[int(bit)]
ValueError: invalid literal for int() with base 10: 'id'

During handling of the above exception, another exception occurred:

Traceback (most recent call last):
  File "/var/www/html/django/integrator/integrator_env/lib/python3.6/site-packages/django/template/base.py", line 850, in _resolve_lookup
    (bit, current))  # missing attribute
django.template.base.VariableDoesNotExist: Failed lookup for key [id] in None
Exception while resolving variable 'id' in template 'applications/history.html'.
Traceback (most recent call last):
  File "/var/www/html/django/integrator/integrator_env/lib/python3.6/site-packages/django/template/base.py", line 829, in _resolve_lookup
    current = current[bit]
TypeError: 'NoneType' object is not subscriptable

During handling of the above exception, another exception occurred:

Traceback (most recent call last):
  File "/var/www/html/django/integrator/integrator_env/lib/python3.6/site-packages/django/template/base.py", line 837, in _resolve_lookup
    current = getattr(current, bit)
AttributeError: 'NoneType' object has no attribute 'id'

During handling of the above exception, another exception occurred:

Traceback (most recent call last):
  File "/var/www/html/django/integrator/integrator_env/lib/python3.6/site-packages/django/template/base.py", line 843, in _resolve_lookup
    current = current[int(bit)]
ValueError: invalid literal for int() with base 10: 'id'

During handling of the above exception, another exception occurred:

Traceback (most recent call last):
  File "/var/www/html/django/integrator/integrator_env/lib/python3.6/site-packages/django/template/base.py", line 850, in _resolve_lookup
    (bit, current))  # missing attribute
django.template.base.VariableDoesNotExist: Failed lookup for key [id] in None
Exception while resolving variable 'id' in template 'applications/history.html'.
Traceback (most recent call last):
  File "/var/www/html/django/integrator/integrator_env/lib/python3.6/site-packages/django/template/base.py", line 829, in _resolve_lookup
    current = current[bit]
TypeError: 'NoneType' object is not subscriptable

During handling of the above exception, another exception occurred:

Traceback (most recent call last):
  File "/var/www/html/django/integrator/integrator_env/lib/python3.6/site-packages/django/template/base.py", line 837, in _resolve_lookup
    current = getattr(current, bit)
AttributeError: 'NoneType' object has no attribute 'id'

During handling of the above exception, another exception occurred:

Traceback (most recent call last):
  File "/var/www/html/django/integrator/integrator_env/lib/python3.6/site-packages/django/template/base.py", line 843, in _resolve_lookup
    current = current[int(bit)]
ValueError: invalid literal for int() with base 10: 'id'

During handling of the above exception, another exception occurred:

Traceback (most recent call last):
  File "/var/www/html/django/integrator/integrator_env/lib/python3.6/site-packages/django/template/base.py", line 850, in _resolve_lookup
    (bit, current))  # missing attribute
django.template.base.VariableDoesNotExist: Failed lookup for key [id] in None
Exception while resolving variable 'id' in template 'applications/history.html'.
Traceback (most recent call last):
  File "/var/www/html/django/integrator/integrator_env/lib/python3.6/site-packages/django/template/base.py", line 829, in _resolve_lookup
    current = current[bit]
TypeError: 'NoneType' object is not subscriptable

During handling of the above exception, another exception occurred:

Traceback (most recent call last):
  File "/var/www/html/django/integrator/integrator_env/lib/python3.6/site-packages/django/template/base.py", line 837, in _resolve_lookup
    current = getattr(current, bit)
AttributeError: 'NoneType' object has no attribute 'id'

During handling of the above exception, another exception occurred:

Traceback (most recent call last):
  File "/var/www/html/django/integrator/integrator_env/lib/python3.6/site-packages/django/template/base.py", line 843, in _resolve_lookup
    current = current[int(bit)]
ValueError: invalid literal for int() with base 10: 'id'

During handling of the above exception, another exception occurred:

Traceback (most recent call last):
  File "/var/www/html/django/integrator/integrator_env/lib/python3.6/site-packages/django/template/base.py", line 850, in _resolve_lookup
    (bit, current))  # missing attribute
django.template.base.VariableDoesNotExist: Failed lookup for key [id] in None
Exception while resolving variable 'id' in template 'applications/history.html'.
Traceback (most recent call last):
  File "/var/www/html/django/integrator/integrator_env/lib/python3.6/site-packages/django/template/base.py", line 829, in _resolve_lookup
    current = current[bit]
TypeError: 'NoneType' object is not subscriptable

During handling of the above exception, another exception occurred:

Traceback (most recent call last):
  File "/var/www/html/django/integrator/integrator_env/lib/python3.6/site-packages/django/template/base.py", line 837, in _resolve_lookup
    current = getattr(current, bit)
AttributeError: 'NoneType' object has no attribute 'id'

During handling of the above exception, another exception occurred:

Traceback (most recent call last):
  File "/var/www/html/django/integrator/integrator_env/lib/python3.6/site-packages/django/template/base.py", line 843, in _resolve_lookup
    current = current[int(bit)]
ValueError: invalid literal for int() with base 10: 'id'

During handling of the above exception, another exception occurred:

Traceback (most recent call last):
  File "/var/www/html/django/integrator/integrator_env/lib/python3.6/site-packages/django/template/base.py", line 850, in _resolve_lookup
    (bit, current))  # missing attribute
django.template.base.VariableDoesNotExist: Failed lookup for key [id] in None
Exception while resolving variable 'id' in template 'applications/history.html'.
Traceback (most recent call last):
  File "/var/www/html/django/integrator/integrator_env/lib/python3.6/site-packages/django/template/base.py", line 829, in _resolve_lookup
    current = current[bit]
TypeError: 'NoneType' object is not subscriptable

During handling of the above exception, another exception occurred:

Traceback (most recent call last):
  File "/var/www/html/django/integrator/integrator_env/lib/python3.6/site-packages/django/template/base.py", line 837, in _resolve_lookup
    current = getattr(current, bit)
AttributeError: 'NoneType' object has no attribute 'id'

During handling of the above exception, another exception occurred:

Traceback (most recent call last):
  File "/var/www/html/django/integrator/integrator_env/lib/python3.6/site-packages/django/template/base.py", line 843, in _resolve_lookup
    current = current[int(bit)]
ValueError: invalid literal for int() with base 10: 'id'

During handling of the above exception, another exception occurred:

Traceback (most recent call last):
  File "/var/www/html/django/integrator/integrator_env/lib/python3.6/site-packages/django/template/base.py", line 850, in _resolve_lookup
    (bit, current))  # missing attribute
django.template.base.VariableDoesNotExist: Failed lookup for key [id] in None
Exception while resolving variable 'id' in template 'applications/history.html'.
Traceback (most recent call last):
  File "/var/www/html/django/integrator/integrator_env/lib/python3.6/site-packages/django/template/base.py", line 829, in _resolve_lookup
    current = current[bit]
TypeError: 'NoneType' object is not subscriptable

During handling of the above exception, another exception occurred:

Traceback (most recent call last):
  File "/var/www/html/django/integrator/integrator_env/lib/python3.6/site-packages/django/template/base.py", line 837, in _resolve_lookup
    current = getattr(current, bit)
AttributeError: 'NoneType' object has no attribute 'id'

During handling of the above exception, another exception occurred:

Traceback (most recent call last):
  File "/var/www/html/django/integrator/integrator_env/lib/python3.6/site-packages/django/template/base.py", line 843, in _resolve_lookup
    current = current[int(bit)]
ValueError: invalid literal for int() with base 10: 'id'

During handling of the above exception, another exception occurred:

Traceback (most recent call last):
  File "/var/www/html/django/integrator/integrator_env/lib/python3.6/site-packages/django/template/base.py", line 850, in _resolve_lookup
    (bit, current))  # missing attribute
django.template.base.VariableDoesNotExist: Failed lookup for key [id] in None
Exception while resolving variable 'id' in template 'applications/history.html'.
Traceback (most recent call last):
  File "/var/www/html/django/integrator/integrator_env/lib/python3.6/site-packages/django/template/base.py", line 829, in _resolve_lookup
    current = current[bit]
TypeError: 'NoneType' object is not subscriptable

During handling of the above exception, another exception occurred:

Traceback (most recent call last):
  File "/var/www/html/django/integrator/integrator_env/lib/python3.6/site-packages/django/template/base.py", line 837, in _resolve_lookup
    current = getattr(current, bit)
AttributeError: 'NoneType' object has no attribute 'id'

During handling of the above exception, another exception occurred:

Traceback (most recent call last):
  File "/var/www/html/django/integrator/integrator_env/lib/python3.6/site-packages/django/template/base.py", line 843, in _resolve_lookup
    current = current[int(bit)]
ValueError: invalid literal for int() with base 10: 'id'

During handling of the above exception, another exception occurred:

Traceback (most recent call last):
  File "/var/www/html/django/integrator/integrator_env/lib/python3.6/site-packages/django/template/base.py", line 850, in _resolve_lookup
    (bit, current))  # missing attribute
django.template.base.VariableDoesNotExist: Failed lookup for key [id] in None
Exception while resolving variable 'id' in template 'applications/history.html'.
Traceback (most recent call last):
  File "/var/www/html/django/integrator/integrator_env/lib/python3.6/site-packages/django/template/base.py", line 829, in _resolve_lookup
    current = current[bit]
TypeError: 'NoneType' object is not subscriptable

During handling of the above exception, another exception occurred:

Traceback (most recent call last):
  File "/var/www/html/django/integrator/integrator_env/lib/python3.6/site-packages/django/template/base.py", line 837, in _resolve_lookup
    current = getattr(current, bit)
AttributeError: 'NoneType' object has no attribute 'id'

During handling of the above exception, another exception occurred:

Traceback (most recent call last):
  File "/var/www/html/django/integrator/integrator_env/lib/python3.6/site-packages/django/template/base.py", line 843, in _resolve_lookup
    current = current[int(bit)]
ValueError: invalid literal for int() with base 10: 'id'

During handling of the above exception, another exception occurred:

Traceback (most recent call last):
  File "/var/www/html/django/integrator/integrator_env/lib/python3.6/site-packages/django/template/base.py", line 850, in _resolve_lookup
    (bit, current))  # missing attribute
django.template.base.VariableDoesNotExist: Failed lookup for key [id] in None
(0.000) SELECT `applications_applicationmodel`.`id`, `applications_applicationmodel`.`priority_id`, `applications_applicationmodel`.`equipment_id`, `applications_applicationmodel`.`problem`, `applications_applicationmodel`.`contact_id`, `applications_applicationmodel`.`client_id`, `applications_applicationmodel`.`engineer_id`, `applications_applicationmodel`.`pubdate`, `applications_applicationmodel`.`status_id`, `applications_applicationmodel`.`creator_id`, `applications_applicationmodel`.`changed` FROM `applications_applicationmodel` WHERE `applications_applicationmodel`.`id` = 160967 LIMIT 21; args=(160967,)
Exception while resolving variable 'id' in template 'applications/history.html'.
Traceback (most recent call last):
  File "/var/www/html/django/integrator/integrator_env/lib/python3.6/site-packages/django/template/base.py", line 829, in _resolve_lookup
    current = current[bit]
TypeError: 'NoneType' object is not subscriptable

During handling of the above exception, another exception occurred:

Traceback (most recent call last):
  File "/var/www/html/django/integrator/integrator_env/lib/python3.6/site-packages/django/template/base.py", line 837, in _resolve_lookup
    current = getattr(current, bit)
AttributeError: 'NoneType' object has no attribute 'id'

During handling of the above exception, another exception occurred:

Traceback (most recent call last):
  File "/var/www/html/django/integrator/integrator_env/lib/python3.6/site-packages/django/template/base.py", line 843, in _resolve_lookup
    current = current[int(bit)]
ValueError: invalid literal for int() with base 10: 'id'

During handling of the above exception, another exception occurred:

Traceback (most recent call last):
  File "/var/www/html/django/integrator/integrator_env/lib/python3.6/site-packages/django/template/base.py", line 850, in _resolve_lookup
    (bit, current))  # missing attribute
django.template.base.VariableDoesNotExist: Failed lookup for key [id] in None
Exception while resolving variable 'id' in template 'applications/history.html'.
Traceback (most recent call last):
  File "/var/www/html/django/integrator/integrator_env/lib/python3.6/site-packages/django/template/base.py", line 829, in _resolve_lookup
    current = current[bit]
TypeError: 'NoneType' object is not subscriptable

During handling of the above exception, another exception occurred:

Traceback (most recent call last):
  File "/var/www/html/django/integrator/integrator_env/lib/python3.6/site-packages/django/template/base.py", line 837, in _resolve_lookup
    current = getattr(current, bit)
AttributeError: 'NoneType' object has no attribute 'id'

During handling of the above exception, another exception occurred:

Traceback (most recent call last):
  File "/var/www/html/django/integrator/integrator_env/lib/python3.6/site-packages/django/template/base.py", line 843, in _resolve_lookup
    current = current[int(bit)]
ValueError: invalid literal for int() with base 10: 'id'

During handling of the above exception, another exception occurred:

Traceback (most recent call last):
  File "/var/www/html/django/integrator/integrator_env/lib/python3.6/site-packages/django/template/base.py", line 850, in _resolve_lookup
    (bit, current))  # missing attribute
django.template.base.VariableDoesNotExist: Failed lookup for key [id] in None
Exception while resolving variable 'id' in template 'applications/history.html'.
Traceback (most recent call last):
  File "/var/www/html/django/integrator/integrator_env/lib/python3.6/site-packages/django/template/base.py", line 829, in _resolve_lookup
    current = current[bit]
TypeError: 'NoneType' object is not subscriptable

During handling of the above exception, another exception occurred:

Traceback (most recent call last):
  File "/var/www/html/django/integrator/integrator_env/lib/python3.6/site-packages/django/template/base.py", line 837, in _resolve_lookup
    current = getattr(current, bit)
AttributeError: 'NoneType' object has no attribute 'id'

During handling of the above exception, another exception occurred:

Traceback (most recent call last):
  File "/var/www/html/django/integrator/integrator_env/lib/python3.6/site-packages/django/template/base.py", line 843, in _resolve_lookup
    current = current[int(bit)]
ValueError: invalid literal for int() with base 10: 'id'

During handling of the above exception, another exception occurred:

Traceback (most recent call last):
  File "/var/www/html/django/integrator/integrator_env/lib/python3.6/site-packages/django/template/base.py", line 850, in _resolve_lookup
    (bit, current))  # missing attribute
django.template.base.VariableDoesNotExist: Failed lookup for key [id] in None
Exception while resolving variable 'id' in template 'applications/history.html'.
Traceback (most recent call last):
  File "/var/www/html/django/integrator/integrator_env/lib/python3.6/site-packages/django/template/base.py", line 829, in _resolve_lookup
    current = current[bit]
TypeError: 'NoneType' object is not subscriptable

During handling of the above exception, another exception occurred:

Traceback (most recent call last):
  File "/var/www/html/django/integrator/integrator_env/lib/python3.6/site-packages/django/template/base.py", line 837, in _resolve_lookup
    current = getattr(current, bit)
AttributeError: 'NoneType' object has no attribute 'id'

During handling of the above exception, another exception occurred:

Traceback (most recent call last):
  File "/var/www/html/django/integrator/integrator_env/lib/python3.6/site-packages/django/template/base.py", line 843, in _resolve_lookup
    current = current[int(bit)]
ValueError: invalid literal for int() with base 10: 'id'

During handling of the above exception, another exception occurred:

Traceback (most recent call last):
  File "/var/www/html/django/integrator/integrator_env/lib/python3.6/site-packages/django/template/base.py", line 850, in _resolve_lookup
    (bit, current))  # missing attribute
django.template.base.VariableDoesNotExist: Failed lookup for key [id] in None
(0.000) SELECT `applications_applicationmodel`.`id`, `applications_applicationmodel`.`priority_id`, `applications_applicationmodel`.`equipment_id`, `applications_applicationmodel`.`problem`, `applications_applicationmodel`.`contact_id`, `applications_applicationmodel`.`client_id`, `applications_applicationmodel`.`engineer_id`, `applications_applicationmodel`.`pubdate`, `applications_applicationmodel`.`status_id`, `applications_applicationmodel`.`creator_id`, `applications_applicationmodel`.`changed` FROM `applications_applicationmodel` WHERE `applications_applicationmodel`.`id` = 160967 LIMIT 21; args=(160967,)
Exception while resolving variable 'id' in template 'applications/history.html'.
Traceback (most recent call last):
  File "/var/www/html/django/integrator/integrator_env/lib/python3.6/site-packages/django/template/base.py", line 829, in _resolve_lookup
    current = current[bit]
TypeError: 'NoneType' object is not subscriptable

During handling of the above exception, another exception occurred:

Traceback (most recent call last):
  File "/var/www/html/django/integrator/integrator_env/lib/python3.6/site-packages/django/template/base.py", line 837, in _resolve_lookup
    current = getattr(current, bit)
AttributeError: 'NoneType' object has no attribute 'id'

During handling of the above exception, another exception occurred:

Traceback (most recent call last):
  File "/var/www/html/django/integrator/integrator_env/lib/python3.6/site-packages/django/template/base.py", line 843, in _resolve_lookup
    current = current[int(bit)]
ValueError: invalid literal for int() with base 10: 'id'

During handling of the above exception, another exception occurred:

Traceback (most recent call last):
  File "/var/www/html/django/integrator/integrator_env/lib/python3.6/site-packages/django/template/base.py", line 850, in _resolve_lookup
    (bit, current))  # missing attribute
django.template.base.VariableDoesNotExist: Failed lookup for key [id] in None
Exception while resolving variable 'id' in template 'applications/history.html'.
Traceback (most recent call last):
  File "/var/www/html/django/integrator/integrator_env/lib/python3.6/site-packages/django/template/base.py", line 829, in _resolve_lookup
    current = current[bit]
TypeError: 'NoneType' object is not subscriptable

During handling of the above exception, another exception occurred:

Traceback (most recent call last):
  File "/var/www/html/django/integrator/integrator_env/lib/python3.6/site-packages/django/template/base.py", line 837, in _resolve_lookup
    current = getattr(current, bit)
AttributeError: 'NoneType' object has no attribute 'id'

During handling of the above exception, another exception occurred:

Traceback (most recent call last):
  File "/var/www/html/django/integrator/integrator_env/lib/python3.6/site-packages/django/template/base.py", line 843, in _resolve_lookup
    current = current[int(bit)]
ValueError: invalid literal for int() with base 10: 'id'

During handling of the above exception, another exception occurred:

Traceback (most recent call last):
  File "/var/www/html/django/integrator/integrator_env/lib/python3.6/site-packages/django/template/base.py", line 850, in _resolve_lookup
    (bit, current))  # missing attribute
django.template.base.VariableDoesNotExist: Failed lookup for key [id] in None
(0.000) SELECT `applications_applicationmodel`.`id`, `applications_applicationmodel`.`priority_id`, `applications_applicationmodel`.`equipment_id`, `applications_applicationmodel`.`problem`, `applications_applicationmodel`.`contact_id`, `applications_applicationmodel`.`client_id`, `applications_applicationmodel`.`engineer_id`, `applications_applicationmodel`.`pubdate`, `applications_applicationmodel`.`status_id`, `applications_applicationmodel`.`creator_id`, `applications_applicationmodel`.`changed` FROM `applications_applicationmodel` WHERE `applications_applicationmodel`.`id` = 160967 LIMIT 21; args=(160967,)
(0.000) SELECT `applications_applicationmodel`.`id`, `applications_applicationmodel`.`priority_id`, `applications_applicationmodel`.`equipment_id`, `applications_applicationmodel`.`problem`, `applications_applicationmodel`.`contact_id`, `applications_applicationmodel`.`client_id`, `applications_applicationmodel`.`engineer_id`, `applications_applicationmodel`.`pubdate`, `applications_applicationmodel`.`status_id`, `applications_applicationmodel`.`creator_id`, `applications_applicationmodel`.`changed` FROM `applications_applicationmodel` WHERE `applications_applicationmodel`.`id` = 160943 LIMIT 21; args=(160943,)
(0.000) SELECT `applications_applicationmodel`.`id`, `applications_applicationmodel`.`priority_id`, `applications_applicationmodel`.`equipment_id`, `applications_applicationmodel`.`problem`, `applications_applicationmodel`.`contact_id`, `applications_applicationmodel`.`client_id`, `applications_applicationmodel`.`engineer_id`, `applications_applicationmodel`.`pubdate`, `applications_applicationmodel`.`status_id`, `applications_applicationmodel`.`creator_id`, `applications_applicationmodel`.`changed` FROM `applications_applicationmodel` WHERE `applications_applicationmodel`.`id` = 160966 LIMIT 21; args=(160966,)
(0.000) SELECT `applications_applicationmodel`.`id`, `applications_applicationmodel`.`priority_id`, `applications_applicationmodel`.`equipment_id`, `applications_applicationmodel`.`problem`, `applications_applicationmodel`.`contact_id`, `applications_applicationmodel`.`client_id`, `applications_applicationmodel`.`engineer_id`, `applications_applicationmodel`.`pubdate`, `applications_applicationmodel`.`status_id`, `applications_applicationmodel`.`creator_id`, `applications_applicationmodel`.`changed` FROM `applications_applicationmodel` WHERE `applications_applicationmodel`.`id` = 160966 LIMIT 21; args=(160966,)
(0.000) SELECT `applications_applicationmodel`.`id`, `applications_applicationmodel`.`priority_id`, `applications_applicationmodel`.`equipment_id`, `applications_applicationmodel`.`problem`, `applications_applicationmodel`.`contact_id`, `applications_applicationmodel`.`client_id`, `applications_applicationmodel`.`engineer_id`, `applications_applicationmodel`.`pubdate`, `applications_applicationmodel`.`status_id`, `applications_applicationmodel`.`creator_id`, `applications_applicationmodel`.`changed` FROM `applications_applicationmodel` WHERE `applications_applicationmodel`.`id` = 160966 LIMIT 21; args=(160966,)
(0.000) SELECT `applications_applicationmodel`.`id`, `applications_applicationmodel`.`priority_id`, `applications_applicationmodel`.`equipment_id`, `applications_applicationmodel`.`problem`, `applications_applicationmodel`.`contact_id`, `applications_applicationmodel`.`client_id`, `applications_applicationmodel`.`engineer_id`, `applications_applicationmodel`.`pubdate`, `applications_applicationmodel`.`status_id`, `applications_applicationmodel`.`creator_id`, `applications_applicationmodel`.`changed` FROM `applications_applicationmodel` WHERE `applications_applicationmodel`.`id` = 160950 LIMIT 21; args=(160950,)
(0.000) SELECT `applications_applicationmodel`.`id`, `applications_applicationmodel`.`priority_id`, `applications_applicationmodel`.`equipment_id`, `applications_applicationmodel`.`problem`, `applications_applicationmodel`.`contact_id`, `applications_applicationmodel`.`client_id`, `applications_applicationmodel`.`engineer_id`, `applications_applicationmodel`.`pubdate`, `applications_applicationmodel`.`status_id`, `applications_applicationmodel`.`creator_id`, `applications_applicationmodel`.`changed` FROM `applications_applicationmodel` WHERE `applications_applicationmodel`.`id` = 160965 LIMIT 21; args=(160965,)
(0.000) SELECT `applications_applicationmodel`.`id`, `applications_applicationmodel`.`priority_id`, `applications_applicationmodel`.`equipment_id`, `applications_applicationmodel`.`problem`, `applications_applicationmodel`.`contact_id`, `applications_applicationmodel`.`client_id`, `applications_applicationmodel`.`engineer_id`, `applications_applicationmodel`.`pubdate`, `applications_applicationmodel`.`status_id`, `applications_applicationmodel`.`creator_id`, `applications_applicationmodel`.`changed` FROM `applications_applicationmodel` WHERE `applications_applicationmodel`.`id` = 160965 LIMIT 21; args=(160965,)
(0.000) SELECT `applications_applicationmodel`.`id`, `applications_applicationmodel`.`priority_id`, `applications_applicationmodel`.`equipment_id`, `applications_applicationmodel`.`problem`, `applications_applicationmodel`.`contact_id`, `applications_applicationmodel`.`client_id`, `applications_applicationmodel`.`engineer_id`, `applications_applicationmodel`.`pubdate`, `applications_applicationmodel`.`status_id`, `applications_applicationmodel`.`creator_id`, `applications_applicationmodel`.`changed` FROM `applications_applicationmodel` WHERE `applications_applicationmodel`.`id` = 160965 LIMIT 21; args=(160965,)
(0.000) SELECT `applications_applicationmodel`.`id`, `applications_applicationmodel`.`priority_id`, `applications_applicationmodel`.`equipment_id`, `applications_applicationmodel`.`problem`, `applications_applicationmodel`.`contact_id`, `applications_applicationmodel`.`client_id`, `applications_applicationmodel`.`engineer_id`, `applications_applicationmodel`.`pubdate`, `applications_applicationmodel`.`status_id`, `applications_applicationmodel`.`creator_id`, `applications_applicationmodel`.`changed` FROM `applications_applicationmodel` WHERE `applications_applicationmodel`.`id` = 160889 LIMIT 21; args=(160889,)
(0.000) SELECT `applications_applicationmodel`.`id`, `applications_applicationmodel`.`priority_id`, `applications_applicationmodel`.`equipment_id`, `applications_applicationmodel`.`problem`, `applications_applicationmodel`.`contact_id`, `applications_applicationmodel`.`client_id`, `applications_applicationmodel`.`engineer_id`, `applications_applicationmodel`.`pubdate`, `applications_applicationmodel`.`status_id`, `applications_applicationmodel`.`creator_id`, `applications_applicationmodel`.`changed` FROM `applications_applicationmodel` WHERE `applications_applicationmodel`.`id` = 160964 LIMIT 21; args=(160964,)
(0.000) SELECT `applications_applicationmodel`.`id`, `applications_applicationmodel`.`priority_id`, `applications_applicationmodel`.`equipment_id`, `applications_applicationmodel`.`problem`, `applications_applicationmodel`.`contact_id`, `applications_applicationmodel`.`client_id`, `applications_applicationmodel`.`engineer_id`, `applications_applicationmodel`.`pubdate`, `applications_applicationmodel`.`status_id`, `applications_applicationmodel`.`creator_id`, `applications_applicationmodel`.`changed` FROM `applications_applicationmodel` WHERE `applications_applicationmodel`.`id` = 160964 LIMIT 21; args=(160964,)
(0.000) SELECT `applications_applicationmodel`.`id`, `applications_applicationmodel`.`priority_id`, `applications_applicationmodel`.`equipment_id`, `applications_applicationmodel`.`problem`, `applications_applicationmodel`.`contact_id`, `applications_applicationmodel`.`client_id`, `applications_applicationmodel`.`engineer_id`, `applications_applicationmodel`.`pubdate`, `applications_applicationmodel`.`status_id`, `applications_applicationmodel`.`creator_id`, `applications_applicationmodel`.`changed` FROM `applications_applicationmodel` WHERE `applications_applicationmodel`.`id` = 160964 LIMIT 21; args=(160964,)
(0.000) SELECT `applications_applicationmodel`.`id`, `applications_applicationmodel`.`priority_id`, `applications_applicationmodel`.`equipment_id`, `applications_applicationmodel`.`problem`, `applications_applicationmodel`.`contact_id`, `applications_applicationmodel`.`client_id`, `applications_applicationmodel`.`engineer_id`, `applications_applicationmodel`.`pubdate`, `applications_applicationmodel`.`status_id`, `applications_applicationmodel`.`creator_id`, `applications_applicationmodel`.`changed` FROM `applications_applicationmodel` WHERE `applications_applicationmodel`.`id` = 160960 LIMIT 21; args=(160960,)
(0.000) SELECT `applications_applicationmodel`.`id`, `applications_applicationmodel`.`priority_id`, `applications_applicationmodel`.`equipment_id`, `applications_applicationmodel`.`problem`, `applications_applicationmodel`.`contact_id`, `applications_applicationmodel`.`client_id`, `applications_applicationmodel`.`engineer_id`, `applications_applicationmodel`.`pubdate`, `applications_applicationmodel`.`status_id`, `applications_applicationmodel`.`creator_id`, `applications_applicationmodel`.`changed` FROM `applications_applicationmodel` WHERE `applications_applicationmodel`.`id` = 160956 LIMIT 21; args=(160956,)
(0.000) SELECT `applications_applicationmodel`.`id`, `applications_applicationmodel`.`priority_id`, `applications_applicationmodel`.`equipment_id`, `applications_applicationmodel`.`problem`, `applications_applicationmodel`.`contact_id`, `applications_applicationmodel`.`client_id`, `applications_applicationmodel`.`engineer_id`, `applications_applicationmodel`.`pubdate`, `applications_applicationmodel`.`status_id`, `applications_applicationmodel`.`creator_id`, `applications_applicationmodel`.`changed` FROM `applications_applicationmodel` WHERE `applications_applicationmodel`.`id` = 160963 LIMIT 21; args=(160963,)
(0.000) SELECT `applications_applicationmodel`.`id`, `applications_applicationmodel`.`priority_id`, `applications_applicationmodel`.`equipment_id`, `applications_applicationmodel`.`problem`, `applications_applicationmodel`.`contact_id`, `applications_applicationmodel`.`client_id`, `applications_applicationmodel`.`engineer_id`, `applications_applicationmodel`.`pubdate`, `applications_applicationmodel`.`status_id`, `applications_applicationmodel`.`creator_id`, `applications_applicationmodel`.`changed` FROM `applications_applicationmodel` WHERE `applications_applicationmodel`.`id` = 160963 LIMIT 21; args=(160963,)
(0.000) SELECT `applications_applicationmodel`.`id`, `applications_applicationmodel`.`priority_id`, `applications_applicationmodel`.`equipment_id`, `applications_applicationmodel`.`problem`, `applications_applicationmodel`.`contact_id`, `applications_applicationmodel`.`client_id`, `applications_applicationmodel`.`engineer_id`, `applications_applicationmodel`.`pubdate`, `applications_applicationmodel`.`status_id`, `applications_applicationmodel`.`creator_id`, `applications_applicationmodel`.`changed` FROM `applications_applicationmodel` WHERE `applications_applicationmodel`.`id` = 160963 LIMIT 21; args=(160963,)
(0.000) SELECT `applications_applicationmodel`.`id`, `applications_applicationmodel`.`priority_id`, `applications_applicationmodel`.`equipment_id`, `applications_applicationmodel`.`problem`, `applications_applicationmodel`.`contact_id`, `applications_applicationmodel`.`client_id`, `applications_applicationmodel`.`engineer_id`, `applications_applicationmodel`.`pubdate`, `applications_applicationmodel`.`status_id`, `applications_applicationmodel`.`creator_id`, `applications_applicationmodel`.`changed` FROM `applications_applicationmodel` WHERE `applications_applicationmodel`.`id` = 160963 LIMIT 21; args=(160963,)
(0.000) SELECT `applications_applicationmodel`.`id`, `applications_applicationmodel`.`priority_id`, `applications_applicationmodel`.`equipment_id`, `applications_applicationmodel`.`problem`, `applications_applicationmodel`.`contact_id`, `applications_applicationmodel`.`client_id`, `applications_applicationmodel`.`engineer_id`, `applications_applicationmodel`.`pubdate`, `applications_applicationmodel`.`status_id`, `applications_applicationmodel`.`creator_id`, `applications_applicationmodel`.`changed` FROM `applications_applicationmodel` WHERE `applications_applicationmodel`.`id` = 160963 LIMIT 21; args=(160963,)
(0.000) SELECT `applications_applicationmodel`.`id`, `applications_applicationmodel`.`priority_id`, `applications_applicationmodel`.`equipment_id`, `applications_applicationmodel`.`problem`, `applications_applicationmodel`.`contact_id`, `applications_applicationmodel`.`client_id`, `applications_applicationmodel`.`engineer_id`, `applications_applicationmodel`.`pubdate`, `applications_applicationmodel`.`status_id`, `applications_applicationmodel`.`creator_id`, `applications_applicationmodel`.`changed` FROM `applications_applicationmodel` WHERE `applications_applicationmodel`.`id` = 160963 LIMIT 21; args=(160963,)
(0.000) SELECT `applications_applicationmodel`.`id`, `applications_applicationmodel`.`priority_id`, `applications_applicationmodel`.`equipment_id`, `applications_applicationmodel`.`problem`, `applications_applicationmodel`.`contact_id`, `applications_applicationmodel`.`client_id`, `applications_applicationmodel`.`engineer_id`, `applications_applicationmodel`.`pubdate`, `applications_applicationmodel`.`status_id`, `applications_applicationmodel`.`creator_id`, `applications_applicationmodel`.`changed` FROM `applications_applicationmodel` WHERE `applications_applicationmodel`.`id` = 160963 LIMIT 21; args=(160963,)
(0.000) SELECT `applications_applicationmodel`.`id`, `applications_applicationmodel`.`priority_id`, `applications_applicationmodel`.`equipment_id`, `applications_applicationmodel`.`problem`, `applications_applicationmodel`.`contact_id`, `applications_applicationmodel`.`client_id`, `applications_applicationmodel`.`engineer_id`, `applications_applicationmodel`.`pubdate`, `applications_applicationmodel`.`status_id`, `applications_applicationmodel`.`creator_id`, `applications_applicationmodel`.`changed` FROM `applications_applicationmodel` WHERE `applications_applicationmodel`.`id` = 160963 LIMIT 21; args=(160963,)
(0.000) SELECT `applications_applicationmodel`.`id`, `applications_applicationmodel`.`priority_id`, `applications_applicationmodel`.`equipment_id`, `applications_applicationmodel`.`problem`, `applications_applicationmodel`.`contact_id`, `applications_applicationmodel`.`client_id`, `applications_applicationmodel`.`engineer_id`, `applications_applicationmodel`.`pubdate`, `applications_applicationmodel`.`status_id`, `applications_applicationmodel`.`creator_id`, `applications_applicationmodel`.`changed` FROM `applications_applicationmodel` WHERE `applications_applicationmodel`.`id` = 160952 LIMIT 21; args=(160952,)
(0.000) SELECT `applications_applicationmodel`.`id`, `applications_applicationmodel`.`priority_id`, `applications_applicationmodel`.`equipment_id`, `applications_applicationmodel`.`problem`, `applications_applicationmodel`.`contact_id`, `applications_applicationmodel`.`client_id`, `applications_applicationmodel`.`engineer_id`, `applications_applicationmodel`.`pubdate`, `applications_applicationmodel`.`status_id`, `applications_applicationmodel`.`creator_id`, `applications_applicationmodel`.`changed` FROM `applications_applicationmodel` WHERE `applications_applicationmodel`.`id` = 160952 LIMIT 21; args=(160952,)
(0.000) SELECT `applications_applicationmodel`.`id`, `applications_applicationmodel`.`priority_id`, `applications_applicationmodel`.`equipment_id`, `applications_applicationmodel`.`problem`, `applications_applicationmodel`.`contact_id`, `applications_applicationmodel`.`client_id`, `applications_applicationmodel`.`engineer_id`, `applications_applicationmodel`.`pubdate`, `applications_applicationmodel`.`status_id`, `applications_applicationmodel`.`creator_id`, `applications_applicationmodel`.`changed` FROM `applications_applicationmodel` WHERE `applications_applicationmodel`.`id` = 160893 LIMIT 21; args=(160893,)
(0.000) SELECT `applications_applicationmodel`.`id`, `applications_applicationmodel`.`priority_id`, `applications_applicationmodel`.`equipment_id`, `applications_applicationmodel`.`problem`, `applications_applicationmodel`.`contact_id`, `applications_applicationmodel`.`client_id`, `applications_applicationmodel`.`engineer_id`, `applications_applicationmodel`.`pubdate`, `applications_applicationmodel`.`status_id`, `applications_applicationmodel`.`creator_id`, `applications_applicationmodel`.`changed` FROM `applications_applicationmodel` WHERE `applications_applicationmodel`.`id` = 160893 LIMIT 21; args=(160893,)
(0.000) SELECT `applications_applicationmodel`.`id`, `applications_applicationmodel`.`priority_id`, `applications_applicationmodel`.`equipment_id`, `applications_applicationmodel`.`problem`, `applications_applicationmodel`.`contact_id`, `applications_applicationmodel`.`client_id`, `applications_applicationmodel`.`engineer_id`, `applications_applicationmodel`.`pubdate`, `applications_applicationmodel`.`status_id`, `applications_applicationmodel`.`creator_id`, `applications_applicationmodel`.`changed` FROM `applications_applicationmodel` WHERE `applications_applicationmodel`.`id` = 160953 LIMIT 21; args=(160953,)
(0.000) SELECT `applications_applicationmodel`.`id`, `applications_applicationmodel`.`priority_id`, `applications_applicationmodel`.`equipment_id`, `applications_applicationmodel`.`problem`, `applications_applicationmodel`.`contact_id`, `applications_applicationmodel`.`client_id`, `applications_applicationmodel`.`engineer_id`, `applications_applicationmodel`.`pubdate`, `applications_applicationmodel`.`status_id`, `applications_applicationmodel`.`creator_id`, `applications_applicationmodel`.`changed` FROM `applications_applicationmodel` WHERE `applications_applicationmodel`.`id` = 160962 LIMIT 21; args=(160962,)
(0.000) SELECT `applications_applicationmodel`.`id`, `applications_applicationmodel`.`priority_id`, `applications_applicationmodel`.`equipment_id`, `applications_applicationmodel`.`problem`, `applications_applicationmodel`.`contact_id`, `applications_applicationmodel`.`client_id`, `applications_applicationmodel`.`engineer_id`, `applications_applicationmodel`.`pubdate`, `applications_applicationmodel`.`status_id`, `applications_applicationmodel`.`creator_id`, `applications_applicationmodel`.`changed` FROM `applications_applicationmodel` WHERE `applications_applicationmodel`.`id` = 160942 LIMIT 21; args=(160942,)
(0.000) SELECT `applications_applicationmodel`.`id`, `applications_applicationmodel`.`priority_id`, `applications_applicationmodel`.`equipment_id`, `applications_applicationmodel`.`problem`, `applications_applicationmodel`.`contact_id`, `applications_applicationmodel`.`client_id`, `applications_applicationmodel`.`engineer_id`, `applications_applicationmodel`.`pubdate`, `applications_applicationmodel`.`status_id`, `applications_applicationmodel`.`creator_id`, `applications_applicationmodel`.`changed` FROM `applications_applicationmodel` WHERE `applications_applicationmodel`.`id` = 160929 LIMIT 21; args=(160929,)
(0.000) SELECT `applications_applicationmodel`.`id`, `applications_applicationmodel`.`priority_id`, `applications_applicationmodel`.`equipment_id`, `applications_applicationmodel`.`problem`, `applications_applicationmodel`.`contact_id`, `applications_applicationmodel`.`client_id`, `applications_applicationmodel`.`engineer_id`, `applications_applicationmodel`.`pubdate`, `applications_applicationmodel`.`status_id`, `applications_applicationmodel`.`creator_id`, `applications_applicationmodel`.`changed` FROM `applications_applicationmodel` WHERE `applications_applicationmodel`.`id` = 160954 LIMIT 21; args=(160954,)
(0.000) SELECT `applications_applicationmodel`.`id`, `applications_applicationmodel`.`priority_id`, `applications_applicationmodel`.`equipment_id`, `applications_applicationmodel`.`problem`, `applications_applicationmodel`.`contact_id`, `applications_applicationmodel`.`client_id`, `applications_applicationmodel`.`engineer_id`, `applications_applicationmodel`.`pubdate`, `applications_applicationmodel`.`status_id`, `applications_applicationmodel`.`creator_id`, `applications_applicationmodel`.`changed` FROM `applications_applicationmodel` WHERE `applications_applicationmodel`.`id` = 160949 LIMIT 21; args=(160949,)
(0.000) SELECT `applications_applicationmodel`.`id`, `applications_applicationmodel`.`priority_id`, `applications_applicationmodel`.`equipment_id`, `applications_applicationmodel`.`problem`, `applications_applicationmodel`.`contact_id`, `applications_applicationmodel`.`client_id`, `applications_applicationmodel`.`engineer_id`, `applications_applicationmodel`.`pubdate`, `applications_applicationmodel`.`status_id`, `applications_applicationmodel`.`creator_id`, `applications_applicationmodel`.`changed` FROM `applications_applicationmodel` WHERE `applications_applicationmodel`.`id` = 160938 LIMIT 21; args=(160938,)
(0.000) SELECT `applications_applicationmodel`.`id`, `applications_applicationmodel`.`priority_id`, `applications_applicationmodel`.`equipment_id`, `applications_applicationmodel`.`problem`, `applications_applicationmodel`.`contact_id`, `applications_applicationmodel`.`client_id`, `applications_applicationmodel`.`engineer_id`, `applications_applicationmodel`.`pubdate`, `applications_applicationmodel`.`status_id`, `applications_applicationmodel`.`creator_id`, `applications_applicationmodel`.`changed` FROM `applications_applicationmodel` WHERE `applications_applicationmodel`.`id` = 160929 LIMIT 21; args=(160929,)
(0.000) SELECT `applications_applicationmodel`.`id`, `applications_applicationmodel`.`priority_id`, `applications_applicationmodel`.`equipment_id`, `applications_applicationmodel`.`problem`, `applications_applicationmodel`.`contact_id`, `applications_applicationmodel`.`client_id`, `applications_applicationmodel`.`engineer_id`, `applications_applicationmodel`.`pubdate`, `applications_applicationmodel`.`status_id`, `applications_applicationmodel`.`creator_id`, `applications_applicationmodel`.`changed` FROM `applications_applicationmodel` WHERE `applications_applicationmodel`.`id` = 160961 LIMIT 21; args=(160961,)
(0.000) SELECT `applications_applicationmodel`.`id`, `applications_applicationmodel`.`priority_id`, `applications_applicationmodel`.`equipment_id`, `applications_applicationmodel`.`problem`, `applications_applicationmodel`.`contact_id`, `applications_applicationmodel`.`client_id`, `applications_applicationmodel`.`engineer_id`, `applications_applicationmodel`.`pubdate`, `applications_applicationmodel`.`status_id`, `applications_applicationmodel`.`creator_id`, `applications_applicationmodel`.`changed` FROM `applications_applicationmodel` WHERE `applications_applicationmodel`.`id` = 160961 LIMIT 21; args=(160961,)
(0.000) SELECT `applications_applicationmodel`.`id`, `applications_applicationmodel`.`priority_id`, `applications_applicationmodel`.`equipment_id`, `applications_applicationmodel`.`problem`, `applications_applicationmodel`.`contact_id`, `applications_applicationmodel`.`client_id`, `applications_applicationmodel`.`engineer_id`, `applications_applicationmodel`.`pubdate`, `applications_applicationmodel`.`status_id`, `applications_applicationmodel`.`creator_id`, `applications_applicationmodel`.`changed` FROM `applications_applicationmodel` WHERE `applications_applicationmodel`.`id` = 160961 LIMIT 21; args=(160961,)
(0.000) SELECT `applications_applicationmodel`.`id`, `applications_applicationmodel`.`priority_id`, `applications_applicationmodel`.`equipment_id`, `applications_applicationmodel`.`problem`, `applications_applicationmodel`.`contact_id`, `applications_applicationmodel`.`client_id`, `applications_applicationmodel`.`engineer_id`, `applications_applicationmodel`.`pubdate`, `applications_applicationmodel`.`status_id`, `applications_applicationmodel`.`creator_id`, `applications_applicationmodel`.`changed` FROM `applications_applicationmodel` WHERE `applications_applicationmodel`.`id` = 160960 LIMIT 21; args=(160960,)
(0.000) SELECT `applications_applicationmodel`.`id`, `applications_applicationmodel`.`priority_id`, `applications_applicationmodel`.`equipment_id`, `applications_applicationmodel`.`problem`, `applications_applicationmodel`.`contact_id`, `applications_applicationmodel`.`client_id`, `applications_applicationmodel`.`engineer_id`, `applications_applicationmodel`.`pubdate`, `applications_applicationmodel`.`status_id`, `applications_applicationmodel`.`creator_id`, `applications_applicationmodel`.`changed` FROM `applications_applicationmodel` WHERE `applications_applicationmodel`.`id` = 160955 LIMIT 21; args=(160955,)
(0.000) SELECT `applications_applicationmodel`.`id`, `applications_applicationmodel`.`priority_id`, `applications_applicationmodel`.`equipment_id`, `applications_applicationmodel`.`problem`, `applications_applicationmodel`.`contact_id`, `applications_applicationmodel`.`client_id`, `applications_applicationmodel`.`engineer_id`, `applications_applicationmodel`.`pubdate`, `applications_applicationmodel`.`status_id`, `applications_applicationmodel`.`creator_id`, `applications_applicationmodel`.`changed` FROM `applications_applicationmodel` WHERE `applications_applicationmodel`.`id` = 160921 LIMIT 21; args=(160921,)
(0.000) SELECT `applications_applicationmodel`.`id`, `applications_applicationmodel`.`priority_id`, `applications_applicationmodel`.`equipment_id`, `applications_applicationmodel`.`problem`, `applications_applicationmodel`.`contact_id`, `applications_applicationmodel`.`client_id`, `applications_applicationmodel`.`engineer_id`, `applications_applicationmodel`.`pubdate`, `applications_applicationmodel`.`status_id`, `applications_applicationmodel`.`creator_id`, `applications_applicationmodel`.`changed` FROM `applications_applicationmodel` WHERE `applications_applicationmodel`.`id` = 160927 LIMIT 21; args=(160927,)
(0.005) SET SESSION TRANSACTION ISOLATION LEVEL READ COMMITTED; args=None
(0.005) SELECT `django_session`.`session_key`, `django_session`.`session_data`, `django_session`.`expire_date` FROM `django_session` WHERE (`django_session`.`expire_date` > '2025-04-02 20:47:27.856200' AND `django_session`.`session_key` = 'oatwx88yi54fpi5f0lj68wno5rkjd9nq') LIMIT 21; args=('2025-04-02 20:47:27.856200', 'oatwx88yi54fpi5f0lj68wno5rkjd9nq')
(0.010) SELECT `accounts_user`.`id`, `accounts_user`.`password`, `accounts_user`.`last_login`, `accounts_user`.`is_superuser`, `accounts_user`.`first_name`, `accounts_user`.`last_name`, `accounts_user`.`is_staff`, `accounts_user`.`is_active`, `accounts_user`.`date_joined`, `accounts_user`.`email`, `accounts_user`.`inn`, `accounts_user`.`organization_id`, `accounts_user`.`address`, `accounts_user`.`phone`, `accounts_user`.`telegram` FROM `accounts_user` WHERE `accounts_user`.`id` = 1 LIMIT 21; args=(1,)
(0.002) SELECT `applications_apphistorymodel`.`id`, `applications_apphistorymodel`.`pubdate`, `applications_apphistorymodel`.`text`, TRIM(CASE WHEN (`accounts_user`.`last_name` IS NOT NULL AND NOT (`accounts_user`.`last_name` = '')) THEN CONCAT_WS('', `accounts_user`.`last_name`, CONCAT_WS('', ' ', `accounts_user`.`first_name`)) ELSE `accounts_user`.`email` END) AS `author_name`, DATE_FORMAT(CONVERT_TZ(`applications_apphistorymodel`.`pubdate`, '+00:00', '+03:00'), '%d.%m.%Y %H:%i') AS `formatted_date`, 'status' AS `record_type`, '' AS `hide` FROM `applications_apphistorymodel` INNER JOIN `accounts_user` ON (`applications_apphistorymodel`.`author_id` = `accounts_user`.`id`) WHERE `applications_apphistorymodel`.`application_id` = 160893 ORDER BY `applications_apphistorymodel`.`pubdate` ASC; args=('', ' ', '+00:00', '+03:00', '%d.%m.%Y %H:%i', 'status', '', 160893)
(0.014) SELECT `applications_appcommentmodel`.`id`, `applications_appcommentmodel`.`pubdate`, `applications_appcommentmodel`.`text`, `applications_appcommentmodel`.`hide`, TRIM(CONCAT_WS('', `accounts_user`.`last_name`, CONCAT_WS('', ' ', `accounts_user`.`first_name`))) AS `author_name`, DATE_FORMAT(CONVERT_TZ(`applications_appcommentmodel`.`pubdate`, '+00:00', '+03:00'), '%d.%m.%Y %H:%i') AS `formatted_date`, 'comment' AS `record_type` FROM `applications_appcommentmodel` LEFT OUTER JOIN `accounts_user` ON (`applications_appcommentmodel`.`author_id` = `accounts_user`.`id`) WHERE `applications_appcommentmodel`.`application_id` = 160893 ORDER BY `applications_appcommentmodel`.`pubdate` ASC; args=(' ', '+00:00', '+03:00', '%d.%m.%Y %H:%i', 'comment', 160893)
(0.011) SELECT COUNT(*) FROM (SELECT '1' AS `new` FROM `applications_apphistorymodel` LEFT OUTER JOIN `applications_apphistoryviewedmodel` ON (`applications_apphistorymodel`.`id` = `applications_apphistoryviewedmodel`.`history_id`) WHERE ((`applications_apphistorymodel`.`type` = 1 OR `applications_apphistorymodel`.`type` = 2 OR `applications_apphistorymodel`.`type` = 5 OR `applications_apphistorymodel`.`type` = 6) AND (`applications_apphistoryviewedmodel`.`id` IS NULL OR NOT EXISTS(SELECT (1) AS `a` FROM `applications_apphistoryviewedmodel` U0 WHERE (U0.`history_id` = `applications_apphistorymodel`.`id` AND U0.`user_id` = 1) LIMIT 1)))) subquery; args=('1', 1, 2, 5, 6, 1)
(0.012) SELECT `applications_apphistorymodel`.`id`, `applications_apphistorymodel`.`type`, `applications_apphistorymodel`.`text`, `applications_apphistorymodel`.`pubdate`, `applications_apphistorymodel`.`number`, `applications_apphistorymodel`.`application_id`, `applications_apphistorymodel`.`author_id`, '1' AS `new` FROM `applications_apphistorymodel` LEFT OUTER JOIN `applications_apphistoryviewedmodel` ON (`applications_apphistorymodel`.`id` = `applications_apphistoryviewedmodel`.`history_id`) WHERE ((`applications_apphistorymodel`.`type` = 1 OR `applications_apphistorymodel`.`type` = 2 OR `applications_apphistorymodel`.`type` = 5 OR `applications_apphistorymodel`.`type` = 6) AND (`applications_apphistoryviewedmodel`.`id` IS NULL OR NOT EXISTS(SELECT (1) AS `a` FROM `applications_apphistoryviewedmodel` U0 WHERE (U0.`history_id` = `applications_apphistorymodel`.`id` AND U0.`user_id` = 1) LIMIT 1))) ORDER BY `applications_apphistorymodel`.`pubdate` DESC; args=('1', 1, 2, 5, 6, 1)
(0.000) SELECT `applications_applicationmodel`.`id`, `applications_applicationmodel`.`priority_id`, `applications_applicationmodel`.`equipment_id`, `applications_applicationmodel`.`problem`, `applications_applicationmodel`.`contact_id`, `applications_applicationmodel`.`client_id`, `applications_applicationmodel`.`engineer_id`, `applications_applicationmodel`.`pubdate`, `applications_applicationmodel`.`status_id`, `applications_applicationmodel`.`creator_id`, `applications_applicationmodel`.`changed` FROM `applications_applicationmodel` WHERE `applications_applicationmodel`.`id` = 160971 LIMIT 21; args=(160971,)
(0.000) SELECT `applications_applicationmodel`.`id`, `applications_applicationmodel`.`priority_id`, `applications_applicationmodel`.`equipment_id`, `applications_applicationmodel`.`problem`, `applications_applicationmodel`.`contact_id`, `applications_applicationmodel`.`client_id`, `applications_applicationmodel`.`engineer_id`, `applications_applicationmodel`.`pubdate`, `applications_applicationmodel`.`status_id`, `applications_applicationmodel`.`creator_id`, `applications_applicationmodel`.`changed` FROM `applications_applicationmodel` WHERE `applications_applicationmodel`.`id` = 160971 LIMIT 21; args=(160971,)
(0.000) SELECT `applications_applicationmodel`.`id`, `applications_applicationmodel`.`priority_id`, `applications_applicationmodel`.`equipment_id`, `applications_applicationmodel`.`problem`, `applications_applicationmodel`.`contact_id`, `applications_applicationmodel`.`client_id`, `applications_applicationmodel`.`engineer_id`, `applications_applicationmodel`.`pubdate`, `applications_applicationmodel`.`status_id`, `applications_applicationmodel`.`creator_id`, `applications_applicationmodel`.`changed` FROM `applications_applicationmodel` WHERE `applications_applicationmodel`.`id` = 160971 LIMIT 21; args=(160971,)
(0.000) SELECT `applications_applicationmodel`.`id`, `applications_applicationmodel`.`priority_id`, `applications_applicationmodel`.`equipment_id`, `applications_applicationmodel`.`problem`, `applications_applicationmodel`.`contact_id`, `applications_applicationmodel`.`client_id`, `applications_applicationmodel`.`engineer_id`, `applications_applicationmodel`.`pubdate`, `applications_applicationmodel`.`status_id`, `applications_applicationmodel`.`creator_id`, `applications_applicationmodel`.`changed` FROM `applications_applicationmodel` WHERE `applications_applicationmodel`.`id` = 160971 LIMIT 21; args=(160971,)
(0.000) SELECT `applications_applicationmodel`.`id`, `applications_applicationmodel`.`priority_id`, `applications_applicationmodel`.`equipment_id`, `applications_applicationmodel`.`problem`, `applications_applicationmodel`.`contact_id`, `applications_applicationmodel`.`client_id`, `applications_applicationmodel`.`engineer_id`, `applications_applicationmodel`.`pubdate`, `applications_applicationmodel`.`status_id`, `applications_applicationmodel`.`creator_id`, `applications_applicationmodel`.`changed` FROM `applications_applicationmodel` WHERE `applications_applicationmodel`.`id` = 160971 LIMIT 21; args=(160971,)
(0.000) SELECT `applications_applicationmodel`.`id`, `applications_applicationmodel`.`priority_id`, `applications_applicationmodel`.`equipment_id`, `applications_applicationmodel`.`problem`, `applications_applicationmodel`.`contact_id`, `applications_applicationmodel`.`client_id`, `applications_applicationmodel`.`engineer_id`, `applications_applicationmodel`.`pubdate`, `applications_applicationmodel`.`status_id`, `applications_applicationmodel`.`creator_id`, `applications_applicationmodel`.`changed` FROM `applications_applicationmodel` WHERE `applications_applicationmodel`.`id` = 160971 LIMIT 21; args=(160971,)
(0.000) SELECT `applications_applicationmodel`.`id`, `applications_applicationmodel`.`priority_id`, `applications_applicationmodel`.`equipment_id`, `applications_applicationmodel`.`problem`, `applications_applicationmodel`.`contact_id`, `applications_applicationmodel`.`client_id`, `applications_applicationmodel`.`engineer_id`, `applications_applicationmodel`.`pubdate`, `applications_applicationmodel`.`status_id`, `applications_applicationmodel`.`creator_id`, `applications_applicationmodel`.`changed` FROM `applications_applicationmodel` WHERE `applications_applicationmodel`.`id` = 160971 LIMIT 21; args=(160971,)
(0.000) SELECT `applications_applicationmodel`.`id`, `applications_applicationmodel`.`priority_id`, `applications_applicationmodel`.`equipment_id`, `applications_applicationmodel`.`problem`, `applications_applicationmodel`.`contact_id`, `applications_applicationmodel`.`client_id`, `applications_applicationmodel`.`engineer_id`, `applications_applicationmodel`.`pubdate`, `applications_applicationmodel`.`status_id`, `applications_applicationmodel`.`creator_id`, `applications_applicationmodel`.`changed` FROM `applications_applicationmodel` WHERE `applications_applicationmodel`.`id` = 160971 LIMIT 21; args=(160971,)
(0.000) SELECT `applications_applicationmodel`.`id`, `applications_applicationmodel`.`priority_id`, `applications_applicationmodel`.`equipment_id`, `applications_applicationmodel`.`problem`, `applications_applicationmodel`.`contact_id`, `applications_applicationmodel`.`client_id`, `applications_applicationmodel`.`engineer_id`, `applications_applicationmodel`.`pubdate`, `applications_applicationmodel`.`status_id`, `applications_applicationmodel`.`creator_id`, `applications_applicationmodel`.`changed` FROM `applications_applicationmodel` WHERE `applications_applicationmodel`.`id` = 160971 LIMIT 21; args=(160971,)
(0.000) SELECT `applications_applicationmodel`.`id`, `applications_applicationmodel`.`priority_id`, `applications_applicationmodel`.`equipment_id`, `applications_applicationmodel`.`problem`, `applications_applicationmodel`.`contact_id`, `applications_applicationmodel`.`client_id`, `applications_applicationmodel`.`engineer_id`, `applications_applicationmodel`.`pubdate`, `applications_applicationmodel`.`status_id`, `applications_applicationmodel`.`creator_id`, `applications_applicationmodel`.`changed` FROM `applications_applicationmodel` WHERE `applications_applicationmodel`.`id` = 160971 LIMIT 21; args=(160971,)
(0.000) SELECT `applications_applicationmodel`.`id`, `applications_applicationmodel`.`priority_id`, `applications_applicationmodel`.`equipment_id`, `applications_applicationmodel`.`problem`, `applications_applicationmodel`.`contact_id`, `applications_applicationmodel`.`client_id`, `applications_applicationmodel`.`engineer_id`, `applications_applicationmodel`.`pubdate`, `applications_applicationmodel`.`status_id`, `applications_applicationmodel`.`creator_id`, `applications_applicationmodel`.`changed` FROM `applications_applicationmodel` WHERE `applications_applicationmodel`.`id` = 160971 LIMIT 21; args=(160971,)
(0.000) SELECT `applications_applicationmodel`.`id`, `applications_applicationmodel`.`priority_id`, `applications_applicationmodel`.`equipment_id`, `applications_applicationmodel`.`problem`, `applications_applicationmodel`.`contact_id`, `applications_applicationmodel`.`client_id`, `applications_applicationmodel`.`engineer_id`, `applications_applicationmodel`.`pubdate`, `applications_applicationmodel`.`status_id`, `applications_applicationmodel`.`creator_id`, `applications_applicationmodel`.`changed` FROM `applications_applicationmodel` WHERE `applications_applicationmodel`.`id` = 160971 LIMIT 21; args=(160971,)
(0.000) SELECT `applications_applicationmodel`.`id`, `applications_applicationmodel`.`priority_id`, `applications_applicationmodel`.`equipment_id`, `applications_applicationmodel`.`problem`, `applications_applicationmodel`.`contact_id`, `applications_applicationmodel`.`client_id`, `applications_applicationmodel`.`engineer_id`, `applications_applicationmodel`.`pubdate`, `applications_applicationmodel`.`status_id`, `applications_applicationmodel`.`creator_id`, `applications_applicationmodel`.`changed` FROM `applications_applicationmodel` WHERE `applications_applicationmodel`.`id` = 160971 LIMIT 21; args=(160971,)
(0.000) SELECT `applications_applicationmodel`.`id`, `applications_applicationmodel`.`priority_id`, `applications_applicationmodel`.`equipment_id`, `applications_applicationmodel`.`problem`, `applications_applicationmodel`.`contact_id`, `applications_applicationmodel`.`client_id`, `applications_applicationmodel`.`engineer_id`, `applications_applicationmodel`.`pubdate`, `applications_applicationmodel`.`status_id`, `applications_applicationmodel`.`creator_id`, `applications_applicationmodel`.`changed` FROM `applications_applicationmodel` WHERE `applications_applicationmodel`.`id` = 160971 LIMIT 21; args=(160971,)
(0.000) SELECT `applications_applicationmodel`.`id`, `applications_applicationmodel`.`priority_id`, `applications_applicationmodel`.`equipment_id`, `applications_applicationmodel`.`problem`, `applications_applicationmodel`.`contact_id`, `applications_applicationmodel`.`client_id`, `applications_applicationmodel`.`engineer_id`, `applications_applicationmodel`.`pubdate`, `applications_applicationmodel`.`status_id`, `applications_applicationmodel`.`creator_id`, `applications_applicationmodel`.`changed` FROM `applications_applicationmodel` WHERE `applications_applicationmodel`.`id` = 160971 LIMIT 21; args=(160971,)
Exception while resolving variable 'id' in template 'applications/history.html'.
Traceback (most recent call last):
  File "/var/www/html/django/integrator/integrator_env/lib/python3.6/site-packages/django/template/base.py", line 829, in _resolve_lookup
    current = current[bit]
TypeError: 'NoneType' object is not subscriptable

During handling of the above exception, another exception occurred:

Traceback (most recent call last):
  File "/var/www/html/django/integrator/integrator_env/lib/python3.6/site-packages/django/template/base.py", line 837, in _resolve_lookup
    current = getattr(current, bit)
AttributeError: 'NoneType' object has no attribute 'id'

During handling of the above exception, another exception occurred:

Traceback (most recent call last):
  File "/var/www/html/django/integrator/integrator_env/lib/python3.6/site-packages/django/template/base.py", line 843, in _resolve_lookup
    current = current[int(bit)]
ValueError: invalid literal for int() with base 10: 'id'

During handling of the above exception, another exception occurred:

Traceback (most recent call last):
  File "/var/www/html/django/integrator/integrator_env/lib/python3.6/site-packages/django/template/base.py", line 850, in _resolve_lookup
    (bit, current))  # missing attribute
django.template.base.VariableDoesNotExist: Failed lookup for key [id] in None
Exception while resolving variable 'id' in template 'applications/history.html'.
Traceback (most recent call last):
  File "/var/www/html/django/integrator/integrator_env/lib/python3.6/site-packages/django/template/base.py", line 829, in _resolve_lookup
    current = current[bit]
TypeError: 'NoneType' object is not subscriptable

During handling of the above exception, another exception occurred:

Traceback (most recent call last):
  File "/var/www/html/django/integrator/integrator_env/lib/python3.6/site-packages/django/template/base.py", line 837, in _resolve_lookup
    current = getattr(current, bit)
AttributeError: 'NoneType' object has no attribute 'id'

During handling of the above exception, another exception occurred:

Traceback (most recent call last):
  File "/var/www/html/django/integrator/integrator_env/lib/python3.6/site-packages/django/template/base.py", line 843, in _resolve_lookup
    current = current[int(bit)]
ValueError: invalid literal for int() with base 10: 'id'

During handling of the above exception, another exception occurred:

Traceback (most recent call last):
  File "/var/www/html/django/integrator/integrator_env/lib/python3.6/site-packages/django/template/base.py", line 850, in _resolve_lookup
    (bit, current))  # missing attribute
django.template.base.VariableDoesNotExist: Failed lookup for key [id] in None
Exception while resolving variable 'id' in template 'applications/history.html'.
Traceback (most recent call last):
  File "/var/www/html/django/integrator/integrator_env/lib/python3.6/site-packages/django/template/base.py", line 829, in _resolve_lookup
    current = current[bit]
TypeError: 'NoneType' object is not subscriptable

During handling of the above exception, another exception occurred:

Traceback (most recent call last):
  File "/var/www/html/django/integrator/integrator_env/lib/python3.6/site-packages/django/template/base.py", line 837, in _resolve_lookup
    current = getattr(current, bit)
AttributeError: 'NoneType' object has no attribute 'id'

During handling of the above exception, another exception occurred:

Traceback (most recent call last):
  File "/var/www/html/django/integrator/integrator_env/lib/python3.6/site-packages/django/template/base.py", line 843, in _resolve_lookup
    current = current[int(bit)]
ValueError: invalid literal for int() with base 10: 'id'

During handling of the above exception, another exception occurred:

Traceback (most recent call last):
  File "/var/www/html/django/integrator/integrator_env/lib/python3.6/site-packages/django/template/base.py", line 850, in _resolve_lookup
    (bit, current))  # missing attribute
django.template.base.VariableDoesNotExist: Failed lookup for key [id] in None
Exception while resolving variable 'id' in template 'applications/history.html'.
Traceback (most recent call last):
  File "/var/www/html/django/integrator/integrator_env/lib/python3.6/site-packages/django/template/base.py", line 829, in _resolve_lookup
    current = current[bit]
TypeError: 'NoneType' object is not subscriptable

During handling of the above exception, another exception occurred:

Traceback (most recent call last):
  File "/var/www/html/django/integrator/integrator_env/lib/python3.6/site-packages/django/template/base.py", line 837, in _resolve_lookup
    current = getattr(current, bit)
AttributeError: 'NoneType' object has no attribute 'id'

During handling of the above exception, another exception occurred:

Traceback (most recent call last):
  File "/var/www/html/django/integrator/integrator_env/lib/python3.6/site-packages/django/template/base.py", line 843, in _resolve_lookup
    current = current[int(bit)]
ValueError: invalid literal for int() with base 10: 'id'

During handling of the above exception, another exception occurred:

Traceback (most recent call last):
  File "/var/www/html/django/integrator/integrator_env/lib/python3.6/site-packages/django/template/base.py", line 850, in _resolve_lookup
    (bit, current))  # missing attribute
django.template.base.VariableDoesNotExist: Failed lookup for key [id] in None
Exception while resolving variable 'id' in template 'applications/history.html'.
Traceback (most recent call last):
  File "/var/www/html/django/integrator/integrator_env/lib/python3.6/site-packages/django/template/base.py", line 829, in _resolve_lookup
    current = current[bit]
TypeError: 'NoneType' object is not subscriptable

During handling of the above exception, another exception occurred:

Traceback (most recent call last):
  File "/var/www/html/django/integrator/integrator_env/lib/python3.6/site-packages/django/template/base.py", line 837, in _resolve_lookup
    current = getattr(current, bit)
AttributeError: 'NoneType' object has no attribute 'id'

During handling of the above exception, another exception occurred:

Traceback (most recent call last):
  File "/var/www/html/django/integrator/integrator_env/lib/python3.6/site-packages/django/template/base.py", line 843, in _resolve_lookup
    current = current[int(bit)]
ValueError: invalid literal for int() with base 10: 'id'

During handling of the above exception, another exception occurred:

Traceback (most recent call last):
  File "/var/www/html/django/integrator/integrator_env/lib/python3.6/site-packages/django/template/base.py", line 850, in _resolve_lookup
    (bit, current))  # missing attribute
django.template.base.VariableDoesNotExist: Failed lookup for key [id] in None
Exception while resolving variable 'id' in template 'applications/history.html'.
Traceback (most recent call last):
  File "/var/www/html/django/integrator/integrator_env/lib/python3.6/site-packages/django/template/base.py", line 829, in _resolve_lookup
    current = current[bit]
TypeError: 'NoneType' object is not subscriptable

During handling of the above exception, another exception occurred:

Traceback (most recent call last):
  File "/var/www/html/django/integrator/integrator_env/lib/python3.6/site-packages/django/template/base.py", line 837, in _resolve_lookup
    current = getattr(current, bit)
AttributeError: 'NoneType' object has no attribute 'id'

During handling of the above exception, another exception occurred:

Traceback (most recent call last):
  File "/var/www/html/django/integrator/integrator_env/lib/python3.6/site-packages/django/template/base.py", line 843, in _resolve_lookup
    current = current[int(bit)]
ValueError: invalid literal for int() with base 10: 'id'

During handling of the above exception, another exception occurred:

Traceback (most recent call last):
  File "/var/www/html/django/integrator/integrator_env/lib/python3.6/site-packages/django/template/base.py", line 850, in _resolve_lookup
    (bit, current))  # missing attribute
django.template.base.VariableDoesNotExist: Failed lookup for key [id] in None
Exception while resolving variable 'id' in template 'applications/history.html'.
Traceback (most recent call last):
  File "/var/www/html/django/integrator/integrator_env/lib/python3.6/site-packages/django/template/base.py", line 829, in _resolve_lookup
    current = current[bit]
TypeError: 'NoneType' object is not subscriptable

During handling of the above exception, another exception occurred:

Traceback (most recent call last):
  File "/var/www/html/django/integrator/integrator_env/lib/python3.6/site-packages/django/template/base.py", line 837, in _resolve_lookup
    current = getattr(current, bit)
AttributeError: 'NoneType' object has no attribute 'id'

During handling of the above exception, another exception occurred:

Traceback (most recent call last):
  File "/var/www/html/django/integrator/integrator_env/lib/python3.6/site-packages/django/template/base.py", line 843, in _resolve_lookup
    current = current[int(bit)]
ValueError: invalid literal for int() with base 10: 'id'

During handling of the above exception, another exception occurred:

Traceback (most recent call last):
  File "/var/www/html/django/integrator/integrator_env/lib/python3.6/site-packages/django/template/base.py", line 850, in _resolve_lookup
    (bit, current))  # missing attribute
django.template.base.VariableDoesNotExist: Failed lookup for key [id] in None
Exception while resolving variable 'id' in template 'applications/history.html'.
Traceback (most recent call last):
  File "/var/www/html/django/integrator/integrator_env/lib/python3.6/site-packages/django/template/base.py", line 829, in _resolve_lookup
    current = current[bit]
TypeError: 'NoneType' object is not subscriptable

During handling of the above exception, another exception occurred:

Traceback (most recent call last):
  File "/var/www/html/django/integrator/integrator_env/lib/python3.6/site-packages/django/template/base.py", line 837, in _resolve_lookup
    current = getattr(current, bit)
AttributeError: 'NoneType' object has no attribute 'id'

During handling of the above exception, another exception occurred:

Traceback (most recent call last):
  File "/var/www/html/django/integrator/integrator_env/lib/python3.6/site-packages/django/template/base.py", line 843, in _resolve_lookup
    current = current[int(bit)]
ValueError: invalid literal for int() with base 10: 'id'

During handling of the above exception, another exception occurred:

Traceback (most recent call last):
  File "/var/www/html/django/integrator/integrator_env/lib/python3.6/site-packages/django/template/base.py", line 850, in _resolve_lookup
    (bit, current))  # missing attribute
django.template.base.VariableDoesNotExist: Failed lookup for key [id] in None
Exception while resolving variable 'id' in template 'applications/history.html'.
Traceback (most recent call last):
  File "/var/www/html/django/integrator/integrator_env/lib/python3.6/site-packages/django/template/base.py", line 829, in _resolve_lookup
    current = current[bit]
TypeError: 'NoneType' object is not subscriptable

During handling of the above exception, another exception occurred:

Traceback (most recent call last):
  File "/var/www/html/django/integrator/integrator_env/lib/python3.6/site-packages/django/template/base.py", line 837, in _resolve_lookup
    current = getattr(current, bit)
AttributeError: 'NoneType' object has no attribute 'id'

During handling of the above exception, another exception occurred:

Traceback (most recent call last):
  File "/var/www/html/django/integrator/integrator_env/lib/python3.6/site-packages/django/template/base.py", line 843, in _resolve_lookup
    current = current[int(bit)]
ValueError: invalid literal for int() with base 10: 'id'

During handling of the above exception, another exception occurred:

Traceback (most recent call last):
  File "/var/www/html/django/integrator/integrator_env/lib/python3.6/site-packages/django/template/base.py", line 850, in _resolve_lookup
    (bit, current))  # missing attribute
django.template.base.VariableDoesNotExist: Failed lookup for key [id] in None
Exception while resolving variable 'id' in template 'applications/history.html'.
Traceback (most recent call last):
  File "/var/www/html/django/integrator/integrator_env/lib/python3.6/site-packages/django/template/base.py", line 829, in _resolve_lookup
    current = current[bit]
TypeError: 'NoneType' object is not subscriptable

During handling of the above exception, another exception occurred:

Traceback (most recent call last):
  File "/var/www/html/django/integrator/integrator_env/lib/python3.6/site-packages/django/template/base.py", line 837, in _resolve_lookup
    current = getattr(current, bit)
AttributeError: 'NoneType' object has no attribute 'id'

During handling of the above exception, another exception occurred:

Traceback (most recent call last):
  File "/var/www/html/django/integrator/integrator_env/lib/python3.6/site-packages/django/template/base.py", line 843, in _resolve_lookup
    current = current[int(bit)]
ValueError: invalid literal for int() with base 10: 'id'

During handling of the above exception, another exception occurred:

Traceback (most recent call last):
  File "/var/www/html/django/integrator/integrator_env/lib/python3.6/site-packages/django/template/base.py", line 850, in _resolve_lookup
    (bit, current))  # missing attribute
django.template.base.VariableDoesNotExist: Failed lookup for key [id] in None
Exception while resolving variable 'id' in template 'applications/history.html'.
Traceback (most recent call last):
  File "/var/www/html/django/integrator/integrator_env/lib/python3.6/site-packages/django/template/base.py", line 829, in _resolve_lookup
    current = current[bit]
TypeError: 'NoneType' object is not subscriptable

During handling of the above exception, another exception occurred:

Traceback (most recent call last):
  File "/var/www/html/django/integrator/integrator_env/lib/python3.6/site-packages/django/template/base.py", line 837, in _resolve_lookup
    current = getattr(current, bit)
AttributeError: 'NoneType' object has no attribute 'id'

During handling of the above exception, another exception occurred:

Traceback (most recent call last):
  File "/var/www/html/django/integrator/integrator_env/lib/python3.6/site-packages/django/template/base.py", line 843, in _resolve_lookup
    current = current[int(bit)]
ValueError: invalid literal for int() with base 10: 'id'

During handling of the above exception, another exception occurred:

Traceback (most recent call last):
  File "/var/www/html/django/integrator/integrator_env/lib/python3.6/site-packages/django/template/base.py", line 850, in _resolve_lookup
    (bit, current))  # missing attribute
django.template.base.VariableDoesNotExist: Failed lookup for key [id] in None
Exception while resolving variable 'id' in template 'applications/history.html'.
Traceback (most recent call last):
  File "/var/www/html/django/integrator/integrator_env/lib/python3.6/site-packages/django/template/base.py", line 829, in _resolve_lookup
    current = current[bit]
TypeError: 'NoneType' object is not subscriptable

During handling of the above exception, another exception occurred:

Traceback (most recent call last):
  File "/var/www/html/django/integrator/integrator_env/lib/python3.6/site-packages/django/template/base.py", line 837, in _resolve_lookup
    current = getattr(current, bit)
AttributeError: 'NoneType' object has no attribute 'id'

During handling of the above exception, another exception occurred:

Traceback (most recent call last):
  File "/var/www/html/django/integrator/integrator_env/lib/python3.6/site-packages/django/template/base.py", line 843, in _resolve_lookup
    current = current[int(bit)]
ValueError: invalid literal for int() with base 10: 'id'

During handling of the above exception, another exception occurred:

Traceback (most recent call last):
  File "/var/www/html/django/integrator/integrator_env/lib/python3.6/site-packages/django/template/base.py", line 850, in _resolve_lookup
    (bit, current))  # missing attribute
django.template.base.VariableDoesNotExist: Failed lookup for key [id] in None
Exception while resolving variable 'id' in template 'applications/history.html'.
Traceback (most recent call last):
  File "/var/www/html/django/integrator/integrator_env/lib/python3.6/site-packages/django/template/base.py", line 829, in _resolve_lookup
    current = current[bit]
TypeError: 'NoneType' object is not subscriptable

During handling of the above exception, another exception occurred:

Traceback (most recent call last):
  File "/var/www/html/django/integrator/integrator_env/lib/python3.6/site-packages/django/template/base.py", line 837, in _resolve_lookup
    current = getattr(current, bit)
AttributeError: 'NoneType' object has no attribute 'id'

During handling of the above exception, another exception occurred:

Traceback (most recent call last):
  File "/var/www/html/django/integrator/integrator_env/lib/python3.6/site-packages/django/template/base.py", line 843, in _resolve_lookup
    current = current[int(bit)]
ValueError: invalid literal for int() with base 10: 'id'

During handling of the above exception, another exception occurred:

Traceback (most recent call last):
  File "/var/www/html/django/integrator/integrator_env/lib/python3.6/site-packages/django/template/base.py", line 850, in _resolve_lookup
    (bit, current))  # missing attribute
django.template.base.VariableDoesNotExist: Failed lookup for key [id] in None
Exception while resolving variable 'id' in template 'applications/history.html'.
Traceback (most recent call last):
  File "/var/www/html/django/integrator/integrator_env/lib/python3.6/site-packages/django/template/base.py", line 829, in _resolve_lookup
    current = current[bit]
TypeError: 'NoneType' object is not subscriptable

During handling of the above exception, another exception occurred:

Traceback (most recent call last):
  File "/var/www/html/django/integrator/integrator_env/lib/python3.6/site-packages/django/template/base.py", line 837, in _resolve_lookup
    current = getattr(current, bit)
AttributeError: 'NoneType' object has no attribute 'id'

During handling of the above exception, another exception occurred:

Traceback (most recent call last):
  File "/var/www/html/django/integrator/integrator_env/lib/python3.6/site-packages/django/template/base.py", line 843, in _resolve_lookup
    current = current[int(bit)]
ValueError: invalid literal for int() with base 10: 'id'

During handling of the above exception, another exception occurred:

Traceback (most recent call last):
  File "/var/www/html/django/integrator/integrator_env/lib/python3.6/site-packages/django/template/base.py", line 850, in _resolve_lookup
    (bit, current))  # missing attribute
django.template.base.VariableDoesNotExist: Failed lookup for key [id] in None
Exception while resolving variable 'id' in template 'applications/history.html'.
Traceback (most recent call last):
  File "/var/www/html/django/integrator/integrator_env/lib/python3.6/site-packages/django/template/base.py", line 829, in _resolve_lookup
    current = current[bit]
TypeError: 'NoneType' object is not subscriptable

During handling of the above exception, another exception occurred:

Traceback (most recent call last):
  File "/var/www/html/django/integrator/integrator_env/lib/python3.6/site-packages/django/template/base.py", line 837, in _resolve_lookup
    current = getattr(current, bit)
AttributeError: 'NoneType' object has no attribute 'id'

During handling of the above exception, another exception occurred:

Traceback (most recent call last):
  File "/var/www/html/django/integrator/integrator_env/lib/python3.6/site-packages/django/template/base.py", line 843, in _resolve_lookup
    current = current[int(bit)]
ValueError: invalid literal for int() with base 10: 'id'

During handling of the above exception, another exception occurred:

Traceback (most recent call last):
  File "/var/www/html/django/integrator/integrator_env/lib/python3.6/site-packages/django/template/base.py", line 850, in _resolve_lookup
    (bit, current))  # missing attribute
django.template.base.VariableDoesNotExist: Failed lookup for key [id] in None
Exception while resolving variable 'id' in template 'applications/history.html'.
Traceback (most recent call last):
  File "/var/www/html/django/integrator/integrator_env/lib/python3.6/site-packages/django/template/base.py", line 829, in _resolve_lookup
    current = current[bit]
TypeError: 'NoneType' object is not subscriptable

During handling of the above exception, another exception occurred:

Traceback (most recent call last):
  File "/var/www/html/django/integrator/integrator_env/lib/python3.6/site-packages/django/template/base.py", line 837, in _resolve_lookup
    current = getattr(current, bit)
AttributeError: 'NoneType' object has no attribute 'id'

During handling of the above exception, another exception occurred:

Traceback (most recent call last):
  File "/var/www/html/django/integrator/integrator_env/lib/python3.6/site-packages/django/template/base.py", line 843, in _resolve_lookup
    current = current[int(bit)]
ValueError: invalid literal for int() with base 10: 'id'

During handling of the above exception, another exception occurred:

Traceback (most recent call last):
  File "/var/www/html/django/integrator/integrator_env/lib/python3.6/site-packages/django/template/base.py", line 850, in _resolve_lookup
    (bit, current))  # missing attribute
django.template.base.VariableDoesNotExist: Failed lookup for key [id] in None
Exception while resolving variable 'id' in template 'applications/history.html'.
Traceback (most recent call last):
  File "/var/www/html/django/integrator/integrator_env/lib/python3.6/site-packages/django/template/base.py", line 829, in _resolve_lookup
    current = current[bit]
TypeError: 'NoneType' object is not subscriptable

During handling of the above exception, another exception occurred:

Traceback (most recent call last):
  File "/var/www/html/django/integrator/integrator_env/lib/python3.6/site-packages/django/template/base.py", line 837, in _resolve_lookup
    current = getattr(current, bit)
AttributeError: 'NoneType' object has no attribute 'id'

During handling of the above exception, another exception occurred:

Traceback (most recent call last):
  File "/var/www/html/django/integrator/integrator_env/lib/python3.6/site-packages/django/template/base.py", line 843, in _resolve_lookup
    current = current[int(bit)]
ValueError: invalid literal for int() with base 10: 'id'

During handling of the above exception, another exception occurred:

Traceback (most recent call last):
  File "/var/www/html/django/integrator/integrator_env/lib/python3.6/site-packages/django/template/base.py", line 850, in _resolve_lookup
    (bit, current))  # missing attribute
django.template.base.VariableDoesNotExist: Failed lookup for key [id] in None
Exception while resolving variable 'id' in template 'applications/history.html'.
Traceback (most recent call last):
  File "/var/www/html/django/integrator/integrator_env/lib/python3.6/site-packages/django/template/base.py", line 829, in _resolve_lookup
    current = current[bit]
TypeError: 'NoneType' object is not subscriptable

During handling of the above exception, another exception occurred:

Traceback (most recent call last):
  File "/var/www/html/django/integrator/integrator_env/lib/python3.6/site-packages/django/template/base.py", line 837, in _resolve_lookup
    current = getattr(current, bit)
AttributeError: 'NoneType' object has no attribute 'id'

During handling of the above exception, another exception occurred:

Traceback (most recent call last):
  File "/var/www/html/django/integrator/integrator_env/lib/python3.6/site-packages/django/template/base.py", line 843, in _resolve_lookup
    current = current[int(bit)]
ValueError: invalid literal for int() with base 10: 'id'

During handling of the above exception, another exception occurred:

Traceback (most recent call last):
  File "/var/www/html/django/integrator/integrator_env/lib/python3.6/site-packages/django/template/base.py", line 850, in _resolve_lookup
    (bit, current))  # missing attribute
django.template.base.VariableDoesNotExist: Failed lookup for key [id] in None
Exception while resolving variable 'id' in template 'applications/history.html'.
Traceback (most recent call last):
  File "/var/www/html/django/integrator/integrator_env/lib/python3.6/site-packages/django/template/base.py", line 829, in _resolve_lookup
    current = current[bit]
TypeError: 'NoneType' object is not subscriptable

During handling of the above exception, another exception occurred:

Traceback (most recent call last):
  File "/var/www/html/django/integrator/integrator_env/lib/python3.6/site-packages/django/template/base.py", line 837, in _resolve_lookup
    current = getattr(current, bit)
AttributeError: 'NoneType' object has no attribute 'id'

During handling of the above exception, another exception occurred:

Traceback (most recent call last):
  File "/var/www/html/django/integrator/integrator_env/lib/python3.6/site-packages/django/template/base.py", line 843, in _resolve_lookup
    current = current[int(bit)]
ValueError: invalid literal for int() with base 10: 'id'

During handling of the above exception, another exception occurred:

Traceback (most recent call last):
  File "/var/www/html/django/integrator/integrator_env/lib/python3.6/site-packages/django/template/base.py", line 850, in _resolve_lookup
    (bit, current))  # missing attribute
django.template.base.VariableDoesNotExist: Failed lookup for key [id] in None
Exception while resolving variable 'id' in template 'applications/history.html'.
Traceback (most recent call last):
  File "/var/www/html/django/integrator/integrator_env/lib/python3.6/site-packages/django/template/base.py", line 829, in _resolve_lookup
    current = current[bit]
TypeError: 'NoneType' object is not subscriptable

During handling of the above exception, another exception occurred:

Traceback (most recent call last):
  File "/var/www/html/django/integrator/integrator_env/lib/python3.6/site-packages/django/template/base.py", line 837, in _resolve_lookup
    current = getattr(current, bit)
AttributeError: 'NoneType' object has no attribute 'id'

During handling of the above exception, another exception occurred:

Traceback (most recent call last):
  File "/var/www/html/django/integrator/integrator_env/lib/python3.6/site-packages/django/template/base.py", line 843, in _resolve_lookup
    current = current[int(bit)]
ValueError: invalid literal for int() with base 10: 'id'

During handling of the above exception, another exception occurred:

Traceback (most recent call last):
  File "/var/www/html/django/integrator/integrator_env/lib/python3.6/site-packages/django/template/base.py", line 850, in _resolve_lookup
    (bit, current))  # missing attribute
django.template.base.VariableDoesNotExist: Failed lookup for key [id] in None
Exception while resolving variable 'id' in template 'applications/history.html'.
Traceback (most recent call last):
  File "/var/www/html/django/integrator/integrator_env/lib/python3.6/site-packages/django/template/base.py", line 829, in _resolve_lookup
    current = current[bit]
TypeError: 'NoneType' object is not subscriptable

During handling of the above exception, another exception occurred:

Traceback (most recent call last):
  File "/var/www/html/django/integrator/integrator_env/lib/python3.6/site-packages/django/template/base.py", line 837, in _resolve_lookup
    current = getattr(current, bit)
AttributeError: 'NoneType' object has no attribute 'id'

During handling of the above exception, another exception occurred:

Traceback (most recent call last):
  File "/var/www/html/django/integrator/integrator_env/lib/python3.6/site-packages/django/template/base.py", line 843, in _resolve_lookup
    current = current[int(bit)]
ValueError: invalid literal for int() with base 10: 'id'

During handling of the above exception, another exception occurred:

Traceback (most recent call last):
  File "/var/www/html/django/integrator/integrator_env/lib/python3.6/site-packages/django/template/base.py", line 850, in _resolve_lookup
    (bit, current))  # missing attribute
django.template.base.VariableDoesNotExist: Failed lookup for key [id] in None
Exception while resolving variable 'id' in template 'applications/history.html'.
Traceback (most recent call last):
  File "/var/www/html/django/integrator/integrator_env/lib/python3.6/site-packages/django/template/base.py", line 829, in _resolve_lookup
    current = current[bit]
TypeError: 'NoneType' object is not subscriptable

During handling of the above exception, another exception occurred:

Traceback (most recent call last):
  File "/var/www/html/django/integrator/integrator_env/lib/python3.6/site-packages/django/template/base.py", line 837, in _resolve_lookup
    current = getattr(current, bit)
AttributeError: 'NoneType' object has no attribute 'id'

During handling of the above exception, another exception occurred:

Traceback (most recent call last):
  File "/var/www/html/django/integrator/integrator_env/lib/python3.6/site-packages/django/template/base.py", line 843, in _resolve_lookup
    current = current[int(bit)]
ValueError: invalid literal for int() with base 10: 'id'

During handling of the above exception, another exception occurred:

Traceback (most recent call last):
  File "/var/www/html/django/integrator/integrator_env/lib/python3.6/site-packages/django/template/base.py", line 850, in _resolve_lookup
    (bit, current))  # missing attribute
django.template.base.VariableDoesNotExist: Failed lookup for key [id] in None
Exception while resolving variable 'id' in template 'applications/history.html'.
Traceback (most recent call last):
  File "/var/www/html/django/integrator/integrator_env/lib/python3.6/site-packages/django/template/base.py", line 829, in _resolve_lookup
    current = current[bit]
TypeError: 'NoneType' object is not subscriptable

During handling of the above exception, another exception occurred:

Traceback (most recent call last):
  File "/var/www/html/django/integrator/integrator_env/lib/python3.6/site-packages/django/template/base.py", line 837, in _resolve_lookup
    current = getattr(current, bit)
AttributeError: 'NoneType' object has no attribute 'id'

During handling of the above exception, another exception occurred:

Traceback (most recent call last):
  File "/var/www/html/django/integrator/integrator_env/lib/python3.6/site-packages/django/template/base.py", line 843, in _resolve_lookup
    current = current[int(bit)]
ValueError: invalid literal for int() with base 10: 'id'

During handling of the above exception, another exception occurred:

Traceback (most recent call last):
  File "/var/www/html/django/integrator/integrator_env/lib/python3.6/site-packages/django/template/base.py", line 850, in _resolve_lookup
    (bit, current))  # missing attribute
django.template.base.VariableDoesNotExist: Failed lookup for key [id] in None
Exception while resolving variable 'id' in template 'applications/history.html'.
Traceback (most recent call last):
  File "/var/www/html/django/integrator/integrator_env/lib/python3.6/site-packages/django/template/base.py", line 829, in _resolve_lookup
    current = current[bit]
TypeError: 'NoneType' object is not subscriptable

During handling of the above exception, another exception occurred:

Traceback (most recent call last):
  File "/var/www/html/django/integrator/integrator_env/lib/python3.6/site-packages/django/template/base.py", line 837, in _resolve_lookup
    current = getattr(current, bit)
AttributeError: 'NoneType' object has no attribute 'id'

During handling of the above exception, another exception occurred:

Traceback (most recent call last):
  File "/var/www/html/django/integrator/integrator_env/lib/python3.6/site-packages/django/template/base.py", line 843, in _resolve_lookup
    current = current[int(bit)]
ValueError: invalid literal for int() with base 10: 'id'

During handling of the above exception, another exception occurred:

Traceback (most recent call last):
  File "/var/www/html/django/integrator/integrator_env/lib/python3.6/site-packages/django/template/base.py", line 850, in _resolve_lookup
    (bit, current))  # missing attribute
django.template.base.VariableDoesNotExist: Failed lookup for key [id] in None
Exception while resolving variable 'id' in template 'applications/history.html'.
Traceback (most recent call last):
  File "/var/www/html/django/integrator/integrator_env/lib/python3.6/site-packages/django/template/base.py", line 829, in _resolve_lookup
    current = current[bit]
TypeError: 'NoneType' object is not subscriptable

During handling of the above exception, another exception occurred:

Traceback (most recent call last):
  File "/var/www/html/django/integrator/integrator_env/lib/python3.6/site-packages/django/template/base.py", line 837, in _resolve_lookup
    current = getattr(current, bit)
AttributeError: 'NoneType' object has no attribute 'id'

During handling of the above exception, another exception occurred:

Traceback (most recent call last):
  File "/var/www/html/django/integrator/integrator_env/lib/python3.6/site-packages/django/template/base.py", line 843, in _resolve_lookup
    current = current[int(bit)]
ValueError: invalid literal for int() with base 10: 'id'

During handling of the above exception, another exception occurred:

Traceback (most recent call last):
  File "/var/www/html/django/integrator/integrator_env/lib/python3.6/site-packages/django/template/base.py", line 850, in _resolve_lookup
    (bit, current))  # missing attribute
django.template.base.VariableDoesNotExist: Failed lookup for key [id] in None
Exception while resolving variable 'id' in template 'applications/history.html'.
Traceback (most recent call last):
  File "/var/www/html/django/integrator/integrator_env/lib/python3.6/site-packages/django/template/base.py", line 829, in _resolve_lookup
    current = current[bit]
TypeError: 'NoneType' object is not subscriptable

During handling of the above exception, another exception occurred:

Traceback (most recent call last):
  File "/var/www/html/django/integrator/integrator_env/lib/python3.6/site-packages/django/template/base.py", line 837, in _resolve_lookup
    current = getattr(current, bit)
AttributeError: 'NoneType' object has no attribute 'id'

During handling of the above exception, another exception occurred:

Traceback (most recent call last):
  File "/var/www/html/django/integrator/integrator_env/lib/python3.6/site-packages/django/template/base.py", line 843, in _resolve_lookup
    current = current[int(bit)]
ValueError: invalid literal for int() with base 10: 'id'

During handling of the above exception, another exception occurred:

Traceback (most recent call last):
  File "/var/www/html/django/integrator/integrator_env/lib/python3.6/site-packages/django/template/base.py", line 850, in _resolve_lookup
    (bit, current))  # missing attribute
django.template.base.VariableDoesNotExist: Failed lookup for key [id] in None
Exception while resolving variable 'id' in template 'applications/history.html'.
Traceback (most recent call last):
  File "/var/www/html/django/integrator/integrator_env/lib/python3.6/site-packages/django/template/base.py", line 829, in _resolve_lookup
    current = current[bit]
TypeError: 'NoneType' object is not subscriptable

During handling of the above exception, another exception occurred:

Traceback (most recent call last):
  File "/var/www/html/django/integrator/integrator_env/lib/python3.6/site-packages/django/template/base.py", line 837, in _resolve_lookup
    current = getattr(current, bit)
AttributeError: 'NoneType' object has no attribute 'id'

During handling of the above exception, another exception occurred:

Traceback (most recent call last):
  File "/var/www/html/django/integrator/integrator_env/lib/python3.6/site-packages/django/template/base.py", line 843, in _resolve_lookup
    current = current[int(bit)]
ValueError: invalid literal for int() with base 10: 'id'

During handling of the above exception, another exception occurred:

Traceback (most recent call last):
  File "/var/www/html/django/integrator/integrator_env/lib/python3.6/site-packages/django/template/base.py", line 850, in _resolve_lookup
    (bit, current))  # missing attribute
django.template.base.VariableDoesNotExist: Failed lookup for key [id] in None
Exception while resolving variable 'id' in template 'applications/history.html'.
Traceback (most recent call last):
  File "/var/www/html/django/integrator/integrator_env/lib/python3.6/site-packages/django/template/base.py", line 829, in _resolve_lookup
    current = current[bit]
TypeError: 'NoneType' object is not subscriptable

During handling of the above exception, another exception occurred:

Traceback (most recent call last):
  File "/var/www/html/django/integrator/integrator_env/lib/python3.6/site-packages/django/template/base.py", line 837, in _resolve_lookup
    current = getattr(current, bit)
AttributeError: 'NoneType' object has no attribute 'id'

During handling of the above exception, another exception occurred:

Traceback (most recent call last):
  File "/var/www/html/django/integrator/integrator_env/lib/python3.6/site-packages/django/template/base.py", line 843, in _resolve_lookup
    current = current[int(bit)]
ValueError: invalid literal for int() with base 10: 'id'

During handling of the above exception, another exception occurred:

Traceback (most recent call last):
  File "/var/www/html/django/integrator/integrator_env/lib/python3.6/site-packages/django/template/base.py", line 850, in _resolve_lookup
    (bit, current))  # missing attribute
django.template.base.VariableDoesNotExist: Failed lookup for key [id] in None
Exception while resolving variable 'id' in template 'applications/history.html'.
Traceback (most recent call last):
  File "/var/www/html/django/integrator/integrator_env/lib/python3.6/site-packages/django/template/base.py", line 829, in _resolve_lookup
    current = current[bit]
TypeError: 'NoneType' object is not subscriptable

During handling of the above exception, another exception occurred:

Traceback (most recent call last):
  File "/var/www/html/django/integrator/integrator_env/lib/python3.6/site-packages/django/template/base.py", line 837, in _resolve_lookup
    current = getattr(current, bit)
AttributeError: 'NoneType' object has no attribute 'id'

During handling of the above exception, another exception occurred:

Traceback (most recent call last):
  File "/var/www/html/django/integrator/integrator_env/lib/python3.6/site-packages/django/template/base.py", line 843, in _resolve_lookup
    current = current[int(bit)]
ValueError: invalid literal for int() with base 10: 'id'

During handling of the above exception, another exception occurred:

Traceback (most recent call last):
  File "/var/www/html/django/integrator/integrator_env/lib/python3.6/site-packages/django/template/base.py", line 850, in _resolve_lookup
    (bit, current))  # missing attribute
django.template.base.VariableDoesNotExist: Failed lookup for key [id] in None
Exception while resolving variable 'id' in template 'applications/history.html'.
Traceback (most recent call last):
  File "/var/www/html/django/integrator/integrator_env/lib/python3.6/site-packages/django/template/base.py", line 829, in _resolve_lookup
    current = current[bit]
TypeError: 'NoneType' object is not subscriptable

During handling of the above exception, another exception occurred:

Traceback (most recent call last):
  File "/var/www/html/django/integrator/integrator_env/lib/python3.6/site-packages/django/template/base.py", line 837, in _resolve_lookup
    current = getattr(current, bit)
AttributeError: 'NoneType' object has no attribute 'id'

During handling of the above exception, another exception occurred:

Traceback (most recent call last):
  File "/var/www/html/django/integrator/integrator_env/lib/python3.6/site-packages/django/template/base.py", line 843, in _resolve_lookup
    current = current[int(bit)]
ValueError: invalid literal for int() with base 10: 'id'

During handling of the above exception, another exception occurred:

Traceback (most recent call last):
  File "/var/www/html/django/integrator/integrator_env/lib/python3.6/site-packages/django/template/base.py", line 850, in _resolve_lookup
    (bit, current))  # missing attribute
django.template.base.VariableDoesNotExist: Failed lookup for key [id] in None
Exception while resolving variable 'id' in template 'applications/history.html'.
Traceback (most recent call last):
  File "/var/www/html/django/integrator/integrator_env/lib/python3.6/site-packages/django/template/base.py", line 829, in _resolve_lookup
    current = current[bit]
TypeError: 'NoneType' object is not subscriptable

During handling of the above exception, another exception occurred:

Traceback (most recent call last):
  File "/var/www/html/django/integrator/integrator_env/lib/python3.6/site-packages/django/template/base.py", line 837, in _resolve_lookup
    current = getattr(current, bit)
AttributeError: 'NoneType' object has no attribute 'id'

During handling of the above exception, another exception occurred:

Traceback (most recent call last):
  File "/var/www/html/django/integrator/integrator_env/lib/python3.6/site-packages/django/template/base.py", line 843, in _resolve_lookup
    current = current[int(bit)]
ValueError: invalid literal for int() with base 10: 'id'

During handling of the above exception, another exception occurred:

Traceback (most recent call last):
  File "/var/www/html/django/integrator/integrator_env/lib/python3.6/site-packages/django/template/base.py", line 850, in _resolve_lookup
    (bit, current))  # missing attribute
django.template.base.VariableDoesNotExist: Failed lookup for key [id] in None
Exception while resolving variable 'id' in template 'applications/history.html'.
Traceback (most recent call last):
  File "/var/www/html/django/integrator/integrator_env/lib/python3.6/site-packages/django/template/base.py", line 829, in _resolve_lookup
    current = current[bit]
TypeError: 'NoneType' object is not subscriptable

During handling of the above exception, another exception occurred:

Traceback (most recent call last):
  File "/var/www/html/django/integrator/integrator_env/lib/python3.6/site-packages/django/template/base.py", line 837, in _resolve_lookup
    current = getattr(current, bit)
AttributeError: 'NoneType' object has no attribute 'id'

During handling of the above exception, another exception occurred:

Traceback (most recent call last):
  File "/var/www/html/django/integrator/integrator_env/lib/python3.6/site-packages/django/template/base.py", line 843, in _resolve_lookup
    current = current[int(bit)]
ValueError: invalid literal for int() with base 10: 'id'

During handling of the above exception, another exception occurred:

Traceback (most recent call last):
  File "/var/www/html/django/integrator/integrator_env/lib/python3.6/site-packages/django/template/base.py", line 850, in _resolve_lookup
    (bit, current))  # missing attribute
django.template.base.VariableDoesNotExist: Failed lookup for key [id] in None
Exception while resolving variable 'id' in template 'applications/history.html'.
Traceback (most recent call last):
  File "/var/www/html/django/integrator/integrator_env/lib/python3.6/site-packages/django/template/base.py", line 829, in _resolve_lookup
    current = current[bit]
TypeError: 'NoneType' object is not subscriptable

During handling of the above exception, another exception occurred:

Traceback (most recent call last):
  File "/var/www/html/django/integrator/integrator_env/lib/python3.6/site-packages/django/template/base.py", line 837, in _resolve_lookup
    current = getattr(current, bit)
AttributeError: 'NoneType' object has no attribute 'id'

During handling of the above exception, another exception occurred:

Traceback (most recent call last):
  File "/var/www/html/django/integrator/integrator_env/lib/python3.6/site-packages/django/template/base.py", line 843, in _resolve_lookup
    current = current[int(bit)]
ValueError: invalid literal for int() with base 10: 'id'

During handling of the above exception, another exception occurred:

Traceback (most recent call last):
  File "/var/www/html/django/integrator/integrator_env/lib/python3.6/site-packages/django/template/base.py", line 850, in _resolve_lookup
    (bit, current))  # missing attribute
django.template.base.VariableDoesNotExist: Failed lookup for key [id] in None
Exception while resolving variable 'id' in template 'applications/history.html'.
Traceback (most recent call last):
  File "/var/www/html/django/integrator/integrator_env/lib/python3.6/site-packages/django/template/base.py", line 829, in _resolve_lookup
    current = current[bit]
TypeError: 'NoneType' object is not subscriptable

During handling of the above exception, another exception occurred:

Traceback (most recent call last):
  File "/var/www/html/django/integrator/integrator_env/lib/python3.6/site-packages/django/template/base.py", line 837, in _resolve_lookup
    current = getattr(current, bit)
AttributeError: 'NoneType' object has no attribute 'id'

During handling of the above exception, another exception occurred:

Traceback (most recent call last):
  File "/var/www/html/django/integrator/integrator_env/lib/python3.6/site-packages/django/template/base.py", line 843, in _resolve_lookup
    current = current[int(bit)]
ValueError: invalid literal for int() with base 10: 'id'

During handling of the above exception, another exception occurred:

Traceback (most recent call last):
  File "/var/www/html/django/integrator/integrator_env/lib/python3.6/site-packages/django/template/base.py", line 850, in _resolve_lookup
    (bit, current))  # missing attribute
django.template.base.VariableDoesNotExist: Failed lookup for key [id] in None
(0.000) SELECT `applications_applicationmodel`.`id`, `applications_applicationmodel`.`priority_id`, `applications_applicationmodel`.`equipment_id`, `applications_applicationmodel`.`problem`, `applications_applicationmodel`.`contact_id`, `applications_applicationmodel`.`client_id`, `applications_applicationmodel`.`engineer_id`, `applications_applicationmodel`.`pubdate`, `applications_applicationmodel`.`status_id`, `applications_applicationmodel`.`creator_id`, `applications_applicationmodel`.`changed` FROM `applications_applicationmodel` WHERE `applications_applicationmodel`.`id` = 160967 LIMIT 21; args=(160967,)
Exception while resolving variable 'id' in template 'applications/history.html'.
Traceback (most recent call last):
  File "/var/www/html/django/integrator/integrator_env/lib/python3.6/site-packages/django/template/base.py", line 829, in _resolve_lookup
    current = current[bit]
TypeError: 'NoneType' object is not subscriptable

During handling of the above exception, another exception occurred:

Traceback (most recent call last):
  File "/var/www/html/django/integrator/integrator_env/lib/python3.6/site-packages/django/template/base.py", line 837, in _resolve_lookup
    current = getattr(current, bit)
AttributeError: 'NoneType' object has no attribute 'id'

During handling of the above exception, another exception occurred:

Traceback (most recent call last):
  File "/var/www/html/django/integrator/integrator_env/lib/python3.6/site-packages/django/template/base.py", line 843, in _resolve_lookup
    current = current[int(bit)]
ValueError: invalid literal for int() with base 10: 'id'

During handling of the above exception, another exception occurred:

Traceback (most recent call last):
  File "/var/www/html/django/integrator/integrator_env/lib/python3.6/site-packages/django/template/base.py", line 850, in _resolve_lookup
    (bit, current))  # missing attribute
django.template.base.VariableDoesNotExist: Failed lookup for key [id] in None
Exception while resolving variable 'id' in template 'applications/history.html'.
Traceback (most recent call last):
  File "/var/www/html/django/integrator/integrator_env/lib/python3.6/site-packages/django/template/base.py", line 829, in _resolve_lookup
    current = current[bit]
TypeError: 'NoneType' object is not subscriptable

During handling of the above exception, another exception occurred:

Traceback (most recent call last):
  File "/var/www/html/django/integrator/integrator_env/lib/python3.6/site-packages/django/template/base.py", line 837, in _resolve_lookup
    current = getattr(current, bit)
AttributeError: 'NoneType' object has no attribute 'id'

During handling of the above exception, another exception occurred:

Traceback (most recent call last):
  File "/var/www/html/django/integrator/integrator_env/lib/python3.6/site-packages/django/template/base.py", line 843, in _resolve_lookup
    current = current[int(bit)]
ValueError: invalid literal for int() with base 10: 'id'

During handling of the above exception, another exception occurred:

Traceback (most recent call last):
  File "/var/www/html/django/integrator/integrator_env/lib/python3.6/site-packages/django/template/base.py", line 850, in _resolve_lookup
    (bit, current))  # missing attribute
django.template.base.VariableDoesNotExist: Failed lookup for key [id] in None
Exception while resolving variable 'id' in template 'applications/history.html'.
Traceback (most recent call last):
  File "/var/www/html/django/integrator/integrator_env/lib/python3.6/site-packages/django/template/base.py", line 829, in _resolve_lookup
    current = current[bit]
TypeError: 'NoneType' object is not subscriptable

During handling of the above exception, another exception occurred:

Traceback (most recent call last):
  File "/var/www/html/django/integrator/integrator_env/lib/python3.6/site-packages/django/template/base.py", line 837, in _resolve_lookup
    current = getattr(current, bit)
AttributeError: 'NoneType' object has no attribute 'id'

During handling of the above exception, another exception occurred:

Traceback (most recent call last):
  File "/var/www/html/django/integrator/integrator_env/lib/python3.6/site-packages/django/template/base.py", line 843, in _resolve_lookup
    current = current[int(bit)]
ValueError: invalid literal for int() with base 10: 'id'

During handling of the above exception, another exception occurred:

Traceback (most recent call last):
  File "/var/www/html/django/integrator/integrator_env/lib/python3.6/site-packages/django/template/base.py", line 850, in _resolve_lookup
    (bit, current))  # missing attribute
django.template.base.VariableDoesNotExist: Failed lookup for key [id] in None
Exception while resolving variable 'id' in template 'applications/history.html'.
Traceback (most recent call last):
  File "/var/www/html/django/integrator/integrator_env/lib/python3.6/site-packages/django/template/base.py", line 829, in _resolve_lookup
    current = current[bit]
TypeError: 'NoneType' object is not subscriptable

During handling of the above exception, another exception occurred:

Traceback (most recent call last):
  File "/var/www/html/django/integrator/integrator_env/lib/python3.6/site-packages/django/template/base.py", line 837, in _resolve_lookup
    current = getattr(current, bit)
AttributeError: 'NoneType' object has no attribute 'id'

During handling of the above exception, another exception occurred:

Traceback (most recent call last):
  File "/var/www/html/django/integrator/integrator_env/lib/python3.6/site-packages/django/template/base.py", line 843, in _resolve_lookup
    current = current[int(bit)]
ValueError: invalid literal for int() with base 10: 'id'

During handling of the above exception, another exception occurred:

Traceback (most recent call last):
  File "/var/www/html/django/integrator/integrator_env/lib/python3.6/site-packages/django/template/base.py", line 850, in _resolve_lookup
    (bit, current))  # missing attribute
django.template.base.VariableDoesNotExist: Failed lookup for key [id] in None
(0.000) SELECT `applications_applicationmodel`.`id`, `applications_applicationmodel`.`priority_id`, `applications_applicationmodel`.`equipment_id`, `applications_applicationmodel`.`problem`, `applications_applicationmodel`.`contact_id`, `applications_applicationmodel`.`client_id`, `applications_applicationmodel`.`engineer_id`, `applications_applicationmodel`.`pubdate`, `applications_applicationmodel`.`status_id`, `applications_applicationmodel`.`creator_id`, `applications_applicationmodel`.`changed` FROM `applications_applicationmodel` WHERE `applications_applicationmodel`.`id` = 160967 LIMIT 21; args=(160967,)
Exception while resolving variable 'id' in template 'applications/history.html'.
Traceback (most recent call last):
  File "/var/www/html/django/integrator/integrator_env/lib/python3.6/site-packages/django/template/base.py", line 829, in _resolve_lookup
    current = current[bit]
TypeError: 'NoneType' object is not subscriptable

During handling of the above exception, another exception occurred:

Traceback (most recent call last):
  File "/var/www/html/django/integrator/integrator_env/lib/python3.6/site-packages/django/template/base.py", line 837, in _resolve_lookup
    current = getattr(current, bit)
AttributeError: 'NoneType' object has no attribute 'id'

During handling of the above exception, another exception occurred:

Traceback (most recent call last):
  File "/var/www/html/django/integrator/integrator_env/lib/python3.6/site-packages/django/template/base.py", line 843, in _resolve_lookup
    current = current[int(bit)]
ValueError: invalid literal for int() with base 10: 'id'

During handling of the above exception, another exception occurred:

Traceback (most recent call last):
  File "/var/www/html/django/integrator/integrator_env/lib/python3.6/site-packages/django/template/base.py", line 850, in _resolve_lookup
    (bit, current))  # missing attribute
django.template.base.VariableDoesNotExist: Failed lookup for key [id] in None
Exception while resolving variable 'id' in template 'applications/history.html'.
Traceback (most recent call last):
  File "/var/www/html/django/integrator/integrator_env/lib/python3.6/site-packages/django/template/base.py", line 829, in _resolve_lookup
    current = current[bit]
TypeError: 'NoneType' object is not subscriptable

During handling of the above exception, another exception occurred:

Traceback (most recent call last):
  File "/var/www/html/django/integrator/integrator_env/lib/python3.6/site-packages/django/template/base.py", line 837, in _resolve_lookup
    current = getattr(current, bit)
AttributeError: 'NoneType' object has no attribute 'id'

During handling of the above exception, another exception occurred:

Traceback (most recent call last):
  File "/var/www/html/django/integrator/integrator_env/lib/python3.6/site-packages/django/template/base.py", line 843, in _resolve_lookup
    current = current[int(bit)]
ValueError: invalid literal for int() with base 10: 'id'

During handling of the above exception, another exception occurred:

Traceback (most recent call last):
  File "/var/www/html/django/integrator/integrator_env/lib/python3.6/site-packages/django/template/base.py", line 850, in _resolve_lookup
    (bit, current))  # missing attribute
django.template.base.VariableDoesNotExist: Failed lookup for key [id] in None
(0.000) SELECT `applications_applicationmodel`.`id`, `applications_applicationmodel`.`priority_id`, `applications_applicationmodel`.`equipment_id`, `applications_applicationmodel`.`problem`, `applications_applicationmodel`.`contact_id`, `applications_applicationmodel`.`client_id`, `applications_applicationmodel`.`engineer_id`, `applications_applicationmodel`.`pubdate`, `applications_applicationmodel`.`status_id`, `applications_applicationmodel`.`creator_id`, `applications_applicationmodel`.`changed` FROM `applications_applicationmodel` WHERE `applications_applicationmodel`.`id` = 160967 LIMIT 21; args=(160967,)
(0.000) SELECT `applications_applicationmodel`.`id`, `applications_applicationmodel`.`priority_id`, `applications_applicationmodel`.`equipment_id`, `applications_applicationmodel`.`problem`, `applications_applicationmodel`.`contact_id`, `applications_applicationmodel`.`client_id`, `applications_applicationmodel`.`engineer_id`, `applications_applicationmodel`.`pubdate`, `applications_applicationmodel`.`status_id`, `applications_applicationmodel`.`creator_id`, `applications_applicationmodel`.`changed` FROM `applications_applicationmodel` WHERE `applications_applicationmodel`.`id` = 160943 LIMIT 21; args=(160943,)
(0.000) SELECT `applications_applicationmodel`.`id`, `applications_applicationmodel`.`priority_id`, `applications_applicationmodel`.`equipment_id`, `applications_applicationmodel`.`problem`, `applications_applicationmodel`.`contact_id`, `applications_applicationmodel`.`client_id`, `applications_applicationmodel`.`engineer_id`, `applications_applicationmodel`.`pubdate`, `applications_applicationmodel`.`status_id`, `applications_applicationmodel`.`creator_id`, `applications_applicationmodel`.`changed` FROM `applications_applicationmodel` WHERE `applications_applicationmodel`.`id` = 160966 LIMIT 21; args=(160966,)
(0.000) SELECT `applications_applicationmodel`.`id`, `applications_applicationmodel`.`priority_id`, `applications_applicationmodel`.`equipment_id`, `applications_applicationmodel`.`problem`, `applications_applicationmodel`.`contact_id`, `applications_applicationmodel`.`client_id`, `applications_applicationmodel`.`engineer_id`, `applications_applicationmodel`.`pubdate`, `applications_applicationmodel`.`status_id`, `applications_applicationmodel`.`creator_id`, `applications_applicationmodel`.`changed` FROM `applications_applicationmodel` WHERE `applications_applicationmodel`.`id` = 160966 LIMIT 21; args=(160966,)
(0.000) SELECT `applications_applicationmodel`.`id`, `applications_applicationmodel`.`priority_id`, `applications_applicationmodel`.`equipment_id`, `applications_applicationmodel`.`problem`, `applications_applicationmodel`.`contact_id`, `applications_applicationmodel`.`client_id`, `applications_applicationmodel`.`engineer_id`, `applications_applicationmodel`.`pubdate`, `applications_applicationmodel`.`status_id`, `applications_applicationmodel`.`creator_id`, `applications_applicationmodel`.`changed` FROM `applications_applicationmodel` WHERE `applications_applicationmodel`.`id` = 160966 LIMIT 21; args=(160966,)
(0.000) SELECT `applications_applicationmodel`.`id`, `applications_applicationmodel`.`priority_id`, `applications_applicationmodel`.`equipment_id`, `applications_applicationmodel`.`problem`, `applications_applicationmodel`.`contact_id`, `applications_applicationmodel`.`client_id`, `applications_applicationmodel`.`engineer_id`, `applications_applicationmodel`.`pubdate`, `applications_applicationmodel`.`status_id`, `applications_applicationmodel`.`creator_id`, `applications_applicationmodel`.`changed` FROM `applications_applicationmodel` WHERE `applications_applicationmodel`.`id` = 160950 LIMIT 21; args=(160950,)
(0.000) SELECT `applications_applicationmodel`.`id`, `applications_applicationmodel`.`priority_id`, `applications_applicationmodel`.`equipment_id`, `applications_applicationmodel`.`problem`, `applications_applicationmodel`.`contact_id`, `applications_applicationmodel`.`client_id`, `applications_applicationmodel`.`engineer_id`, `applications_applicationmodel`.`pubdate`, `applications_applicationmodel`.`status_id`, `applications_applicationmodel`.`creator_id`, `applications_applicationmodel`.`changed` FROM `applications_applicationmodel` WHERE `applications_applicationmodel`.`id` = 160965 LIMIT 21; args=(160965,)
(0.000) SELECT `applications_applicationmodel`.`id`, `applications_applicationmodel`.`priority_id`, `applications_applicationmodel`.`equipment_id`, `applications_applicationmodel`.`problem`, `applications_applicationmodel`.`contact_id`, `applications_applicationmodel`.`client_id`, `applications_applicationmodel`.`engineer_id`, `applications_applicationmodel`.`pubdate`, `applications_applicationmodel`.`status_id`, `applications_applicationmodel`.`creator_id`, `applications_applicationmodel`.`changed` FROM `applications_applicationmodel` WHERE `applications_applicationmodel`.`id` = 160965 LIMIT 21; args=(160965,)
(0.000) SELECT `applications_applicationmodel`.`id`, `applications_applicationmodel`.`priority_id`, `applications_applicationmodel`.`equipment_id`, `applications_applicationmodel`.`problem`, `applications_applicationmodel`.`contact_id`, `applications_applicationmodel`.`client_id`, `applications_applicationmodel`.`engineer_id`, `applications_applicationmodel`.`pubdate`, `applications_applicationmodel`.`status_id`, `applications_applicationmodel`.`creator_id`, `applications_applicationmodel`.`changed` FROM `applications_applicationmodel` WHERE `applications_applicationmodel`.`id` = 160965 LIMIT 21; args=(160965,)
(0.000) SELECT `applications_applicationmodel`.`id`, `applications_applicationmodel`.`priority_id`, `applications_applicationmodel`.`equipment_id`, `applications_applicationmodel`.`problem`, `applications_applicationmodel`.`contact_id`, `applications_applicationmodel`.`client_id`, `applications_applicationmodel`.`engineer_id`, `applications_applicationmodel`.`pubdate`, `applications_applicationmodel`.`status_id`, `applications_applicationmodel`.`creator_id`, `applications_applicationmodel`.`changed` FROM `applications_applicationmodel` WHERE `applications_applicationmodel`.`id` = 160889 LIMIT 21; args=(160889,)
(0.000) SELECT `applications_applicationmodel`.`id`, `applications_applicationmodel`.`priority_id`, `applications_applicationmodel`.`equipment_id`, `applications_applicationmodel`.`problem`, `applications_applicationmodel`.`contact_id`, `applications_applicationmodel`.`client_id`, `applications_applicationmodel`.`engineer_id`, `applications_applicationmodel`.`pubdate`, `applications_applicationmodel`.`status_id`, `applications_applicationmodel`.`creator_id`, `applications_applicationmodel`.`changed` FROM `applications_applicationmodel` WHERE `applications_applicationmodel`.`id` = 160964 LIMIT 21; args=(160964,)
(0.000) SELECT `applications_applicationmodel`.`id`, `applications_applicationmodel`.`priority_id`, `applications_applicationmodel`.`equipment_id`, `applications_applicationmodel`.`problem`, `applications_applicationmodel`.`contact_id`, `applications_applicationmodel`.`client_id`, `applications_applicationmodel`.`engineer_id`, `applications_applicationmodel`.`pubdate`, `applications_applicationmodel`.`status_id`, `applications_applicationmodel`.`creator_id`, `applications_applicationmodel`.`changed` FROM `applications_applicationmodel` WHERE `applications_applicationmodel`.`id` = 160964 LIMIT 21; args=(160964,)
(0.000) SELECT `applications_applicationmodel`.`id`, `applications_applicationmodel`.`priority_id`, `applications_applicationmodel`.`equipment_id`, `applications_applicationmodel`.`problem`, `applications_applicationmodel`.`contact_id`, `applications_applicationmodel`.`client_id`, `applications_applicationmodel`.`engineer_id`, `applications_applicationmodel`.`pubdate`, `applications_applicationmodel`.`status_id`, `applications_applicationmodel`.`creator_id`, `applications_applicationmodel`.`changed` FROM `applications_applicationmodel` WHERE `applications_applicationmodel`.`id` = 160964 LIMIT 21; args=(160964,)
(0.000) SELECT `applications_applicationmodel`.`id`, `applications_applicationmodel`.`priority_id`, `applications_applicationmodel`.`equipment_id`, `applications_applicationmodel`.`problem`, `applications_applicationmodel`.`contact_id`, `applications_applicationmodel`.`client_id`, `applications_applicationmodel`.`engineer_id`, `applications_applicationmodel`.`pubdate`, `applications_applicationmodel`.`status_id`, `applications_applicationmodel`.`creator_id`, `applications_applicationmodel`.`changed` FROM `applications_applicationmodel` WHERE `applications_applicationmodel`.`id` = 160960 LIMIT 21; args=(160960,)
(0.001) SELECT `applications_applicationmodel`.`id`, `applications_applicationmodel`.`priority_id`, `applications_applicationmodel`.`equipment_id`, `applications_applicationmodel`.`problem`, `applications_applicationmodel`.`contact_id`, `applications_applicationmodel`.`client_id`, `applications_applicationmodel`.`engineer_id`, `applications_applicationmodel`.`pubdate`, `applications_applicationmodel`.`status_id`, `applications_applicationmodel`.`creator_id`, `applications_applicationmodel`.`changed` FROM `applications_applicationmodel` WHERE `applications_applicationmodel`.`id` = 160956 LIMIT 21; args=(160956,)
(0.000) SELECT `applications_applicationmodel`.`id`, `applications_applicationmodel`.`priority_id`, `applications_applicationmodel`.`equipment_id`, `applications_applicationmodel`.`problem`, `applications_applicationmodel`.`contact_id`, `applications_applicationmodel`.`client_id`, `applications_applicationmodel`.`engineer_id`, `applications_applicationmodel`.`pubdate`, `applications_applicationmodel`.`status_id`, `applications_applicationmodel`.`creator_id`, `applications_applicationmodel`.`changed` FROM `applications_applicationmodel` WHERE `applications_applicationmodel`.`id` = 160963 LIMIT 21; args=(160963,)
(0.000) SELECT `applications_applicationmodel`.`id`, `applications_applicationmodel`.`priority_id`, `applications_applicationmodel`.`equipment_id`, `applications_applicationmodel`.`problem`, `applications_applicationmodel`.`contact_id`, `applications_applicationmodel`.`client_id`, `applications_applicationmodel`.`engineer_id`, `applications_applicationmodel`.`pubdate`, `applications_applicationmodel`.`status_id`, `applications_applicationmodel`.`creator_id`, `applications_applicationmodel`.`changed` FROM `applications_applicationmodel` WHERE `applications_applicationmodel`.`id` = 160963 LIMIT 21; args=(160963,)
(0.000) SELECT `applications_applicationmodel`.`id`, `applications_applicationmodel`.`priority_id`, `applications_applicationmodel`.`equipment_id`, `applications_applicationmodel`.`problem`, `applications_applicationmodel`.`contact_id`, `applications_applicationmodel`.`client_id`, `applications_applicationmodel`.`engineer_id`, `applications_applicationmodel`.`pubdate`, `applications_applicationmodel`.`status_id`, `applications_applicationmodel`.`creator_id`, `applications_applicationmodel`.`changed` FROM `applications_applicationmodel` WHERE `applications_applicationmodel`.`id` = 160963 LIMIT 21; args=(160963,)
(0.000) SELECT `applications_applicationmodel`.`id`, `applications_applicationmodel`.`priority_id`, `applications_applicationmodel`.`equipment_id`, `applications_applicationmodel`.`problem`, `applications_applicationmodel`.`contact_id`, `applications_applicationmodel`.`client_id`, `applications_applicationmodel`.`engineer_id`, `applications_applicationmodel`.`pubdate`, `applications_applicationmodel`.`status_id`, `applications_applicationmodel`.`creator_id`, `applications_applicationmodel`.`changed` FROM `applications_applicationmodel` WHERE `applications_applicationmodel`.`id` = 160963 LIMIT 21; args=(160963,)
(0.000) SELECT `applications_applicationmodel`.`id`, `applications_applicationmodel`.`priority_id`, `applications_applicationmodel`.`equipment_id`, `applications_applicationmodel`.`problem`, `applications_applicationmodel`.`contact_id`, `applications_applicationmodel`.`client_id`, `applications_applicationmodel`.`engineer_id`, `applications_applicationmodel`.`pubdate`, `applications_applicationmodel`.`status_id`, `applications_applicationmodel`.`creator_id`, `applications_applicationmodel`.`changed` FROM `applications_applicationmodel` WHERE `applications_applicationmodel`.`id` = 160963 LIMIT 21; args=(160963,)
(0.000) SELECT `applications_applicationmodel`.`id`, `applications_applicationmodel`.`priority_id`, `applications_applicationmodel`.`equipment_id`, `applications_applicationmodel`.`problem`, `applications_applicationmodel`.`contact_id`, `applications_applicationmodel`.`client_id`, `applications_applicationmodel`.`engineer_id`, `applications_applicationmodel`.`pubdate`, `applications_applicationmodel`.`status_id`, `applications_applicationmodel`.`creator_id`, `applications_applicationmodel`.`changed` FROM `applications_applicationmodel` WHERE `applications_applicationmodel`.`id` = 160963 LIMIT 21; args=(160963,)
(0.000) SELECT `applications_applicationmodel`.`id`, `applications_applicationmodel`.`priority_id`, `applications_applicationmodel`.`equipment_id`, `applications_applicationmodel`.`problem`, `applications_applicationmodel`.`contact_id`, `applications_applicationmodel`.`client_id`, `applications_applicationmodel`.`engineer_id`, `applications_applicationmodel`.`pubdate`, `applications_applicationmodel`.`status_id`, `applications_applicationmodel`.`creator_id`, `applications_applicationmodel`.`changed` FROM `applications_applicationmodel` WHERE `applications_applicationmodel`.`id` = 160963 LIMIT 21; args=(160963,)
(0.000) SELECT `applications_applicationmodel`.`id`, `applications_applicationmodel`.`priority_id`, `applications_applicationmodel`.`equipment_id`, `applications_applicationmodel`.`problem`, `applications_applicationmodel`.`contact_id`, `applications_applicationmodel`.`client_id`, `applications_applicationmodel`.`engineer_id`, `applications_applicationmodel`.`pubdate`, `applications_applicationmodel`.`status_id`, `applications_applicationmodel`.`creator_id`, `applications_applicationmodel`.`changed` FROM `applications_applicationmodel` WHERE `applications_applicationmodel`.`id` = 160963 LIMIT 21; args=(160963,)
(0.000) SELECT `applications_applicationmodel`.`id`, `applications_applicationmodel`.`priority_id`, `applications_applicationmodel`.`equipment_id`, `applications_applicationmodel`.`problem`, `applications_applicationmodel`.`contact_id`, `applications_applicationmodel`.`client_id`, `applications_applicationmodel`.`engineer_id`, `applications_applicationmodel`.`pubdate`, `applications_applicationmodel`.`status_id`, `applications_applicationmodel`.`creator_id`, `applications_applicationmodel`.`changed` FROM `applications_applicationmodel` WHERE `applications_applicationmodel`.`id` = 160952 LIMIT 21; args=(160952,)
(0.000) SELECT `applications_applicationmodel`.`id`, `applications_applicationmodel`.`priority_id`, `applications_applicationmodel`.`equipment_id`, `applications_applicationmodel`.`problem`, `applications_applicationmodel`.`contact_id`, `applications_applicationmodel`.`client_id`, `applications_applicationmodel`.`engineer_id`, `applications_applicationmodel`.`pubdate`, `applications_applicationmodel`.`status_id`, `applications_applicationmodel`.`creator_id`, `applications_applicationmodel`.`changed` FROM `applications_applicationmodel` WHERE `applications_applicationmodel`.`id` = 160952 LIMIT 21; args=(160952,)
(0.000) SELECT `applications_applicationmodel`.`id`, `applications_applicationmodel`.`priority_id`, `applications_applicationmodel`.`equipment_id`, `applications_applicationmodel`.`problem`, `applications_applicationmodel`.`contact_id`, `applications_applicationmodel`.`client_id`, `applications_applicationmodel`.`engineer_id`, `applications_applicationmodel`.`pubdate`, `applications_applicationmodel`.`status_id`, `applications_applicationmodel`.`creator_id`, `applications_applicationmodel`.`changed` FROM `applications_applicationmodel` WHERE `applications_applicationmodel`.`id` = 160893 LIMIT 21; args=(160893,)
(0.000) SELECT `applications_applicationmodel`.`id`, `applications_applicationmodel`.`priority_id`, `applications_applicationmodel`.`equipment_id`, `applications_applicationmodel`.`problem`, `applications_applicationmodel`.`contact_id`, `applications_applicationmodel`.`client_id`, `applications_applicationmodel`.`engineer_id`, `applications_applicationmodel`.`pubdate`, `applications_applicationmodel`.`status_id`, `applications_applicationmodel`.`creator_id`, `applications_applicationmodel`.`changed` FROM `applications_applicationmodel` WHERE `applications_applicationmodel`.`id` = 160893 LIMIT 21; args=(160893,)
(0.000) SELECT `applications_applicationmodel`.`id`, `applications_applicationmodel`.`priority_id`, `applications_applicationmodel`.`equipment_id`, `applications_applicationmodel`.`problem`, `applications_applicationmodel`.`contact_id`, `applications_applicationmodel`.`client_id`, `applications_applicationmodel`.`engineer_id`, `applications_applicationmodel`.`pubdate`, `applications_applicationmodel`.`status_id`, `applications_applicationmodel`.`creator_id`, `applications_applicationmodel`.`changed` FROM `applications_applicationmodel` WHERE `applications_applicationmodel`.`id` = 160953 LIMIT 21; args=(160953,)
(0.000) SELECT `applications_applicationmodel`.`id`, `applications_applicationmodel`.`priority_id`, `applications_applicationmodel`.`equipment_id`, `applications_applicationmodel`.`problem`, `applications_applicationmodel`.`contact_id`, `applications_applicationmodel`.`client_id`, `applications_applicationmodel`.`engineer_id`, `applications_applicationmodel`.`pubdate`, `applications_applicationmodel`.`status_id`, `applications_applicationmodel`.`creator_id`, `applications_applicationmodel`.`changed` FROM `applications_applicationmodel` WHERE `applications_applicationmodel`.`id` = 160962 LIMIT 21; args=(160962,)
(0.000) SELECT `applications_applicationmodel`.`id`, `applications_applicationmodel`.`priority_id`, `applications_applicationmodel`.`equipment_id`, `applications_applicationmodel`.`problem`, `applications_applicationmodel`.`contact_id`, `applications_applicationmodel`.`client_id`, `applications_applicationmodel`.`engineer_id`, `applications_applicationmodel`.`pubdate`, `applications_applicationmodel`.`status_id`, `applications_applicationmodel`.`creator_id`, `applications_applicationmodel`.`changed` FROM `applications_applicationmodel` WHERE `applications_applicationmodel`.`id` = 160942 LIMIT 21; args=(160942,)
(0.000) SELECT `applications_applicationmodel`.`id`, `applications_applicationmodel`.`priority_id`, `applications_applicationmodel`.`equipment_id`, `applications_applicationmodel`.`problem`, `applications_applicationmodel`.`contact_id`, `applications_applicationmodel`.`client_id`, `applications_applicationmodel`.`engineer_id`, `applications_applicationmodel`.`pubdate`, `applications_applicationmodel`.`status_id`, `applications_applicationmodel`.`creator_id`, `applications_applicationmodel`.`changed` FROM `applications_applicationmodel` WHERE `applications_applicationmodel`.`id` = 160929 LIMIT 21; args=(160929,)
(0.000) SELECT `applications_applicationmodel`.`id`, `applications_applicationmodel`.`priority_id`, `applications_applicationmodel`.`equipment_id`, `applications_applicationmodel`.`problem`, `applications_applicationmodel`.`contact_id`, `applications_applicationmodel`.`client_id`, `applications_applicationmodel`.`engineer_id`, `applications_applicationmodel`.`pubdate`, `applications_applicationmodel`.`status_id`, `applications_applicationmodel`.`creator_id`, `applications_applicationmodel`.`changed` FROM `applications_applicationmodel` WHERE `applications_applicationmodel`.`id` = 160954 LIMIT 21; args=(160954,)
(0.000) SELECT `applications_applicationmodel`.`id`, `applications_applicationmodel`.`priority_id`, `applications_applicationmodel`.`equipment_id`, `applications_applicationmodel`.`problem`, `applications_applicationmodel`.`contact_id`, `applications_applicationmodel`.`client_id`, `applications_applicationmodel`.`engineer_id`, `applications_applicationmodel`.`pubdate`, `applications_applicationmodel`.`status_id`, `applications_applicationmodel`.`creator_id`, `applications_applicationmodel`.`changed` FROM `applications_applicationmodel` WHERE `applications_applicationmodel`.`id` = 160949 LIMIT 21; args=(160949,)
(0.000) SELECT `applications_applicationmodel`.`id`, `applications_applicationmodel`.`priority_id`, `applications_applicationmodel`.`equipment_id`, `applications_applicationmodel`.`problem`, `applications_applicationmodel`.`contact_id`, `applications_applicationmodel`.`client_id`, `applications_applicationmodel`.`engineer_id`, `applications_applicationmodel`.`pubdate`, `applications_applicationmodel`.`status_id`, `applications_applicationmodel`.`creator_id`, `applications_applicationmodel`.`changed` FROM `applications_applicationmodel` WHERE `applications_applicationmodel`.`id` = 160938 LIMIT 21; args=(160938,)
(0.000) SELECT `applications_applicationmodel`.`id`, `applications_applicationmodel`.`priority_id`, `applications_applicationmodel`.`equipment_id`, `applications_applicationmodel`.`problem`, `applications_applicationmodel`.`contact_id`, `applications_applicationmodel`.`client_id`, `applications_applicationmodel`.`engineer_id`, `applications_applicationmodel`.`pubdate`, `applications_applicationmodel`.`status_id`, `applications_applicationmodel`.`creator_id`, `applications_applicationmodel`.`changed` FROM `applications_applicationmodel` WHERE `applications_applicationmodel`.`id` = 160929 LIMIT 21; args=(160929,)
(0.000) SELECT `applications_applicationmodel`.`id`, `applications_applicationmodel`.`priority_id`, `applications_applicationmodel`.`equipment_id`, `applications_applicationmodel`.`problem`, `applications_applicationmodel`.`contact_id`, `applications_applicationmodel`.`client_id`, `applications_applicationmodel`.`engineer_id`, `applications_applicationmodel`.`pubdate`, `applications_applicationmodel`.`status_id`, `applications_applicationmodel`.`creator_id`, `applications_applicationmodel`.`changed` FROM `applications_applicationmodel` WHERE `applications_applicationmodel`.`id` = 160961 LIMIT 21; args=(160961,)
(0.000) SELECT `applications_applicationmodel`.`id`, `applications_applicationmodel`.`priority_id`, `applications_applicationmodel`.`equipment_id`, `applications_applicationmodel`.`problem`, `applications_applicationmodel`.`contact_id`, `applications_applicationmodel`.`client_id`, `applications_applicationmodel`.`engineer_id`, `applications_applicationmodel`.`pubdate`, `applications_applicationmodel`.`status_id`, `applications_applicationmodel`.`creator_id`, `applications_applicationmodel`.`changed` FROM `applications_applicationmodel` WHERE `applications_applicationmodel`.`id` = 160961 LIMIT 21; args=(160961,)
(0.000) SELECT `applications_applicationmodel`.`id`, `applications_applicationmodel`.`priority_id`, `applications_applicationmodel`.`equipment_id`, `applications_applicationmodel`.`problem`, `applications_applicationmodel`.`contact_id`, `applications_applicationmodel`.`client_id`, `applications_applicationmodel`.`engineer_id`, `applications_applicationmodel`.`pubdate`, `applications_applicationmodel`.`status_id`, `applications_applicationmodel`.`creator_id`, `applications_applicationmodel`.`changed` FROM `applications_applicationmodel` WHERE `applications_applicationmodel`.`id` = 160961 LIMIT 21; args=(160961,)
(0.000) SELECT `applications_applicationmodel`.`id`, `applications_applicationmodel`.`priority_id`, `applications_applicationmodel`.`equipment_id`, `applications_applicationmodel`.`problem`, `applications_applicationmodel`.`contact_id`, `applications_applicationmodel`.`client_id`, `applications_applicationmodel`.`engineer_id`, `applications_applicationmodel`.`pubdate`, `applications_applicationmodel`.`status_id`, `applications_applicationmodel`.`creator_id`, `applications_applicationmodel`.`changed` FROM `applications_applicationmodel` WHERE `applications_applicationmodel`.`id` = 160960 LIMIT 21; args=(160960,)
(0.000) SELECT `applications_applicationmodel`.`id`, `applications_applicationmodel`.`priority_id`, `applications_applicationmodel`.`equipment_id`, `applications_applicationmodel`.`problem`, `applications_applicationmodel`.`contact_id`, `applications_applicationmodel`.`client_id`, `applications_applicationmodel`.`engineer_id`, `applications_applicationmodel`.`pubdate`, `applications_applicationmodel`.`status_id`, `applications_applicationmodel`.`creator_id`, `applications_applicationmodel`.`changed` FROM `applications_applicationmodel` WHERE `applications_applicationmodel`.`id` = 160955 LIMIT 21; args=(160955,)
(0.000) SELECT `applications_applicationmodel`.`id`, `applications_applicationmodel`.`priority_id`, `applications_applicationmodel`.`equipment_id`, `applications_applicationmodel`.`problem`, `applications_applicationmodel`.`contact_id`, `applications_applicationmodel`.`client_id`, `applications_applicationmodel`.`engineer_id`, `applications_applicationmodel`.`pubdate`, `applications_applicationmodel`.`status_id`, `applications_applicationmodel`.`creator_id`, `applications_applicationmodel`.`changed` FROM `applications_applicationmodel` WHERE `applications_applicationmodel`.`id` = 160921 LIMIT 21; args=(160921,)
(0.000) SELECT `applications_applicationmodel`.`id`, `applications_applicationmodel`.`priority_id`, `applications_applicationmodel`.`equipment_id`, `applications_applicationmodel`.`problem`, `applications_applicationmodel`.`contact_id`, `applications_applicationmodel`.`client_id`, `applications_applicationmodel`.`engineer_id`, `applications_applicationmodel`.`pubdate`, `applications_applicationmodel`.`status_id`, `applications_applicationmodel`.`creator_id`, `applications_applicationmodel`.`changed` FROM `applications_applicationmodel` WHERE `applications_applicationmodel`.`id` = 160927 LIMIT 21; args=(160927,)
(0.000) SET SESSION TRANSACTION ISOLATION LEVEL READ COMMITTED; args=None
(0.000) SELECT `django_session`.`session_key`, `django_session`.`session_data`, `django_session`.`expire_date` FROM `django_session` WHERE (`django_session`.`expire_date` > '2025-04-02 20:47:32.960722' AND `django_session`.`session_key` = 'oatwx88yi54fpi5f0lj68wno5rkjd9nq') LIMIT 21; args=('2025-04-02 20:47:32.960722', 'oatwx88yi54fpi5f0lj68wno5rkjd9nq')
(0.000) SELECT `accounts_user`.`id`, `accounts_user`.`password`, `accounts_user`.`last_login`, `accounts_user`.`is_superuser`, `accounts_user`.`first_name`, `accounts_user`.`last_name`, `accounts_user`.`is_staff`, `accounts_user`.`is_active`, `accounts_user`.`date_joined`, `accounts_user`.`email`, `accounts_user`.`inn`, `accounts_user`.`organization_id`, `accounts_user`.`address`, `accounts_user`.`phone`, `accounts_user`.`telegram` FROM `accounts_user` WHERE `accounts_user`.`id` = 1 LIMIT 21; args=(1,)
(0.002) SELECT `applications_apphistorymodel`.`id`, `applications_apphistorymodel`.`pubdate`, `applications_apphistorymodel`.`text`, TRIM(CASE WHEN (`accounts_user`.`last_name` IS NOT NULL AND NOT (`accounts_user`.`last_name` = '')) THEN CONCAT_WS('', `accounts_user`.`last_name`, CONCAT_WS('', ' ', `accounts_user`.`first_name`)) ELSE `accounts_user`.`email` END) AS `author_name`, DATE_FORMAT(CONVERT_TZ(`applications_apphistorymodel`.`pubdate`, '+00:00', '+03:00'), '%d.%m.%Y %H:%i') AS `formatted_date`, 'status' AS `record_type`, '' AS `hide` FROM `applications_apphistorymodel` INNER JOIN `accounts_user` ON (`applications_apphistorymodel`.`author_id` = `accounts_user`.`id`) WHERE `applications_apphistorymodel`.`application_id` = 160893 ORDER BY `applications_apphistorymodel`.`pubdate` ASC; args=('', ' ', '+00:00', '+03:00', '%d.%m.%Y %H:%i', 'status', '', 160893)
(0.015) SELECT `applications_appcommentmodel`.`id`, `applications_appcommentmodel`.`pubdate`, `applications_appcommentmodel`.`text`, `applications_appcommentmodel`.`hide`, TRIM(CONCAT_WS('', `accounts_user`.`last_name`, CONCAT_WS('', ' ', `accounts_user`.`first_name`))) AS `author_name`, DATE_FORMAT(CONVERT_TZ(`applications_appcommentmodel`.`pubdate`, '+00:00', '+03:00'), '%d.%m.%Y %H:%i') AS `formatted_date`, 'comment' AS `record_type` FROM `applications_appcommentmodel` LEFT OUTER JOIN `accounts_user` ON (`applications_appcommentmodel`.`author_id` = `accounts_user`.`id`) WHERE `applications_appcommentmodel`.`application_id` = 160893 ORDER BY `applications_appcommentmodel`.`pubdate` ASC; args=(' ', '+00:00', '+03:00', '%d.%m.%Y %H:%i', 'comment', 160893)
(0.012) SELECT COUNT(*) FROM (SELECT '1' AS `new` FROM `applications_apphistorymodel` LEFT OUTER JOIN `applications_apphistoryviewedmodel` ON (`applications_apphistorymodel`.`id` = `applications_apphistoryviewedmodel`.`history_id`) WHERE ((`applications_apphistorymodel`.`type` = 1 OR `applications_apphistorymodel`.`type` = 2 OR `applications_apphistorymodel`.`type` = 5 OR `applications_apphistorymodel`.`type` = 6) AND (`applications_apphistoryviewedmodel`.`id` IS NULL OR NOT EXISTS(SELECT (1) AS `a` FROM `applications_apphistoryviewedmodel` U0 WHERE (U0.`history_id` = `applications_apphistorymodel`.`id` AND U0.`user_id` = 1) LIMIT 1)))) subquery; args=('1', 1, 2, 5, 6, 1)
(0.012) SELECT `applications_apphistorymodel`.`id`, `applications_apphistorymodel`.`type`, `applications_apphistorymodel`.`text`, `applications_apphistorymodel`.`pubdate`, `applications_apphistorymodel`.`number`, `applications_apphistorymodel`.`application_id`, `applications_apphistorymodel`.`author_id`, '1' AS `new` FROM `applications_apphistorymodel` LEFT OUTER JOIN `applications_apphistoryviewedmodel` ON (`applications_apphistorymodel`.`id` = `applications_apphistoryviewedmodel`.`history_id`) WHERE ((`applications_apphistorymodel`.`type` = 1 OR `applications_apphistorymodel`.`type` = 2 OR `applications_apphistorymodel`.`type` = 5 OR `applications_apphistorymodel`.`type` = 6) AND (`applications_apphistoryviewedmodel`.`id` IS NULL OR NOT EXISTS(SELECT (1) AS `a` FROM `applications_apphistoryviewedmodel` U0 WHERE (U0.`history_id` = `applications_apphistorymodel`.`id` AND U0.`user_id` = 1) LIMIT 1))) ORDER BY `applications_apphistorymodel`.`pubdate` DESC; args=('1', 1, 2, 5, 6, 1)
(0.000) SELECT `applications_applicationmodel`.`id`, `applications_applicationmodel`.`priority_id`, `applications_applicationmodel`.`equipment_id`, `applications_applicationmodel`.`problem`, `applications_applicationmodel`.`contact_id`, `applications_applicationmodel`.`client_id`, `applications_applicationmodel`.`engineer_id`, `applications_applicationmodel`.`pubdate`, `applications_applicationmodel`.`status_id`, `applications_applicationmodel`.`creator_id`, `applications_applicationmodel`.`changed` FROM `applications_applicationmodel` WHERE `applications_applicationmodel`.`id` = 160971 LIMIT 21; args=(160971,)
(0.000) SELECT `applications_applicationmodel`.`id`, `applications_applicationmodel`.`priority_id`, `applications_applicationmodel`.`equipment_id`, `applications_applicationmodel`.`problem`, `applications_applicationmodel`.`contact_id`, `applications_applicationmodel`.`client_id`, `applications_applicationmodel`.`engineer_id`, `applications_applicationmodel`.`pubdate`, `applications_applicationmodel`.`status_id`, `applications_applicationmodel`.`creator_id`, `applications_applicationmodel`.`changed` FROM `applications_applicationmodel` WHERE `applications_applicationmodel`.`id` = 160971 LIMIT 21; args=(160971,)
(0.000) SELECT `applications_applicationmodel`.`id`, `applications_applicationmodel`.`priority_id`, `applications_applicationmodel`.`equipment_id`, `applications_applicationmodel`.`problem`, `applications_applicationmodel`.`contact_id`, `applications_applicationmodel`.`client_id`, `applications_applicationmodel`.`engineer_id`, `applications_applicationmodel`.`pubdate`, `applications_applicationmodel`.`status_id`, `applications_applicationmodel`.`creator_id`, `applications_applicationmodel`.`changed` FROM `applications_applicationmodel` WHERE `applications_applicationmodel`.`id` = 160971 LIMIT 21; args=(160971,)
(0.000) SELECT `applications_applicationmodel`.`id`, `applications_applicationmodel`.`priority_id`, `applications_applicationmodel`.`equipment_id`, `applications_applicationmodel`.`problem`, `applications_applicationmodel`.`contact_id`, `applications_applicationmodel`.`client_id`, `applications_applicationmodel`.`engineer_id`, `applications_applicationmodel`.`pubdate`, `applications_applicationmodel`.`status_id`, `applications_applicationmodel`.`creator_id`, `applications_applicationmodel`.`changed` FROM `applications_applicationmodel` WHERE `applications_applicationmodel`.`id` = 160971 LIMIT 21; args=(160971,)
(0.000) SELECT `applications_applicationmodel`.`id`, `applications_applicationmodel`.`priority_id`, `applications_applicationmodel`.`equipment_id`, `applications_applicationmodel`.`problem`, `applications_applicationmodel`.`contact_id`, `applications_applicationmodel`.`client_id`, `applications_applicationmodel`.`engineer_id`, `applications_applicationmodel`.`pubdate`, `applications_applicationmodel`.`status_id`, `applications_applicationmodel`.`creator_id`, `applications_applicationmodel`.`changed` FROM `applications_applicationmodel` WHERE `applications_applicationmodel`.`id` = 160971 LIMIT 21; args=(160971,)
(0.000) SELECT `applications_applicationmodel`.`id`, `applications_applicationmodel`.`priority_id`, `applications_applicationmodel`.`equipment_id`, `applications_applicationmodel`.`problem`, `applications_applicationmodel`.`contact_id`, `applications_applicationmodel`.`client_id`, `applications_applicationmodel`.`engineer_id`, `applications_applicationmodel`.`pubdate`, `applications_applicationmodel`.`status_id`, `applications_applicationmodel`.`creator_id`, `applications_applicationmodel`.`changed` FROM `applications_applicationmodel` WHERE `applications_applicationmodel`.`id` = 160971 LIMIT 21; args=(160971,)
(0.000) SELECT `applications_applicationmodel`.`id`, `applications_applicationmodel`.`priority_id`, `applications_applicationmodel`.`equipment_id`, `applications_applicationmodel`.`problem`, `applications_applicationmodel`.`contact_id`, `applications_applicationmodel`.`client_id`, `applications_applicationmodel`.`engineer_id`, `applications_applicationmodel`.`pubdate`, `applications_applicationmodel`.`status_id`, `applications_applicationmodel`.`creator_id`, `applications_applicationmodel`.`changed` FROM `applications_applicationmodel` WHERE `applications_applicationmodel`.`id` = 160971 LIMIT 21; args=(160971,)
(0.000) SELECT `applications_applicationmodel`.`id`, `applications_applicationmodel`.`priority_id`, `applications_applicationmodel`.`equipment_id`, `applications_applicationmodel`.`problem`, `applications_applicationmodel`.`contact_id`, `applications_applicationmodel`.`client_id`, `applications_applicationmodel`.`engineer_id`, `applications_applicationmodel`.`pubdate`, `applications_applicationmodel`.`status_id`, `applications_applicationmodel`.`creator_id`, `applications_applicationmodel`.`changed` FROM `applications_applicationmodel` WHERE `applications_applicationmodel`.`id` = 160971 LIMIT 21; args=(160971,)
(0.000) SELECT `applications_applicationmodel`.`id`, `applications_applicationmodel`.`priority_id`, `applications_applicationmodel`.`equipment_id`, `applications_applicationmodel`.`problem`, `applications_applicationmodel`.`contact_id`, `applications_applicationmodel`.`client_id`, `applications_applicationmodel`.`engineer_id`, `applications_applicationmodel`.`pubdate`, `applications_applicationmodel`.`status_id`, `applications_applicationmodel`.`creator_id`, `applications_applicationmodel`.`changed` FROM `applications_applicationmodel` WHERE `applications_applicationmodel`.`id` = 160971 LIMIT 21; args=(160971,)
(0.000) SELECT `applications_applicationmodel`.`id`, `applications_applicationmodel`.`priority_id`, `applications_applicationmodel`.`equipment_id`, `applications_applicationmodel`.`problem`, `applications_applicationmodel`.`contact_id`, `applications_applicationmodel`.`client_id`, `applications_applicationmodel`.`engineer_id`, `applications_applicationmodel`.`pubdate`, `applications_applicationmodel`.`status_id`, `applications_applicationmodel`.`creator_id`, `applications_applicationmodel`.`changed` FROM `applications_applicationmodel` WHERE `applications_applicationmodel`.`id` = 160971 LIMIT 21; args=(160971,)
(0.000) SELECT `applications_applicationmodel`.`id`, `applications_applicationmodel`.`priority_id`, `applications_applicationmodel`.`equipment_id`, `applications_applicationmodel`.`problem`, `applications_applicationmodel`.`contact_id`, `applications_applicationmodel`.`client_id`, `applications_applicationmodel`.`engineer_id`, `applications_applicationmodel`.`pubdate`, `applications_applicationmodel`.`status_id`, `applications_applicationmodel`.`creator_id`, `applications_applicationmodel`.`changed` FROM `applications_applicationmodel` WHERE `applications_applicationmodel`.`id` = 160971 LIMIT 21; args=(160971,)
(0.000) SELECT `applications_applicationmodel`.`id`, `applications_applicationmodel`.`priority_id`, `applications_applicationmodel`.`equipment_id`, `applications_applicationmodel`.`problem`, `applications_applicationmodel`.`contact_id`, `applications_applicationmodel`.`client_id`, `applications_applicationmodel`.`engineer_id`, `applications_applicationmodel`.`pubdate`, `applications_applicationmodel`.`status_id`, `applications_applicationmodel`.`creator_id`, `applications_applicationmodel`.`changed` FROM `applications_applicationmodel` WHERE `applications_applicationmodel`.`id` = 160971 LIMIT 21; args=(160971,)
(0.000) SELECT `applications_applicationmodel`.`id`, `applications_applicationmodel`.`priority_id`, `applications_applicationmodel`.`equipment_id`, `applications_applicationmodel`.`problem`, `applications_applicationmodel`.`contact_id`, `applications_applicationmodel`.`client_id`, `applications_applicationmodel`.`engineer_id`, `applications_applicationmodel`.`pubdate`, `applications_applicationmodel`.`status_id`, `applications_applicationmodel`.`creator_id`, `applications_applicationmodel`.`changed` FROM `applications_applicationmodel` WHERE `applications_applicationmodel`.`id` = 160971 LIMIT 21; args=(160971,)
(0.000) SELECT `applications_applicationmodel`.`id`, `applications_applicationmodel`.`priority_id`, `applications_applicationmodel`.`equipment_id`, `applications_applicationmodel`.`problem`, `applications_applicationmodel`.`contact_id`, `applications_applicationmodel`.`client_id`, `applications_applicationmodel`.`engineer_id`, `applications_applicationmodel`.`pubdate`, `applications_applicationmodel`.`status_id`, `applications_applicationmodel`.`creator_id`, `applications_applicationmodel`.`changed` FROM `applications_applicationmodel` WHERE `applications_applicationmodel`.`id` = 160971 LIMIT 21; args=(160971,)
(0.000) SELECT `applications_applicationmodel`.`id`, `applications_applicationmodel`.`priority_id`, `applications_applicationmodel`.`equipment_id`, `applications_applicationmodel`.`problem`, `applications_applicationmodel`.`contact_id`, `applications_applicationmodel`.`client_id`, `applications_applicationmodel`.`engineer_id`, `applications_applicationmodel`.`pubdate`, `applications_applicationmodel`.`status_id`, `applications_applicationmodel`.`creator_id`, `applications_applicationmodel`.`changed` FROM `applications_applicationmodel` WHERE `applications_applicationmodel`.`id` = 160971 LIMIT 21; args=(160971,)
Exception while resolving variable 'id' in template 'applications/history.html'.
Traceback (most recent call last):
  File "/var/www/html/django/integrator/integrator_env/lib/python3.6/site-packages/django/template/base.py", line 829, in _resolve_lookup
    current = current[bit]
TypeError: 'NoneType' object is not subscriptable

During handling of the above exception, another exception occurred:

Traceback (most recent call last):
  File "/var/www/html/django/integrator/integrator_env/lib/python3.6/site-packages/django/template/base.py", line 837, in _resolve_lookup
    current = getattr(current, bit)
AttributeError: 'NoneType' object has no attribute 'id'

During handling of the above exception, another exception occurred:

Traceback (most recent call last):
  File "/var/www/html/django/integrator/integrator_env/lib/python3.6/site-packages/django/template/base.py", line 843, in _resolve_lookup
    current = current[int(bit)]
ValueError: invalid literal for int() with base 10: 'id'

During handling of the above exception, another exception occurred:

Traceback (most recent call last):
  File "/var/www/html/django/integrator/integrator_env/lib/python3.6/site-packages/django/template/base.py", line 850, in _resolve_lookup
    (bit, current))  # missing attribute
django.template.base.VariableDoesNotExist: Failed lookup for key [id] in None
Exception while resolving variable 'id' in template 'applications/history.html'.
Traceback (most recent call last):
  File "/var/www/html/django/integrator/integrator_env/lib/python3.6/site-packages/django/template/base.py", line 829, in _resolve_lookup
    current = current[bit]
TypeError: 'NoneType' object is not subscriptable

During handling of the above exception, another exception occurred:

Traceback (most recent call last):
  File "/var/www/html/django/integrator/integrator_env/lib/python3.6/site-packages/django/template/base.py", line 837, in _resolve_lookup
    current = getattr(current, bit)
AttributeError: 'NoneType' object has no attribute 'id'

During handling of the above exception, another exception occurred:

Traceback (most recent call last):
  File "/var/www/html/django/integrator/integrator_env/lib/python3.6/site-packages/django/template/base.py", line 843, in _resolve_lookup
    current = current[int(bit)]
ValueError: invalid literal for int() with base 10: 'id'

During handling of the above exception, another exception occurred:

Traceback (most recent call last):
  File "/var/www/html/django/integrator/integrator_env/lib/python3.6/site-packages/django/template/base.py", line 850, in _resolve_lookup
    (bit, current))  # missing attribute
django.template.base.VariableDoesNotExist: Failed lookup for key [id] in None
Exception while resolving variable 'id' in template 'applications/history.html'.
Traceback (most recent call last):
  File "/var/www/html/django/integrator/integrator_env/lib/python3.6/site-packages/django/template/base.py", line 829, in _resolve_lookup
    current = current[bit]
TypeError: 'NoneType' object is not subscriptable

During handling of the above exception, another exception occurred:

Traceback (most recent call last):
  File "/var/www/html/django/integrator/integrator_env/lib/python3.6/site-packages/django/template/base.py", line 837, in _resolve_lookup
    current = getattr(current, bit)
AttributeError: 'NoneType' object has no attribute 'id'

During handling of the above exception, another exception occurred:

Traceback (most recent call last):
  File "/var/www/html/django/integrator/integrator_env/lib/python3.6/site-packages/django/template/base.py", line 843, in _resolve_lookup
    current = current[int(bit)]
ValueError: invalid literal for int() with base 10: 'id'

During handling of the above exception, another exception occurred:

Traceback (most recent call last):
  File "/var/www/html/django/integrator/integrator_env/lib/python3.6/site-packages/django/template/base.py", line 850, in _resolve_lookup
    (bit, current))  # missing attribute
django.template.base.VariableDoesNotExist: Failed lookup for key [id] in None
Exception while resolving variable 'id' in template 'applications/history.html'.
Traceback (most recent call last):
  File "/var/www/html/django/integrator/integrator_env/lib/python3.6/site-packages/django/template/base.py", line 829, in _resolve_lookup
    current = current[bit]
TypeError: 'NoneType' object is not subscriptable

During handling of the above exception, another exception occurred:

Traceback (most recent call last):
  File "/var/www/html/django/integrator/integrator_env/lib/python3.6/site-packages/django/template/base.py", line 837, in _resolve_lookup
    current = getattr(current, bit)
AttributeError: 'NoneType' object has no attribute 'id'

During handling of the above exception, another exception occurred:

Traceback (most recent call last):
  File "/var/www/html/django/integrator/integrator_env/lib/python3.6/site-packages/django/template/base.py", line 843, in _resolve_lookup
    current = current[int(bit)]
ValueError: invalid literal for int() with base 10: 'id'

During handling of the above exception, another exception occurred:

Traceback (most recent call last):
  File "/var/www/html/django/integrator/integrator_env/lib/python3.6/site-packages/django/template/base.py", line 850, in _resolve_lookup
    (bit, current))  # missing attribute
django.template.base.VariableDoesNotExist: Failed lookup for key [id] in None
Exception while resolving variable 'id' in template 'applications/history.html'.
Traceback (most recent call last):
  File "/var/www/html/django/integrator/integrator_env/lib/python3.6/site-packages/django/template/base.py", line 829, in _resolve_lookup
    current = current[bit]
TypeError: 'NoneType' object is not subscriptable

During handling of the above exception, another exception occurred:

Traceback (most recent call last):
  File "/var/www/html/django/integrator/integrator_env/lib/python3.6/site-packages/django/template/base.py", line 837, in _resolve_lookup
    current = getattr(current, bit)
AttributeError: 'NoneType' object has no attribute 'id'

During handling of the above exception, another exception occurred:

Traceback (most recent call last):
  File "/var/www/html/django/integrator/integrator_env/lib/python3.6/site-packages/django/template/base.py", line 843, in _resolve_lookup
    current = current[int(bit)]
ValueError: invalid literal for int() with base 10: 'id'

During handling of the above exception, another exception occurred:

Traceback (most recent call last):
  File "/var/www/html/django/integrator/integrator_env/lib/python3.6/site-packages/django/template/base.py", line 850, in _resolve_lookup
    (bit, current))  # missing attribute
django.template.base.VariableDoesNotExist: Failed lookup for key [id] in None
Exception while resolving variable 'id' in template 'applications/history.html'.
Traceback (most recent call last):
  File "/var/www/html/django/integrator/integrator_env/lib/python3.6/site-packages/django/template/base.py", line 829, in _resolve_lookup
    current = current[bit]
TypeError: 'NoneType' object is not subscriptable

During handling of the above exception, another exception occurred:

Traceback (most recent call last):
  File "/var/www/html/django/integrator/integrator_env/lib/python3.6/site-packages/django/template/base.py", line 837, in _resolve_lookup
    current = getattr(current, bit)
AttributeError: 'NoneType' object has no attribute 'id'

During handling of the above exception, another exception occurred:

Traceback (most recent call last):
  File "/var/www/html/django/integrator/integrator_env/lib/python3.6/site-packages/django/template/base.py", line 843, in _resolve_lookup
    current = current[int(bit)]
ValueError: invalid literal for int() with base 10: 'id'

During handling of the above exception, another exception occurred:

Traceback (most recent call last):
  File "/var/www/html/django/integrator/integrator_env/lib/python3.6/site-packages/django/template/base.py", line 850, in _resolve_lookup
    (bit, current))  # missing attribute
django.template.base.VariableDoesNotExist: Failed lookup for key [id] in None
Exception while resolving variable 'id' in template 'applications/history.html'.
Traceback (most recent call last):
  File "/var/www/html/django/integrator/integrator_env/lib/python3.6/site-packages/django/template/base.py", line 829, in _resolve_lookup
    current = current[bit]
TypeError: 'NoneType' object is not subscriptable

During handling of the above exception, another exception occurred:

Traceback (most recent call last):
  File "/var/www/html/django/integrator/integrator_env/lib/python3.6/site-packages/django/template/base.py", line 837, in _resolve_lookup
    current = getattr(current, bit)
AttributeError: 'NoneType' object has no attribute 'id'

During handling of the above exception, another exception occurred:

Traceback (most recent call last):
  File "/var/www/html/django/integrator/integrator_env/lib/python3.6/site-packages/django/template/base.py", line 843, in _resolve_lookup
    current = current[int(bit)]
ValueError: invalid literal for int() with base 10: 'id'

During handling of the above exception, another exception occurred:

Traceback (most recent call last):
  File "/var/www/html/django/integrator/integrator_env/lib/python3.6/site-packages/django/template/base.py", line 850, in _resolve_lookup
    (bit, current))  # missing attribute
django.template.base.VariableDoesNotExist: Failed lookup for key [id] in None
Exception while resolving variable 'id' in template 'applications/history.html'.
Traceback (most recent call last):
  File "/var/www/html/django/integrator/integrator_env/lib/python3.6/site-packages/django/template/base.py", line 829, in _resolve_lookup
    current = current[bit]
TypeError: 'NoneType' object is not subscriptable

During handling of the above exception, another exception occurred:

Traceback (most recent call last):
  File "/var/www/html/django/integrator/integrator_env/lib/python3.6/site-packages/django/template/base.py", line 837, in _resolve_lookup
    current = getattr(current, bit)
AttributeError: 'NoneType' object has no attribute 'id'

During handling of the above exception, another exception occurred:

Traceback (most recent call last):
  File "/var/www/html/django/integrator/integrator_env/lib/python3.6/site-packages/django/template/base.py", line 843, in _resolve_lookup
    current = current[int(bit)]
ValueError: invalid literal for int() with base 10: 'id'

During handling of the above exception, another exception occurred:

Traceback (most recent call last):
  File "/var/www/html/django/integrator/integrator_env/lib/python3.6/site-packages/django/template/base.py", line 850, in _resolve_lookup
    (bit, current))  # missing attribute
django.template.base.VariableDoesNotExist: Failed lookup for key [id] in None
Exception while resolving variable 'id' in template 'applications/history.html'.
Traceback (most recent call last):
  File "/var/www/html/django/integrator/integrator_env/lib/python3.6/site-packages/django/template/base.py", line 829, in _resolve_lookup
    current = current[bit]
TypeError: 'NoneType' object is not subscriptable

During handling of the above exception, another exception occurred:

Traceback (most recent call last):
  File "/var/www/html/django/integrator/integrator_env/lib/python3.6/site-packages/django/template/base.py", line 837, in _resolve_lookup
    current = getattr(current, bit)
AttributeError: 'NoneType' object has no attribute 'id'

During handling of the above exception, another exception occurred:

Traceback (most recent call last):
  File "/var/www/html/django/integrator/integrator_env/lib/python3.6/site-packages/django/template/base.py", line 843, in _resolve_lookup
    current = current[int(bit)]
ValueError: invalid literal for int() with base 10: 'id'

During handling of the above exception, another exception occurred:

Traceback (most recent call last):
  File "/var/www/html/django/integrator/integrator_env/lib/python3.6/site-packages/django/template/base.py", line 850, in _resolve_lookup
    (bit, current))  # missing attribute
django.template.base.VariableDoesNotExist: Failed lookup for key [id] in None
Exception while resolving variable 'id' in template 'applications/history.html'.
Traceback (most recent call last):
  File "/var/www/html/django/integrator/integrator_env/lib/python3.6/site-packages/django/template/base.py", line 829, in _resolve_lookup
    current = current[bit]
TypeError: 'NoneType' object is not subscriptable

During handling of the above exception, another exception occurred:

Traceback (most recent call last):
  File "/var/www/html/django/integrator/integrator_env/lib/python3.6/site-packages/django/template/base.py", line 837, in _resolve_lookup
    current = getattr(current, bit)
AttributeError: 'NoneType' object has no attribute 'id'

During handling of the above exception, another exception occurred:

Traceback (most recent call last):
  File "/var/www/html/django/integrator/integrator_env/lib/python3.6/site-packages/django/template/base.py", line 843, in _resolve_lookup
    current = current[int(bit)]
ValueError: invalid literal for int() with base 10: 'id'

During handling of the above exception, another exception occurred:

Traceback (most recent call last):
  File "/var/www/html/django/integrator/integrator_env/lib/python3.6/site-packages/django/template/base.py", line 850, in _resolve_lookup
    (bit, current))  # missing attribute
django.template.base.VariableDoesNotExist: Failed lookup for key [id] in None
Exception while resolving variable 'id' in template 'applications/history.html'.
Traceback (most recent call last):
  File "/var/www/html/django/integrator/integrator_env/lib/python3.6/site-packages/django/template/base.py", line 829, in _resolve_lookup
    current = current[bit]
TypeError: 'NoneType' object is not subscriptable

During handling of the above exception, another exception occurred:

Traceback (most recent call last):
  File "/var/www/html/django/integrator/integrator_env/lib/python3.6/site-packages/django/template/base.py", line 837, in _resolve_lookup
    current = getattr(current, bit)
AttributeError: 'NoneType' object has no attribute 'id'

During handling of the above exception, another exception occurred:

Traceback (most recent call last):
  File "/var/www/html/django/integrator/integrator_env/lib/python3.6/site-packages/django/template/base.py", line 843, in _resolve_lookup
    current = current[int(bit)]
ValueError: invalid literal for int() with base 10: 'id'

During handling of the above exception, another exception occurred:

Traceback (most recent call last):
  File "/var/www/html/django/integrator/integrator_env/lib/python3.6/site-packages/django/template/base.py", line 850, in _resolve_lookup
    (bit, current))  # missing attribute
django.template.base.VariableDoesNotExist: Failed lookup for key [id] in None
Exception while resolving variable 'id' in template 'applications/history.html'.
Traceback (most recent call last):
  File "/var/www/html/django/integrator/integrator_env/lib/python3.6/site-packages/django/template/base.py", line 829, in _resolve_lookup
    current = current[bit]
TypeError: 'NoneType' object is not subscriptable

During handling of the above exception, another exception occurred:

Traceback (most recent call last):
  File "/var/www/html/django/integrator/integrator_env/lib/python3.6/site-packages/django/template/base.py", line 837, in _resolve_lookup
    current = getattr(current, bit)
AttributeError: 'NoneType' object has no attribute 'id'

During handling of the above exception, another exception occurred:

Traceback (most recent call last):
  File "/var/www/html/django/integrator/integrator_env/lib/python3.6/site-packages/django/template/base.py", line 843, in _resolve_lookup
    current = current[int(bit)]
ValueError: invalid literal for int() with base 10: 'id'

During handling of the above exception, another exception occurred:

Traceback (most recent call last):
  File "/var/www/html/django/integrator/integrator_env/lib/python3.6/site-packages/django/template/base.py", line 850, in _resolve_lookup
    (bit, current))  # missing attribute
django.template.base.VariableDoesNotExist: Failed lookup for key [id] in None
Exception while resolving variable 'id' in template 'applications/history.html'.
Traceback (most recent call last):
  File "/var/www/html/django/integrator/integrator_env/lib/python3.6/site-packages/django/template/base.py", line 829, in _resolve_lookup
    current = current[bit]
TypeError: 'NoneType' object is not subscriptable

During handling of the above exception, another exception occurred:

Traceback (most recent call last):
  File "/var/www/html/django/integrator/integrator_env/lib/python3.6/site-packages/django/template/base.py", line 837, in _resolve_lookup
    current = getattr(current, bit)
AttributeError: 'NoneType' object has no attribute 'id'

During handling of the above exception, another exception occurred:

Traceback (most recent call last):
  File "/var/www/html/django/integrator/integrator_env/lib/python3.6/site-packages/django/template/base.py", line 843, in _resolve_lookup
    current = current[int(bit)]
ValueError: invalid literal for int() with base 10: 'id'

During handling of the above exception, another exception occurred:

Traceback (most recent call last):
  File "/var/www/html/django/integrator/integrator_env/lib/python3.6/site-packages/django/template/base.py", line 850, in _resolve_lookup
    (bit, current))  # missing attribute
django.template.base.VariableDoesNotExist: Failed lookup for key [id] in None
Exception while resolving variable 'id' in template 'applications/history.html'.
Traceback (most recent call last):
  File "/var/www/html/django/integrator/integrator_env/lib/python3.6/site-packages/django/template/base.py", line 829, in _resolve_lookup
    current = current[bit]
TypeError: 'NoneType' object is not subscriptable

During handling of the above exception, another exception occurred:

Traceback (most recent call last):
  File "/var/www/html/django/integrator/integrator_env/lib/python3.6/site-packages/django/template/base.py", line 837, in _resolve_lookup
    current = getattr(current, bit)
AttributeError: 'NoneType' object has no attribute 'id'

During handling of the above exception, another exception occurred:

Traceback (most recent call last):
  File "/var/www/html/django/integrator/integrator_env/lib/python3.6/site-packages/django/template/base.py", line 843, in _resolve_lookup
    current = current[int(bit)]
ValueError: invalid literal for int() with base 10: 'id'

During handling of the above exception, another exception occurred:

Traceback (most recent call last):
  File "/var/www/html/django/integrator/integrator_env/lib/python3.6/site-packages/django/template/base.py", line 850, in _resolve_lookup
    (bit, current))  # missing attribute
django.template.base.VariableDoesNotExist: Failed lookup for key [id] in None
Exception while resolving variable 'id' in template 'applications/history.html'.
Traceback (most recent call last):
  File "/var/www/html/django/integrator/integrator_env/lib/python3.6/site-packages/django/template/base.py", line 829, in _resolve_lookup
    current = current[bit]
TypeError: 'NoneType' object is not subscriptable

During handling of the above exception, another exception occurred:

Traceback (most recent call last):
  File "/var/www/html/django/integrator/integrator_env/lib/python3.6/site-packages/django/template/base.py", line 837, in _resolve_lookup
    current = getattr(current, bit)
AttributeError: 'NoneType' object has no attribute 'id'

During handling of the above exception, another exception occurred:

Traceback (most recent call last):
  File "/var/www/html/django/integrator/integrator_env/lib/python3.6/site-packages/django/template/base.py", line 843, in _resolve_lookup
    current = current[int(bit)]
ValueError: invalid literal for int() with base 10: 'id'

During handling of the above exception, another exception occurred:

Traceback (most recent call last):
  File "/var/www/html/django/integrator/integrator_env/lib/python3.6/site-packages/django/template/base.py", line 850, in _resolve_lookup
    (bit, current))  # missing attribute
django.template.base.VariableDoesNotExist: Failed lookup for key [id] in None
Exception while resolving variable 'id' in template 'applications/history.html'.
Traceback (most recent call last):
  File "/var/www/html/django/integrator/integrator_env/lib/python3.6/site-packages/django/template/base.py", line 829, in _resolve_lookup
    current = current[bit]
TypeError: 'NoneType' object is not subscriptable

During handling of the above exception, another exception occurred:

Traceback (most recent call last):
  File "/var/www/html/django/integrator/integrator_env/lib/python3.6/site-packages/django/template/base.py", line 837, in _resolve_lookup
    current = getattr(current, bit)
AttributeError: 'NoneType' object has no attribute 'id'

During handling of the above exception, another exception occurred:

Traceback (most recent call last):
  File "/var/www/html/django/integrator/integrator_env/lib/python3.6/site-packages/django/template/base.py", line 843, in _resolve_lookup
    current = current[int(bit)]
ValueError: invalid literal for int() with base 10: 'id'

During handling of the above exception, another exception occurred:

Traceback (most recent call last):
  File "/var/www/html/django/integrator/integrator_env/lib/python3.6/site-packages/django/template/base.py", line 850, in _resolve_lookup
    (bit, current))  # missing attribute
django.template.base.VariableDoesNotExist: Failed lookup for key [id] in None
Exception while resolving variable 'id' in template 'applications/history.html'.
Traceback (most recent call last):
  File "/var/www/html/django/integrator/integrator_env/lib/python3.6/site-packages/django/template/base.py", line 829, in _resolve_lookup
    current = current[bit]
TypeError: 'NoneType' object is not subscriptable

During handling of the above exception, another exception occurred:

Traceback (most recent call last):
  File "/var/www/html/django/integrator/integrator_env/lib/python3.6/site-packages/django/template/base.py", line 837, in _resolve_lookup
    current = getattr(current, bit)
AttributeError: 'NoneType' object has no attribute 'id'

During handling of the above exception, another exception occurred:

Traceback (most recent call last):
  File "/var/www/html/django/integrator/integrator_env/lib/python3.6/site-packages/django/template/base.py", line 843, in _resolve_lookup
    current = current[int(bit)]
ValueError: invalid literal for int() with base 10: 'id'

During handling of the above exception, another exception occurred:

Traceback (most recent call last):
  File "/var/www/html/django/integrator/integrator_env/lib/python3.6/site-packages/django/template/base.py", line 850, in _resolve_lookup
    (bit, current))  # missing attribute
django.template.base.VariableDoesNotExist: Failed lookup for key [id] in None
Exception while resolving variable 'id' in template 'applications/history.html'.
Traceback (most recent call last):
  File "/var/www/html/django/integrator/integrator_env/lib/python3.6/site-packages/django/template/base.py", line 829, in _resolve_lookup
    current = current[bit]
TypeError: 'NoneType' object is not subscriptable

During handling of the above exception, another exception occurred:

Traceback (most recent call last):
  File "/var/www/html/django/integrator/integrator_env/lib/python3.6/site-packages/django/template/base.py", line 837, in _resolve_lookup
    current = getattr(current, bit)
AttributeError: 'NoneType' object has no attribute 'id'

During handling of the above exception, another exception occurred:

Traceback (most recent call last):
  File "/var/www/html/django/integrator/integrator_env/lib/python3.6/site-packages/django/template/base.py", line 843, in _resolve_lookup
    current = current[int(bit)]
ValueError: invalid literal for int() with base 10: 'id'

During handling of the above exception, another exception occurred:

Traceback (most recent call last):
  File "/var/www/html/django/integrator/integrator_env/lib/python3.6/site-packages/django/template/base.py", line 850, in _resolve_lookup
    (bit, current))  # missing attribute
django.template.base.VariableDoesNotExist: Failed lookup for key [id] in None
Exception while resolving variable 'id' in template 'applications/history.html'.
Traceback (most recent call last):
  File "/var/www/html/django/integrator/integrator_env/lib/python3.6/site-packages/django/template/base.py", line 829, in _resolve_lookup
    current = current[bit]
TypeError: 'NoneType' object is not subscriptable

During handling of the above exception, another exception occurred:

Traceback (most recent call last):
  File "/var/www/html/django/integrator/integrator_env/lib/python3.6/site-packages/django/template/base.py", line 837, in _resolve_lookup
    current = getattr(current, bit)
AttributeError: 'NoneType' object has no attribute 'id'

During handling of the above exception, another exception occurred:

Traceback (most recent call last):
  File "/var/www/html/django/integrator/integrator_env/lib/python3.6/site-packages/django/template/base.py", line 843, in _resolve_lookup
    current = current[int(bit)]
ValueError: invalid literal for int() with base 10: 'id'

During handling of the above exception, another exception occurred:

Traceback (most recent call last):
  File "/var/www/html/django/integrator/integrator_env/lib/python3.6/site-packages/django/template/base.py", line 850, in _resolve_lookup
    (bit, current))  # missing attribute
django.template.base.VariableDoesNotExist: Failed lookup for key [id] in None
Exception while resolving variable 'id' in template 'applications/history.html'.
Traceback (most recent call last):
  File "/var/www/html/django/integrator/integrator_env/lib/python3.6/site-packages/django/template/base.py", line 829, in _resolve_lookup
    current = current[bit]
TypeError: 'NoneType' object is not subscriptable

During handling of the above exception, another exception occurred:

Traceback (most recent call last):
  File "/var/www/html/django/integrator/integrator_env/lib/python3.6/site-packages/django/template/base.py", line 837, in _resolve_lookup
    current = getattr(current, bit)
AttributeError: 'NoneType' object has no attribute 'id'

During handling of the above exception, another exception occurred:

Traceback (most recent call last):
  File "/var/www/html/django/integrator/integrator_env/lib/python3.6/site-packages/django/template/base.py", line 843, in _resolve_lookup
    current = current[int(bit)]
ValueError: invalid literal for int() with base 10: 'id'

During handling of the above exception, another exception occurred:

Traceback (most recent call last):
  File "/var/www/html/django/integrator/integrator_env/lib/python3.6/site-packages/django/template/base.py", line 850, in _resolve_lookup
    (bit, current))  # missing attribute
django.template.base.VariableDoesNotExist: Failed lookup for key [id] in None
Exception while resolving variable 'id' in template 'applications/history.html'.
Traceback (most recent call last):
  File "/var/www/html/django/integrator/integrator_env/lib/python3.6/site-packages/django/template/base.py", line 829, in _resolve_lookup
    current = current[bit]
TypeError: 'NoneType' object is not subscriptable

During handling of the above exception, another exception occurred:

Traceback (most recent call last):
  File "/var/www/html/django/integrator/integrator_env/lib/python3.6/site-packages/django/template/base.py", line 837, in _resolve_lookup
    current = getattr(current, bit)
AttributeError: 'NoneType' object has no attribute 'id'

During handling of the above exception, another exception occurred:

Traceback (most recent call last):
  File "/var/www/html/django/integrator/integrator_env/lib/python3.6/site-packages/django/template/base.py", line 843, in _resolve_lookup
    current = current[int(bit)]
ValueError: invalid literal for int() with base 10: 'id'

During handling of the above exception, another exception occurred:

Traceback (most recent call last):
  File "/var/www/html/django/integrator/integrator_env/lib/python3.6/site-packages/django/template/base.py", line 850, in _resolve_lookup
    (bit, current))  # missing attribute
django.template.base.VariableDoesNotExist: Failed lookup for key [id] in None
Exception while resolving variable 'id' in template 'applications/history.html'.
Traceback (most recent call last):
  File "/var/www/html/django/integrator/integrator_env/lib/python3.6/site-packages/django/template/base.py", line 829, in _resolve_lookup
    current = current[bit]
TypeError: 'NoneType' object is not subscriptable

During handling of the above exception, another exception occurred:

Traceback (most recent call last):
  File "/var/www/html/django/integrator/integrator_env/lib/python3.6/site-packages/django/template/base.py", line 837, in _resolve_lookup
    current = getattr(current, bit)
AttributeError: 'NoneType' object has no attribute 'id'

During handling of the above exception, another exception occurred:

Traceback (most recent call last):
  File "/var/www/html/django/integrator/integrator_env/lib/python3.6/site-packages/django/template/base.py", line 843, in _resolve_lookup
    current = current[int(bit)]
ValueError: invalid literal for int() with base 10: 'id'

During handling of the above exception, another exception occurred:

Traceback (most recent call last):
  File "/var/www/html/django/integrator/integrator_env/lib/python3.6/site-packages/django/template/base.py", line 850, in _resolve_lookup
    (bit, current))  # missing attribute
django.template.base.VariableDoesNotExist: Failed lookup for key [id] in None
Exception while resolving variable 'id' in template 'applications/history.html'.
Traceback (most recent call last):
  File "/var/www/html/django/integrator/integrator_env/lib/python3.6/site-packages/django/template/base.py", line 829, in _resolve_lookup
    current = current[bit]
TypeError: 'NoneType' object is not subscriptable

During handling of the above exception, another exception occurred:

Traceback (most recent call last):
  File "/var/www/html/django/integrator/integrator_env/lib/python3.6/site-packages/django/template/base.py", line 837, in _resolve_lookup
    current = getattr(current, bit)
AttributeError: 'NoneType' object has no attribute 'id'

During handling of the above exception, another exception occurred:

Traceback (most recent call last):
  File "/var/www/html/django/integrator/integrator_env/lib/python3.6/site-packages/django/template/base.py", line 843, in _resolve_lookup
    current = current[int(bit)]
ValueError: invalid literal for int() with base 10: 'id'

During handling of the above exception, another exception occurred:

Traceback (most recent call last):
  File "/var/www/html/django/integrator/integrator_env/lib/python3.6/site-packages/django/template/base.py", line 850, in _resolve_lookup
    (bit, current))  # missing attribute
django.template.base.VariableDoesNotExist: Failed lookup for key [id] in None
Exception while resolving variable 'id' in template 'applications/history.html'.
Traceback (most recent call last):
  File "/var/www/html/django/integrator/integrator_env/lib/python3.6/site-packages/django/template/base.py", line 829, in _resolve_lookup
    current = current[bit]
TypeError: 'NoneType' object is not subscriptable

During handling of the above exception, another exception occurred:

Traceback (most recent call last):
  File "/var/www/html/django/integrator/integrator_env/lib/python3.6/site-packages/django/template/base.py", line 837, in _resolve_lookup
    current = getattr(current, bit)
AttributeError: 'NoneType' object has no attribute 'id'

During handling of the above exception, another exception occurred:

Traceback (most recent call last):
  File "/var/www/html/django/integrator/integrator_env/lib/python3.6/site-packages/django/template/base.py", line 843, in _resolve_lookup
    current = current[int(bit)]
ValueError: invalid literal for int() with base 10: 'id'

During handling of the above exception, another exception occurred:

Traceback (most recent call last):
  File "/var/www/html/django/integrator/integrator_env/lib/python3.6/site-packages/django/template/base.py", line 850, in _resolve_lookup
    (bit, current))  # missing attribute
django.template.base.VariableDoesNotExist: Failed lookup for key [id] in None
Exception while resolving variable 'id' in template 'applications/history.html'.
Traceback (most recent call last):
  File "/var/www/html/django/integrator/integrator_env/lib/python3.6/site-packages/django/template/base.py", line 829, in _resolve_lookup
    current = current[bit]
TypeError: 'NoneType' object is not subscriptable

During handling of the above exception, another exception occurred:

Traceback (most recent call last):
  File "/var/www/html/django/integrator/integrator_env/lib/python3.6/site-packages/django/template/base.py", line 837, in _resolve_lookup
    current = getattr(current, bit)
AttributeError: 'NoneType' object has no attribute 'id'

During handling of the above exception, another exception occurred:

Traceback (most recent call last):
  File "/var/www/html/django/integrator/integrator_env/lib/python3.6/site-packages/django/template/base.py", line 843, in _resolve_lookup
    current = current[int(bit)]
ValueError: invalid literal for int() with base 10: 'id'

During handling of the above exception, another exception occurred:

Traceback (most recent call last):
  File "/var/www/html/django/integrator/integrator_env/lib/python3.6/site-packages/django/template/base.py", line 850, in _resolve_lookup
    (bit, current))  # missing attribute
django.template.base.VariableDoesNotExist: Failed lookup for key [id] in None
Exception while resolving variable 'id' in template 'applications/history.html'.
Traceback (most recent call last):
  File "/var/www/html/django/integrator/integrator_env/lib/python3.6/site-packages/django/template/base.py", line 829, in _resolve_lookup
    current = current[bit]
TypeError: 'NoneType' object is not subscriptable

During handling of the above exception, another exception occurred:

Traceback (most recent call last):
  File "/var/www/html/django/integrator/integrator_env/lib/python3.6/site-packages/django/template/base.py", line 837, in _resolve_lookup
    current = getattr(current, bit)
AttributeError: 'NoneType' object has no attribute 'id'

During handling of the above exception, another exception occurred:

Traceback (most recent call last):
  File "/var/www/html/django/integrator/integrator_env/lib/python3.6/site-packages/django/template/base.py", line 843, in _resolve_lookup
    current = current[int(bit)]
ValueError: invalid literal for int() with base 10: 'id'

During handling of the above exception, another exception occurred:

Traceback (most recent call last):
  File "/var/www/html/django/integrator/integrator_env/lib/python3.6/site-packages/django/template/base.py", line 850, in _resolve_lookup
    (bit, current))  # missing attribute
django.template.base.VariableDoesNotExist: Failed lookup for key [id] in None
Exception while resolving variable 'id' in template 'applications/history.html'.
Traceback (most recent call last):
  File "/var/www/html/django/integrator/integrator_env/lib/python3.6/site-packages/django/template/base.py", line 829, in _resolve_lookup
    current = current[bit]
TypeError: 'NoneType' object is not subscriptable

During handling of the above exception, another exception occurred:

Traceback (most recent call last):
  File "/var/www/html/django/integrator/integrator_env/lib/python3.6/site-packages/django/template/base.py", line 837, in _resolve_lookup
    current = getattr(current, bit)
AttributeError: 'NoneType' object has no attribute 'id'

During handling of the above exception, another exception occurred:

Traceback (most recent call last):
  File "/var/www/html/django/integrator/integrator_env/lib/python3.6/site-packages/django/template/base.py", line 843, in _resolve_lookup
    current = current[int(bit)]
ValueError: invalid literal for int() with base 10: 'id'

During handling of the above exception, another exception occurred:

Traceback (most recent call last):
  File "/var/www/html/django/integrator/integrator_env/lib/python3.6/site-packages/django/template/base.py", line 850, in _resolve_lookup
    (bit, current))  # missing attribute
django.template.base.VariableDoesNotExist: Failed lookup for key [id] in None
Exception while resolving variable 'id' in template 'applications/history.html'.
Traceback (most recent call last):
  File "/var/www/html/django/integrator/integrator_env/lib/python3.6/site-packages/django/template/base.py", line 829, in _resolve_lookup
    current = current[bit]
TypeError: 'NoneType' object is not subscriptable

During handling of the above exception, another exception occurred:

Traceback (most recent call last):
  File "/var/www/html/django/integrator/integrator_env/lib/python3.6/site-packages/django/template/base.py", line 837, in _resolve_lookup
    current = getattr(current, bit)
AttributeError: 'NoneType' object has no attribute 'id'

During handling of the above exception, another exception occurred:

Traceback (most recent call last):
  File "/var/www/html/django/integrator/integrator_env/lib/python3.6/site-packages/django/template/base.py", line 843, in _resolve_lookup
    current = current[int(bit)]
ValueError: invalid literal for int() with base 10: 'id'

During handling of the above exception, another exception occurred:

Traceback (most recent call last):
  File "/var/www/html/django/integrator/integrator_env/lib/python3.6/site-packages/django/template/base.py", line 850, in _resolve_lookup
    (bit, current))  # missing attribute
django.template.base.VariableDoesNotExist: Failed lookup for key [id] in None
Exception while resolving variable 'id' in template 'applications/history.html'.
Traceback (most recent call last):
  File "/var/www/html/django/integrator/integrator_env/lib/python3.6/site-packages/django/template/base.py", line 829, in _resolve_lookup
    current = current[bit]
TypeError: 'NoneType' object is not subscriptable

During handling of the above exception, another exception occurred:

Traceback (most recent call last):
  File "/var/www/html/django/integrator/integrator_env/lib/python3.6/site-packages/django/template/base.py", line 837, in _resolve_lookup
    current = getattr(current, bit)
AttributeError: 'NoneType' object has no attribute 'id'

During handling of the above exception, another exception occurred:

Traceback (most recent call last):
  File "/var/www/html/django/integrator/integrator_env/lib/python3.6/site-packages/django/template/base.py", line 843, in _resolve_lookup
    current = current[int(bit)]
ValueError: invalid literal for int() with base 10: 'id'

During handling of the above exception, another exception occurred:

Traceback (most recent call last):
  File "/var/www/html/django/integrator/integrator_env/lib/python3.6/site-packages/django/template/base.py", line 850, in _resolve_lookup
    (bit, current))  # missing attribute
django.template.base.VariableDoesNotExist: Failed lookup for key [id] in None
Exception while resolving variable 'id' in template 'applications/history.html'.
Traceback (most recent call last):
  File "/var/www/html/django/integrator/integrator_env/lib/python3.6/site-packages/django/template/base.py", line 829, in _resolve_lookup
    current = current[bit]
TypeError: 'NoneType' object is not subscriptable

During handling of the above exception, another exception occurred:

Traceback (most recent call last):
  File "/var/www/html/django/integrator/integrator_env/lib/python3.6/site-packages/django/template/base.py", line 837, in _resolve_lookup
    current = getattr(current, bit)
AttributeError: 'NoneType' object has no attribute 'id'

During handling of the above exception, another exception occurred:

Traceback (most recent call last):
  File "/var/www/html/django/integrator/integrator_env/lib/python3.6/site-packages/django/template/base.py", line 843, in _resolve_lookup
    current = current[int(bit)]
ValueError: invalid literal for int() with base 10: 'id'

During handling of the above exception, another exception occurred:

Traceback (most recent call last):
  File "/var/www/html/django/integrator/integrator_env/lib/python3.6/site-packages/django/template/base.py", line 850, in _resolve_lookup
    (bit, current))  # missing attribute
django.template.base.VariableDoesNotExist: Failed lookup for key [id] in None
Exception while resolving variable 'id' in template 'applications/history.html'.
Traceback (most recent call last):
  File "/var/www/html/django/integrator/integrator_env/lib/python3.6/site-packages/django/template/base.py", line 829, in _resolve_lookup
    current = current[bit]
TypeError: 'NoneType' object is not subscriptable

During handling of the above exception, another exception occurred:

Traceback (most recent call last):
  File "/var/www/html/django/integrator/integrator_env/lib/python3.6/site-packages/django/template/base.py", line 837, in _resolve_lookup
    current = getattr(current, bit)
AttributeError: 'NoneType' object has no attribute 'id'

During handling of the above exception, another exception occurred:

Traceback (most recent call last):
  File "/var/www/html/django/integrator/integrator_env/lib/python3.6/site-packages/django/template/base.py", line 843, in _resolve_lookup
    current = current[int(bit)]
ValueError: invalid literal for int() with base 10: 'id'

During handling of the above exception, another exception occurred:

Traceback (most recent call last):
  File "/var/www/html/django/integrator/integrator_env/lib/python3.6/site-packages/django/template/base.py", line 850, in _resolve_lookup
    (bit, current))  # missing attribute
django.template.base.VariableDoesNotExist: Failed lookup for key [id] in None
Exception while resolving variable 'id' in template 'applications/history.html'.
Traceback (most recent call last):
  File "/var/www/html/django/integrator/integrator_env/lib/python3.6/site-packages/django/template/base.py", line 829, in _resolve_lookup
    current = current[bit]
TypeError: 'NoneType' object is not subscriptable

During handling of the above exception, another exception occurred:

Traceback (most recent call last):
  File "/var/www/html/django/integrator/integrator_env/lib/python3.6/site-packages/django/template/base.py", line 837, in _resolve_lookup
    current = getattr(current, bit)
AttributeError: 'NoneType' object has no attribute 'id'

During handling of the above exception, another exception occurred:

Traceback (most recent call last):
  File "/var/www/html/django/integrator/integrator_env/lib/python3.6/site-packages/django/template/base.py", line 843, in _resolve_lookup
    current = current[int(bit)]
ValueError: invalid literal for int() with base 10: 'id'

During handling of the above exception, another exception occurred:

Traceback (most recent call last):
  File "/var/www/html/django/integrator/integrator_env/lib/python3.6/site-packages/django/template/base.py", line 850, in _resolve_lookup
    (bit, current))  # missing attribute
django.template.base.VariableDoesNotExist: Failed lookup for key [id] in None
Exception while resolving variable 'id' in template 'applications/history.html'.
Traceback (most recent call last):
  File "/var/www/html/django/integrator/integrator_env/lib/python3.6/site-packages/django/template/base.py", line 829, in _resolve_lookup
    current = current[bit]
TypeError: 'NoneType' object is not subscriptable

During handling of the above exception, another exception occurred:

Traceback (most recent call last):
  File "/var/www/html/django/integrator/integrator_env/lib/python3.6/site-packages/django/template/base.py", line 837, in _resolve_lookup
    current = getattr(current, bit)
AttributeError: 'NoneType' object has no attribute 'id'

During handling of the above exception, another exception occurred:

Traceback (most recent call last):
  File "/var/www/html/django/integrator/integrator_env/lib/python3.6/site-packages/django/template/base.py", line 843, in _resolve_lookup
    current = current[int(bit)]
ValueError: invalid literal for int() with base 10: 'id'

During handling of the above exception, another exception occurred:

Traceback (most recent call last):
  File "/var/www/html/django/integrator/integrator_env/lib/python3.6/site-packages/django/template/base.py", line 850, in _resolve_lookup
    (bit, current))  # missing attribute
django.template.base.VariableDoesNotExist: Failed lookup for key [id] in None
Exception while resolving variable 'id' in template 'applications/history.html'.
Traceback (most recent call last):
  File "/var/www/html/django/integrator/integrator_env/lib/python3.6/site-packages/django/template/base.py", line 829, in _resolve_lookup
    current = current[bit]
TypeError: 'NoneType' object is not subscriptable

During handling of the above exception, another exception occurred:

Traceback (most recent call last):
  File "/var/www/html/django/integrator/integrator_env/lib/python3.6/site-packages/django/template/base.py", line 837, in _resolve_lookup
    current = getattr(current, bit)
AttributeError: 'NoneType' object has no attribute 'id'

During handling of the above exception, another exception occurred:

Traceback (most recent call last):
  File "/var/www/html/django/integrator/integrator_env/lib/python3.6/site-packages/django/template/base.py", line 843, in _resolve_lookup
    current = current[int(bit)]
ValueError: invalid literal for int() with base 10: 'id'

During handling of the above exception, another exception occurred:

Traceback (most recent call last):
  File "/var/www/html/django/integrator/integrator_env/lib/python3.6/site-packages/django/template/base.py", line 850, in _resolve_lookup
    (bit, current))  # missing attribute
django.template.base.VariableDoesNotExist: Failed lookup for key [id] in None
(0.000) SELECT `applications_applicationmodel`.`id`, `applications_applicationmodel`.`priority_id`, `applications_applicationmodel`.`equipment_id`, `applications_applicationmodel`.`problem`, `applications_applicationmodel`.`contact_id`, `applications_applicationmodel`.`client_id`, `applications_applicationmodel`.`engineer_id`, `applications_applicationmodel`.`pubdate`, `applications_applicationmodel`.`status_id`, `applications_applicationmodel`.`creator_id`, `applications_applicationmodel`.`changed` FROM `applications_applicationmodel` WHERE `applications_applicationmodel`.`id` = 160967 LIMIT 21; args=(160967,)
Exception while resolving variable 'id' in template 'applications/history.html'.
Traceback (most recent call last):
  File "/var/www/html/django/integrator/integrator_env/lib/python3.6/site-packages/django/template/base.py", line 829, in _resolve_lookup
    current = current[bit]
TypeError: 'NoneType' object is not subscriptable

During handling of the above exception, another exception occurred:

Traceback (most recent call last):
  File "/var/www/html/django/integrator/integrator_env/lib/python3.6/site-packages/django/template/base.py", line 837, in _resolve_lookup
    current = getattr(current, bit)
AttributeError: 'NoneType' object has no attribute 'id'

During handling of the above exception, another exception occurred:

Traceback (most recent call last):
  File "/var/www/html/django/integrator/integrator_env/lib/python3.6/site-packages/django/template/base.py", line 843, in _resolve_lookup
    current = current[int(bit)]
ValueError: invalid literal for int() with base 10: 'id'

During handling of the above exception, another exception occurred:

Traceback (most recent call last):
  File "/var/www/html/django/integrator/integrator_env/lib/python3.6/site-packages/django/template/base.py", line 850, in _resolve_lookup
    (bit, current))  # missing attribute
django.template.base.VariableDoesNotExist: Failed lookup for key [id] in None
Exception while resolving variable 'id' in template 'applications/history.html'.
Traceback (most recent call last):
  File "/var/www/html/django/integrator/integrator_env/lib/python3.6/site-packages/django/template/base.py", line 829, in _resolve_lookup
    current = current[bit]
TypeError: 'NoneType' object is not subscriptable

During handling of the above exception, another exception occurred:

Traceback (most recent call last):
  File "/var/www/html/django/integrator/integrator_env/lib/python3.6/site-packages/django/template/base.py", line 837, in _resolve_lookup
    current = getattr(current, bit)
AttributeError: 'NoneType' object has no attribute 'id'

During handling of the above exception, another exception occurred:

Traceback (most recent call last):
  File "/var/www/html/django/integrator/integrator_env/lib/python3.6/site-packages/django/template/base.py", line 843, in _resolve_lookup
    current = current[int(bit)]
ValueError: invalid literal for int() with base 10: 'id'

During handling of the above exception, another exception occurred:

Traceback (most recent call last):
  File "/var/www/html/django/integrator/integrator_env/lib/python3.6/site-packages/django/template/base.py", line 850, in _resolve_lookup
    (bit, current))  # missing attribute
django.template.base.VariableDoesNotExist: Failed lookup for key [id] in None
Exception while resolving variable 'id' in template 'applications/history.html'.
Traceback (most recent call last):
  File "/var/www/html/django/integrator/integrator_env/lib/python3.6/site-packages/django/template/base.py", line 829, in _resolve_lookup
    current = current[bit]
TypeError: 'NoneType' object is not subscriptable

During handling of the above exception, another exception occurred:

Traceback (most recent call last):
  File "/var/www/html/django/integrator/integrator_env/lib/python3.6/site-packages/django/template/base.py", line 837, in _resolve_lookup
    current = getattr(current, bit)
AttributeError: 'NoneType' object has no attribute 'id'

During handling of the above exception, another exception occurred:

Traceback (most recent call last):
  File "/var/www/html/django/integrator/integrator_env/lib/python3.6/site-packages/django/template/base.py", line 843, in _resolve_lookup
    current = current[int(bit)]
ValueError: invalid literal for int() with base 10: 'id'

During handling of the above exception, another exception occurred:

Traceback (most recent call last):
  File "/var/www/html/django/integrator/integrator_env/lib/python3.6/site-packages/django/template/base.py", line 850, in _resolve_lookup
    (bit, current))  # missing attribute
django.template.base.VariableDoesNotExist: Failed lookup for key [id] in None
Exception while resolving variable 'id' in template 'applications/history.html'.
Traceback (most recent call last):
  File "/var/www/html/django/integrator/integrator_env/lib/python3.6/site-packages/django/template/base.py", line 829, in _resolve_lookup
    current = current[bit]
TypeError: 'NoneType' object is not subscriptable

During handling of the above exception, another exception occurred:

Traceback (most recent call last):
  File "/var/www/html/django/integrator/integrator_env/lib/python3.6/site-packages/django/template/base.py", line 837, in _resolve_lookup
    current = getattr(current, bit)
AttributeError: 'NoneType' object has no attribute 'id'

During handling of the above exception, another exception occurred:

Traceback (most recent call last):
  File "/var/www/html/django/integrator/integrator_env/lib/python3.6/site-packages/django/template/base.py", line 843, in _resolve_lookup
    current = current[int(bit)]
ValueError: invalid literal for int() with base 10: 'id'

During handling of the above exception, another exception occurred:

Traceback (most recent call last):
  File "/var/www/html/django/integrator/integrator_env/lib/python3.6/site-packages/django/template/base.py", line 850, in _resolve_lookup
    (bit, current))  # missing attribute
django.template.base.VariableDoesNotExist: Failed lookup for key [id] in None
(0.000) SELECT `applications_applicationmodel`.`id`, `applications_applicationmodel`.`priority_id`, `applications_applicationmodel`.`equipment_id`, `applications_applicationmodel`.`problem`, `applications_applicationmodel`.`contact_id`, `applications_applicationmodel`.`client_id`, `applications_applicationmodel`.`engineer_id`, `applications_applicationmodel`.`pubdate`, `applications_applicationmodel`.`status_id`, `applications_applicationmodel`.`creator_id`, `applications_applicationmodel`.`changed` FROM `applications_applicationmodel` WHERE `applications_applicationmodel`.`id` = 160967 LIMIT 21; args=(160967,)
Exception while resolving variable 'id' in template 'applications/history.html'.
Traceback (most recent call last):
  File "/var/www/html/django/integrator/integrator_env/lib/python3.6/site-packages/django/template/base.py", line 829, in _resolve_lookup
    current = current[bit]
TypeError: 'NoneType' object is not subscriptable

During handling of the above exception, another exception occurred:

Traceback (most recent call last):
  File "/var/www/html/django/integrator/integrator_env/lib/python3.6/site-packages/django/template/base.py", line 837, in _resolve_lookup
    current = getattr(current, bit)
AttributeError: 'NoneType' object has no attribute 'id'

During handling of the above exception, another exception occurred:

Traceback (most recent call last):
  File "/var/www/html/django/integrator/integrator_env/lib/python3.6/site-packages/django/template/base.py", line 843, in _resolve_lookup
    current = current[int(bit)]
ValueError: invalid literal for int() with base 10: 'id'

During handling of the above exception, another exception occurred:

Traceback (most recent call last):
  File "/var/www/html/django/integrator/integrator_env/lib/python3.6/site-packages/django/template/base.py", line 850, in _resolve_lookup
    (bit, current))  # missing attribute
django.template.base.VariableDoesNotExist: Failed lookup for key [id] in None
Exception while resolving variable 'id' in template 'applications/history.html'.
Traceback (most recent call last):
  File "/var/www/html/django/integrator/integrator_env/lib/python3.6/site-packages/django/template/base.py", line 829, in _resolve_lookup
    current = current[bit]
TypeError: 'NoneType' object is not subscriptable

During handling of the above exception, another exception occurred:

Traceback (most recent call last):
  File "/var/www/html/django/integrator/integrator_env/lib/python3.6/site-packages/django/template/base.py", line 837, in _resolve_lookup
    current = getattr(current, bit)
AttributeError: 'NoneType' object has no attribute 'id'

During handling of the above exception, another exception occurred:

Traceback (most recent call last):
  File "/var/www/html/django/integrator/integrator_env/lib/python3.6/site-packages/django/template/base.py", line 843, in _resolve_lookup
    current = current[int(bit)]
ValueError: invalid literal for int() with base 10: 'id'

During handling of the above exception, another exception occurred:

Traceback (most recent call last):
  File "/var/www/html/django/integrator/integrator_env/lib/python3.6/site-packages/django/template/base.py", line 850, in _resolve_lookup
    (bit, current))  # missing attribute
django.template.base.VariableDoesNotExist: Failed lookup for key [id] in None
(0.000) SELECT `applications_applicationmodel`.`id`, `applications_applicationmodel`.`priority_id`, `applications_applicationmodel`.`equipment_id`, `applications_applicationmodel`.`problem`, `applications_applicationmodel`.`contact_id`, `applications_applicationmodel`.`client_id`, `applications_applicationmodel`.`engineer_id`, `applications_applicationmodel`.`pubdate`, `applications_applicationmodel`.`status_id`, `applications_applicationmodel`.`creator_id`, `applications_applicationmodel`.`changed` FROM `applications_applicationmodel` WHERE `applications_applicationmodel`.`id` = 160967 LIMIT 21; args=(160967,)
(0.000) SELECT `applications_applicationmodel`.`id`, `applications_applicationmodel`.`priority_id`, `applications_applicationmodel`.`equipment_id`, `applications_applicationmodel`.`problem`, `applications_applicationmodel`.`contact_id`, `applications_applicationmodel`.`client_id`, `applications_applicationmodel`.`engineer_id`, `applications_applicationmodel`.`pubdate`, `applications_applicationmodel`.`status_id`, `applications_applicationmodel`.`creator_id`, `applications_applicationmodel`.`changed` FROM `applications_applicationmodel` WHERE `applications_applicationmodel`.`id` = 160943 LIMIT 21; args=(160943,)
(0.000) SELECT `applications_applicationmodel`.`id`, `applications_applicationmodel`.`priority_id`, `applications_applicationmodel`.`equipment_id`, `applications_applicationmodel`.`problem`, `applications_applicationmodel`.`contact_id`, `applications_applicationmodel`.`client_id`, `applications_applicationmodel`.`engineer_id`, `applications_applicationmodel`.`pubdate`, `applications_applicationmodel`.`status_id`, `applications_applicationmodel`.`creator_id`, `applications_applicationmodel`.`changed` FROM `applications_applicationmodel` WHERE `applications_applicationmodel`.`id` = 160966 LIMIT 21; args=(160966,)
(0.000) SELECT `applications_applicationmodel`.`id`, `applications_applicationmodel`.`priority_id`, `applications_applicationmodel`.`equipment_id`, `applications_applicationmodel`.`problem`, `applications_applicationmodel`.`contact_id`, `applications_applicationmodel`.`client_id`, `applications_applicationmodel`.`engineer_id`, `applications_applicationmodel`.`pubdate`, `applications_applicationmodel`.`status_id`, `applications_applicationmodel`.`creator_id`, `applications_applicationmodel`.`changed` FROM `applications_applicationmodel` WHERE `applications_applicationmodel`.`id` = 160966 LIMIT 21; args=(160966,)
(0.000) SELECT `applications_applicationmodel`.`id`, `applications_applicationmodel`.`priority_id`, `applications_applicationmodel`.`equipment_id`, `applications_applicationmodel`.`problem`, `applications_applicationmodel`.`contact_id`, `applications_applicationmodel`.`client_id`, `applications_applicationmodel`.`engineer_id`, `applications_applicationmodel`.`pubdate`, `applications_applicationmodel`.`status_id`, `applications_applicationmodel`.`creator_id`, `applications_applicationmodel`.`changed` FROM `applications_applicationmodel` WHERE `applications_applicationmodel`.`id` = 160966 LIMIT 21; args=(160966,)
(0.000) SELECT `applications_applicationmodel`.`id`, `applications_applicationmodel`.`priority_id`, `applications_applicationmodel`.`equipment_id`, `applications_applicationmodel`.`problem`, `applications_applicationmodel`.`contact_id`, `applications_applicationmodel`.`client_id`, `applications_applicationmodel`.`engineer_id`, `applications_applicationmodel`.`pubdate`, `applications_applicationmodel`.`status_id`, `applications_applicationmodel`.`creator_id`, `applications_applicationmodel`.`changed` FROM `applications_applicationmodel` WHERE `applications_applicationmodel`.`id` = 160950 LIMIT 21; args=(160950,)
(0.000) SELECT `applications_applicationmodel`.`id`, `applications_applicationmodel`.`priority_id`, `applications_applicationmodel`.`equipment_id`, `applications_applicationmodel`.`problem`, `applications_applicationmodel`.`contact_id`, `applications_applicationmodel`.`client_id`, `applications_applicationmodel`.`engineer_id`, `applications_applicationmodel`.`pubdate`, `applications_applicationmodel`.`status_id`, `applications_applicationmodel`.`creator_id`, `applications_applicationmodel`.`changed` FROM `applications_applicationmodel` WHERE `applications_applicationmodel`.`id` = 160965 LIMIT 21; args=(160965,)
(0.000) SELECT `applications_applicationmodel`.`id`, `applications_applicationmodel`.`priority_id`, `applications_applicationmodel`.`equipment_id`, `applications_applicationmodel`.`problem`, `applications_applicationmodel`.`contact_id`, `applications_applicationmodel`.`client_id`, `applications_applicationmodel`.`engineer_id`, `applications_applicationmodel`.`pubdate`, `applications_applicationmodel`.`status_id`, `applications_applicationmodel`.`creator_id`, `applications_applicationmodel`.`changed` FROM `applications_applicationmodel` WHERE `applications_applicationmodel`.`id` = 160965 LIMIT 21; args=(160965,)
(0.000) SELECT `applications_applicationmodel`.`id`, `applications_applicationmodel`.`priority_id`, `applications_applicationmodel`.`equipment_id`, `applications_applicationmodel`.`problem`, `applications_applicationmodel`.`contact_id`, `applications_applicationmodel`.`client_id`, `applications_applicationmodel`.`engineer_id`, `applications_applicationmodel`.`pubdate`, `applications_applicationmodel`.`status_id`, `applications_applicationmodel`.`creator_id`, `applications_applicationmodel`.`changed` FROM `applications_applicationmodel` WHERE `applications_applicationmodel`.`id` = 160965 LIMIT 21; args=(160965,)
(0.000) SELECT `applications_applicationmodel`.`id`, `applications_applicationmodel`.`priority_id`, `applications_applicationmodel`.`equipment_id`, `applications_applicationmodel`.`problem`, `applications_applicationmodel`.`contact_id`, `applications_applicationmodel`.`client_id`, `applications_applicationmodel`.`engineer_id`, `applications_applicationmodel`.`pubdate`, `applications_applicationmodel`.`status_id`, `applications_applicationmodel`.`creator_id`, `applications_applicationmodel`.`changed` FROM `applications_applicationmodel` WHERE `applications_applicationmodel`.`id` = 160889 LIMIT 21; args=(160889,)
(0.000) SELECT `applications_applicationmodel`.`id`, `applications_applicationmodel`.`priority_id`, `applications_applicationmodel`.`equipment_id`, `applications_applicationmodel`.`problem`, `applications_applicationmodel`.`contact_id`, `applications_applicationmodel`.`client_id`, `applications_applicationmodel`.`engineer_id`, `applications_applicationmodel`.`pubdate`, `applications_applicationmodel`.`status_id`, `applications_applicationmodel`.`creator_id`, `applications_applicationmodel`.`changed` FROM `applications_applicationmodel` WHERE `applications_applicationmodel`.`id` = 160964 LIMIT 21; args=(160964,)
(0.000) SELECT `applications_applicationmodel`.`id`, `applications_applicationmodel`.`priority_id`, `applications_applicationmodel`.`equipment_id`, `applications_applicationmodel`.`problem`, `applications_applicationmodel`.`contact_id`, `applications_applicationmodel`.`client_id`, `applications_applicationmodel`.`engineer_id`, `applications_applicationmodel`.`pubdate`, `applications_applicationmodel`.`status_id`, `applications_applicationmodel`.`creator_id`, `applications_applicationmodel`.`changed` FROM `applications_applicationmodel` WHERE `applications_applicationmodel`.`id` = 160964 LIMIT 21; args=(160964,)
(0.000) SELECT `applications_applicationmodel`.`id`, `applications_applicationmodel`.`priority_id`, `applications_applicationmodel`.`equipment_id`, `applications_applicationmodel`.`problem`, `applications_applicationmodel`.`contact_id`, `applications_applicationmodel`.`client_id`, `applications_applicationmodel`.`engineer_id`, `applications_applicationmodel`.`pubdate`, `applications_applicationmodel`.`status_id`, `applications_applicationmodel`.`creator_id`, `applications_applicationmodel`.`changed` FROM `applications_applicationmodel` WHERE `applications_applicationmodel`.`id` = 160964 LIMIT 21; args=(160964,)
(0.000) SELECT `applications_applicationmodel`.`id`, `applications_applicationmodel`.`priority_id`, `applications_applicationmodel`.`equipment_id`, `applications_applicationmodel`.`problem`, `applications_applicationmodel`.`contact_id`, `applications_applicationmodel`.`client_id`, `applications_applicationmodel`.`engineer_id`, `applications_applicationmodel`.`pubdate`, `applications_applicationmodel`.`status_id`, `applications_applicationmodel`.`creator_id`, `applications_applicationmodel`.`changed` FROM `applications_applicationmodel` WHERE `applications_applicationmodel`.`id` = 160960 LIMIT 21; args=(160960,)
(0.000) SELECT `applications_applicationmodel`.`id`, `applications_applicationmodel`.`priority_id`, `applications_applicationmodel`.`equipment_id`, `applications_applicationmodel`.`problem`, `applications_applicationmodel`.`contact_id`, `applications_applicationmodel`.`client_id`, `applications_applicationmodel`.`engineer_id`, `applications_applicationmodel`.`pubdate`, `applications_applicationmodel`.`status_id`, `applications_applicationmodel`.`creator_id`, `applications_applicationmodel`.`changed` FROM `applications_applicationmodel` WHERE `applications_applicationmodel`.`id` = 160956 LIMIT 21; args=(160956,)
(0.000) SELECT `applications_applicationmodel`.`id`, `applications_applicationmodel`.`priority_id`, `applications_applicationmodel`.`equipment_id`, `applications_applicationmodel`.`problem`, `applications_applicationmodel`.`contact_id`, `applications_applicationmodel`.`client_id`, `applications_applicationmodel`.`engineer_id`, `applications_applicationmodel`.`pubdate`, `applications_applicationmodel`.`status_id`, `applications_applicationmodel`.`creator_id`, `applications_applicationmodel`.`changed` FROM `applications_applicationmodel` WHERE `applications_applicationmodel`.`id` = 160963 LIMIT 21; args=(160963,)
(0.000) SELECT `applications_applicationmodel`.`id`, `applications_applicationmodel`.`priority_id`, `applications_applicationmodel`.`equipment_id`, `applications_applicationmodel`.`problem`, `applications_applicationmodel`.`contact_id`, `applications_applicationmodel`.`client_id`, `applications_applicationmodel`.`engineer_id`, `applications_applicationmodel`.`pubdate`, `applications_applicationmodel`.`status_id`, `applications_applicationmodel`.`creator_id`, `applications_applicationmodel`.`changed` FROM `applications_applicationmodel` WHERE `applications_applicationmodel`.`id` = 160963 LIMIT 21; args=(160963,)
(0.000) SELECT `applications_applicationmodel`.`id`, `applications_applicationmodel`.`priority_id`, `applications_applicationmodel`.`equipment_id`, `applications_applicationmodel`.`problem`, `applications_applicationmodel`.`contact_id`, `applications_applicationmodel`.`client_id`, `applications_applicationmodel`.`engineer_id`, `applications_applicationmodel`.`pubdate`, `applications_applicationmodel`.`status_id`, `applications_applicationmodel`.`creator_id`, `applications_applicationmodel`.`changed` FROM `applications_applicationmodel` WHERE `applications_applicationmodel`.`id` = 160963 LIMIT 21; args=(160963,)
(0.000) SELECT `applications_applicationmodel`.`id`, `applications_applicationmodel`.`priority_id`, `applications_applicationmodel`.`equipment_id`, `applications_applicationmodel`.`problem`, `applications_applicationmodel`.`contact_id`, `applications_applicationmodel`.`client_id`, `applications_applicationmodel`.`engineer_id`, `applications_applicationmodel`.`pubdate`, `applications_applicationmodel`.`status_id`, `applications_applicationmodel`.`creator_id`, `applications_applicationmodel`.`changed` FROM `applications_applicationmodel` WHERE `applications_applicationmodel`.`id` = 160963 LIMIT 21; args=(160963,)
(0.000) SELECT `applications_applicationmodel`.`id`, `applications_applicationmodel`.`priority_id`, `applications_applicationmodel`.`equipment_id`, `applications_applicationmodel`.`problem`, `applications_applicationmodel`.`contact_id`, `applications_applicationmodel`.`client_id`, `applications_applicationmodel`.`engineer_id`, `applications_applicationmodel`.`pubdate`, `applications_applicationmodel`.`status_id`, `applications_applicationmodel`.`creator_id`, `applications_applicationmodel`.`changed` FROM `applications_applicationmodel` WHERE `applications_applicationmodel`.`id` = 160963 LIMIT 21; args=(160963,)
(0.000) SELECT `applications_applicationmodel`.`id`, `applications_applicationmodel`.`priority_id`, `applications_applicationmodel`.`equipment_id`, `applications_applicationmodel`.`problem`, `applications_applicationmodel`.`contact_id`, `applications_applicationmodel`.`client_id`, `applications_applicationmodel`.`engineer_id`, `applications_applicationmodel`.`pubdate`, `applications_applicationmodel`.`status_id`, `applications_applicationmodel`.`creator_id`, `applications_applicationmodel`.`changed` FROM `applications_applicationmodel` WHERE `applications_applicationmodel`.`id` = 160963 LIMIT 21; args=(160963,)
(0.000) SELECT `applications_applicationmodel`.`id`, `applications_applicationmodel`.`priority_id`, `applications_applicationmodel`.`equipment_id`, `applications_applicationmodel`.`problem`, `applications_applicationmodel`.`contact_id`, `applications_applicationmodel`.`client_id`, `applications_applicationmodel`.`engineer_id`, `applications_applicationmodel`.`pubdate`, `applications_applicationmodel`.`status_id`, `applications_applicationmodel`.`creator_id`, `applications_applicationmodel`.`changed` FROM `applications_applicationmodel` WHERE `applications_applicationmodel`.`id` = 160963 LIMIT 21; args=(160963,)
(0.000) SELECT `applications_applicationmodel`.`id`, `applications_applicationmodel`.`priority_id`, `applications_applicationmodel`.`equipment_id`, `applications_applicationmodel`.`problem`, `applications_applicationmodel`.`contact_id`, `applications_applicationmodel`.`client_id`, `applications_applicationmodel`.`engineer_id`, `applications_applicationmodel`.`pubdate`, `applications_applicationmodel`.`status_id`, `applications_applicationmodel`.`creator_id`, `applications_applicationmodel`.`changed` FROM `applications_applicationmodel` WHERE `applications_applicationmodel`.`id` = 160963 LIMIT 21; args=(160963,)
(0.000) SELECT `applications_applicationmodel`.`id`, `applications_applicationmodel`.`priority_id`, `applications_applicationmodel`.`equipment_id`, `applications_applicationmodel`.`problem`, `applications_applicationmodel`.`contact_id`, `applications_applicationmodel`.`client_id`, `applications_applicationmodel`.`engineer_id`, `applications_applicationmodel`.`pubdate`, `applications_applicationmodel`.`status_id`, `applications_applicationmodel`.`creator_id`, `applications_applicationmodel`.`changed` FROM `applications_applicationmodel` WHERE `applications_applicationmodel`.`id` = 160952 LIMIT 21; args=(160952,)
(0.000) SELECT `applications_applicationmodel`.`id`, `applications_applicationmodel`.`priority_id`, `applications_applicationmodel`.`equipment_id`, `applications_applicationmodel`.`problem`, `applications_applicationmodel`.`contact_id`, `applications_applicationmodel`.`client_id`, `applications_applicationmodel`.`engineer_id`, `applications_applicationmodel`.`pubdate`, `applications_applicationmodel`.`status_id`, `applications_applicationmodel`.`creator_id`, `applications_applicationmodel`.`changed` FROM `applications_applicationmodel` WHERE `applications_applicationmodel`.`id` = 160952 LIMIT 21; args=(160952,)
(0.000) SELECT `applications_applicationmodel`.`id`, `applications_applicationmodel`.`priority_id`, `applications_applicationmodel`.`equipment_id`, `applications_applicationmodel`.`problem`, `applications_applicationmodel`.`contact_id`, `applications_applicationmodel`.`client_id`, `applications_applicationmodel`.`engineer_id`, `applications_applicationmodel`.`pubdate`, `applications_applicationmodel`.`status_id`, `applications_applicationmodel`.`creator_id`, `applications_applicationmodel`.`changed` FROM `applications_applicationmodel` WHERE `applications_applicationmodel`.`id` = 160893 LIMIT 21; args=(160893,)
(0.000) SELECT `applications_applicationmodel`.`id`, `applications_applicationmodel`.`priority_id`, `applications_applicationmodel`.`equipment_id`, `applications_applicationmodel`.`problem`, `applications_applicationmodel`.`contact_id`, `applications_applicationmodel`.`client_id`, `applications_applicationmodel`.`engineer_id`, `applications_applicationmodel`.`pubdate`, `applications_applicationmodel`.`status_id`, `applications_applicationmodel`.`creator_id`, `applications_applicationmodel`.`changed` FROM `applications_applicationmodel` WHERE `applications_applicationmodel`.`id` = 160893 LIMIT 21; args=(160893,)
(0.000) SELECT `applications_applicationmodel`.`id`, `applications_applicationmodel`.`priority_id`, `applications_applicationmodel`.`equipment_id`, `applications_applicationmodel`.`problem`, `applications_applicationmodel`.`contact_id`, `applications_applicationmodel`.`client_id`, `applications_applicationmodel`.`engineer_id`, `applications_applicationmodel`.`pubdate`, `applications_applicationmodel`.`status_id`, `applications_applicationmodel`.`creator_id`, `applications_applicationmodel`.`changed` FROM `applications_applicationmodel` WHERE `applications_applicationmodel`.`id` = 160953 LIMIT 21; args=(160953,)
(0.000) SELECT `applications_applicationmodel`.`id`, `applications_applicationmodel`.`priority_id`, `applications_applicationmodel`.`equipment_id`, `applications_applicationmodel`.`problem`, `applications_applicationmodel`.`contact_id`, `applications_applicationmodel`.`client_id`, `applications_applicationmodel`.`engineer_id`, `applications_applicationmodel`.`pubdate`, `applications_applicationmodel`.`status_id`, `applications_applicationmodel`.`creator_id`, `applications_applicationmodel`.`changed` FROM `applications_applicationmodel` WHERE `applications_applicationmodel`.`id` = 160962 LIMIT 21; args=(160962,)
(0.000) SELECT `applications_applicationmodel`.`id`, `applications_applicationmodel`.`priority_id`, `applications_applicationmodel`.`equipment_id`, `applications_applicationmodel`.`problem`, `applications_applicationmodel`.`contact_id`, `applications_applicationmodel`.`client_id`, `applications_applicationmodel`.`engineer_id`, `applications_applicationmodel`.`pubdate`, `applications_applicationmodel`.`status_id`, `applications_applicationmodel`.`creator_id`, `applications_applicationmodel`.`changed` FROM `applications_applicationmodel` WHERE `applications_applicationmodel`.`id` = 160942 LIMIT 21; args=(160942,)
(0.000) SELECT `applications_applicationmodel`.`id`, `applications_applicationmodel`.`priority_id`, `applications_applicationmodel`.`equipment_id`, `applications_applicationmodel`.`problem`, `applications_applicationmodel`.`contact_id`, `applications_applicationmodel`.`client_id`, `applications_applicationmodel`.`engineer_id`, `applications_applicationmodel`.`pubdate`, `applications_applicationmodel`.`status_id`, `applications_applicationmodel`.`creator_id`, `applications_applicationmodel`.`changed` FROM `applications_applicationmodel` WHERE `applications_applicationmodel`.`id` = 160929 LIMIT 21; args=(160929,)
(0.000) SELECT `applications_applicationmodel`.`id`, `applications_applicationmodel`.`priority_id`, `applications_applicationmodel`.`equipment_id`, `applications_applicationmodel`.`problem`, `applications_applicationmodel`.`contact_id`, `applications_applicationmodel`.`client_id`, `applications_applicationmodel`.`engineer_id`, `applications_applicationmodel`.`pubdate`, `applications_applicationmodel`.`status_id`, `applications_applicationmodel`.`creator_id`, `applications_applicationmodel`.`changed` FROM `applications_applicationmodel` WHERE `applications_applicationmodel`.`id` = 160954 LIMIT 21; args=(160954,)
(0.000) SELECT `applications_applicationmodel`.`id`, `applications_applicationmodel`.`priority_id`, `applications_applicationmodel`.`equipment_id`, `applications_applicationmodel`.`problem`, `applications_applicationmodel`.`contact_id`, `applications_applicationmodel`.`client_id`, `applications_applicationmodel`.`engineer_id`, `applications_applicationmodel`.`pubdate`, `applications_applicationmodel`.`status_id`, `applications_applicationmodel`.`creator_id`, `applications_applicationmodel`.`changed` FROM `applications_applicationmodel` WHERE `applications_applicationmodel`.`id` = 160949 LIMIT 21; args=(160949,)
(0.000) SELECT `applications_applicationmodel`.`id`, `applications_applicationmodel`.`priority_id`, `applications_applicationmodel`.`equipment_id`, `applications_applicationmodel`.`problem`, `applications_applicationmodel`.`contact_id`, `applications_applicationmodel`.`client_id`, `applications_applicationmodel`.`engineer_id`, `applications_applicationmodel`.`pubdate`, `applications_applicationmodel`.`status_id`, `applications_applicationmodel`.`creator_id`, `applications_applicationmodel`.`changed` FROM `applications_applicationmodel` WHERE `applications_applicationmodel`.`id` = 160938 LIMIT 21; args=(160938,)
(0.000) SELECT `applications_applicationmodel`.`id`, `applications_applicationmodel`.`priority_id`, `applications_applicationmodel`.`equipment_id`, `applications_applicationmodel`.`problem`, `applications_applicationmodel`.`contact_id`, `applications_applicationmodel`.`client_id`, `applications_applicationmodel`.`engineer_id`, `applications_applicationmodel`.`pubdate`, `applications_applicationmodel`.`status_id`, `applications_applicationmodel`.`creator_id`, `applications_applicationmodel`.`changed` FROM `applications_applicationmodel` WHERE `applications_applicationmodel`.`id` = 160929 LIMIT 21; args=(160929,)
(0.000) SELECT `applications_applicationmodel`.`id`, `applications_applicationmodel`.`priority_id`, `applications_applicationmodel`.`equipment_id`, `applications_applicationmodel`.`problem`, `applications_applicationmodel`.`contact_id`, `applications_applicationmodel`.`client_id`, `applications_applicationmodel`.`engineer_id`, `applications_applicationmodel`.`pubdate`, `applications_applicationmodel`.`status_id`, `applications_applicationmodel`.`creator_id`, `applications_applicationmodel`.`changed` FROM `applications_applicationmodel` WHERE `applications_applicationmodel`.`id` = 160961 LIMIT 21; args=(160961,)
(0.000) SELECT `applications_applicationmodel`.`id`, `applications_applicationmodel`.`priority_id`, `applications_applicationmodel`.`equipment_id`, `applications_applicationmodel`.`problem`, `applications_applicationmodel`.`contact_id`, `applications_applicationmodel`.`client_id`, `applications_applicationmodel`.`engineer_id`, `applications_applicationmodel`.`pubdate`, `applications_applicationmodel`.`status_id`, `applications_applicationmodel`.`creator_id`, `applications_applicationmodel`.`changed` FROM `applications_applicationmodel` WHERE `applications_applicationmodel`.`id` = 160961 LIMIT 21; args=(160961,)
(0.000) SELECT `applications_applicationmodel`.`id`, `applications_applicationmodel`.`priority_id`, `applications_applicationmodel`.`equipment_id`, `applications_applicationmodel`.`problem`, `applications_applicationmodel`.`contact_id`, `applications_applicationmodel`.`client_id`, `applications_applicationmodel`.`engineer_id`, `applications_applicationmodel`.`pubdate`, `applications_applicationmodel`.`status_id`, `applications_applicationmodel`.`creator_id`, `applications_applicationmodel`.`changed` FROM `applications_applicationmodel` WHERE `applications_applicationmodel`.`id` = 160961 LIMIT 21; args=(160961,)
(0.000) SELECT `applications_applicationmodel`.`id`, `applications_applicationmodel`.`priority_id`, `applications_applicationmodel`.`equipment_id`, `applications_applicationmodel`.`problem`, `applications_applicationmodel`.`contact_id`, `applications_applicationmodel`.`client_id`, `applications_applicationmodel`.`engineer_id`, `applications_applicationmodel`.`pubdate`, `applications_applicationmodel`.`status_id`, `applications_applicationmodel`.`creator_id`, `applications_applicationmodel`.`changed` FROM `applications_applicationmodel` WHERE `applications_applicationmodel`.`id` = 160960 LIMIT 21; args=(160960,)
(0.000) SELECT `applications_applicationmodel`.`id`, `applications_applicationmodel`.`priority_id`, `applications_applicationmodel`.`equipment_id`, `applications_applicationmodel`.`problem`, `applications_applicationmodel`.`contact_id`, `applications_applicationmodel`.`client_id`, `applications_applicationmodel`.`engineer_id`, `applications_applicationmodel`.`pubdate`, `applications_applicationmodel`.`status_id`, `applications_applicationmodel`.`creator_id`, `applications_applicationmodel`.`changed` FROM `applications_applicationmodel` WHERE `applications_applicationmodel`.`id` = 160955 LIMIT 21; args=(160955,)
(0.000) SELECT `applications_applicationmodel`.`id`, `applications_applicationmodel`.`priority_id`, `applications_applicationmodel`.`equipment_id`, `applications_applicationmodel`.`problem`, `applications_applicationmodel`.`contact_id`, `applications_applicationmodel`.`client_id`, `applications_applicationmodel`.`engineer_id`, `applications_applicationmodel`.`pubdate`, `applications_applicationmodel`.`status_id`, `applications_applicationmodel`.`creator_id`, `applications_applicationmodel`.`changed` FROM `applications_applicationmodel` WHERE `applications_applicationmodel`.`id` = 160921 LIMIT 21; args=(160921,)
(0.000) SELECT `applications_applicationmodel`.`id`, `applications_applicationmodel`.`priority_id`, `applications_applicationmodel`.`equipment_id`, `applications_applicationmodel`.`problem`, `applications_applicationmodel`.`contact_id`, `applications_applicationmodel`.`client_id`, `applications_applicationmodel`.`engineer_id`, `applications_applicationmodel`.`pubdate`, `applications_applicationmodel`.`status_id`, `applications_applicationmodel`.`creator_id`, `applications_applicationmodel`.`changed` FROM `applications_applicationmodel` WHERE `applications_applicationmodel`.`id` = 160927 LIMIT 21; args=(160927,)
Internal Server Error: /applications/api/edit/comments/160944
Traceback (most recent call last):
  File "/var/www/html/django/integrator/integrator_env/lib/python3.6/site-packages/django/core/handlers/exception.py", line 47, in inner
    response = get_response(request)
  File "/var/www/html/django/integrator/integrator_env/lib/python3.6/site-packages/django/core/handlers/base.py", line 181, in _get_response
    response = wrapped_callback(request, *callback_args, **callback_kwargs)
  File "/var/www/html/django/integrator/integrator_env/lib/python3.6/site-packages/django/views/decorators/csrf.py", line 54, in wrapped_view
    return view_func(*args, **kwargs)
  File "/var/www/html/django/integrator/integrator_env/lib/python3.6/site-packages/django/views/generic/base.py", line 70, in view
    return self.dispatch(request, *args, **kwargs)
  File "/var/www/html/django/integrator/integrator_env/lib/python3.6/site-packages/rest_framework/views.py", line 509, in dispatch
    response = self.handle_exception(exc)
  File "/var/www/html/django/integrator/integrator_env/lib/python3.6/site-packages/rest_framework/views.py", line 469, in handle_exception
    self.raise_uncaught_exception(exc)
  File "/var/www/html/django/integrator/integrator_env/lib/python3.6/site-packages/rest_framework/views.py", line 480, in raise_uncaught_exception
    raise exc
  File "/var/www/html/django/integrator/integrator_env/lib/python3.6/site-packages/rest_framework/views.py", line 506, in dispatch
    response = handler(request, *args, **kwargs)
  File "/var/www/html/django/integrator/integrator/apps/applications/api/api.py", line 1090, in post
    serializer.save(application = application, author = request.user)
  File "/var/www/html/django/integrator/integrator_env/lib/python3.6/site-packages/rest_framework/serializers.py", line 208, in save
    self.instance = self.create(validated_data)
  File "/var/www/html/django/integrator/integrator_env/lib/python3.6/site-packages/rest_framework/serializers.py", line 989, in create
    instance = ModelClass._default_manager.create(**validated_data)
  File "/var/www/html/django/integrator/integrator_env/lib/python3.6/site-packages/django/db/models/manager.py", line 85, in manager_method
    return getattr(self.get_queryset(), name)(*args, **kwargs)
  File "/var/www/html/django/integrator/integrator_env/lib/python3.6/site-packages/django/db/models/query.py", line 453, in create
    obj.save(force_insert=True, using=self.db)
  File "/var/www/html/django/integrator/integrator/apps/applications/models.py", line 158, in save
    comments_send_messages(self, method_type)
  File "/var/www/html/django/integrator/integrator/apps/applications/models.py", line 225, in comments_send_messages
    tag.unwrap()
  File "/var/www/html/django/integrator/integrator_env/lib/python3.6/site-packages/bs4/element.py", line 328, in unwrap
    "Cannot replace an element with its contents when that"
ValueError: Cannot replace an element with its contents when thatelement is not part of a tree.
Internal Server Error: /applications/add/
Traceback (most recent call last):
  File "/var/www/html/django/integrator/integrator_env/lib/python3.6/site-packages/django/core/handlers/exception.py", line 47, in inner
    response = get_response(request)
  File "/var/www/html/django/integrator/integrator_env/lib/python3.6/site-packages/django/core/handlers/base.py", line 181, in _get_response
    response = wrapped_callback(request, *callback_args, **callback_kwargs)
  File "/var/www/html/django/integrator/integrator_env/lib/python3.6/site-packages/django/contrib/auth/decorators.py", line 21, in _wrapped_view
    return view_func(request, *args, **kwargs)
  File "/var/www/html/django/integrator/integrator_env/lib/python3.6/site-packages/django/contrib/auth/decorators.py", line 21, in _wrapped_view
    return view_func(request, *args, **kwargs)
  File "/var/www/html/django/integrator/integrator/apps/applications/views.py", line 89, in AddApplicationView
    doc_formset.save()
  File "/var/www/html/django/integrator/integrator_env/lib/python3.6/site-packages/django/forms/models.py", line 681, in save
    return self.save_existing_objects(commit) + self.save_new_objects(commit)
  File "/var/www/html/django/integrator/integrator_env/lib/python3.6/site-packages/django/forms/models.py", line 819, in save_new_objects
    self.new_objects.append(self.save_new(form, commit=commit))
  File "/var/www/html/django/integrator/integrator_env/lib/python3.6/site-packages/django/forms/models.py", line 961, in save_new
    return super().save_new(form, commit=commit)
  File "/var/www/html/django/integrator/integrator_env/lib/python3.6/site-packages/django/forms/models.py", line 658, in save_new
    return form.save(commit=commit)
  File "/var/www/html/django/integrator/integrator_env/lib/python3.6/site-packages/django/forms/models.py", line 468, in save
    self.instance.save()
  File "/var/www/html/django/integrator/integrator/apps/applications/models.py", line 129, in save
    super().save(*args, **kwargs)
  File "/var/www/html/django/integrator/integrator_env/lib/python3.6/site-packages/django/db/models/base.py", line 740, in save
    force_update=force_update, update_fields=update_fields)
  File "/var/www/html/django/integrator/integrator_env/lib/python3.6/site-packages/django/db/models/base.py", line 778, in save_base
    force_update, using, update_fields,
  File "/var/www/html/django/integrator/integrator_env/lib/python3.6/site-packages/django/db/models/base.py", line 881, in _save_table
    results = self._do_insert(cls._base_manager, using, fields, returning_fields, raw)
  File "/var/www/html/django/integrator/integrator_env/lib/python3.6/site-packages/django/db/models/base.py", line 921, in _do_insert
    using=using, raw=raw,
  File "/var/www/html/django/integrator/integrator_env/lib/python3.6/site-packages/django/db/models/manager.py", line 85, in manager_method
    return getattr(self.get_queryset(), name)(*args, **kwargs)
  File "/var/www/html/django/integrator/integrator_env/lib/python3.6/site-packages/django/db/models/query.py", line 1270, in _insert
    return query.get_compiler(using=using).execute_sql(returning_fields)
  File "/var/www/html/django/integrator/integrator_env/lib/python3.6/site-packages/django/db/models/sql/compiler.py", line 1415, in execute_sql
    for sql, params in self.as_sql():
  File "/var/www/html/django/integrator/integrator_env/lib/python3.6/site-packages/django/db/models/sql/compiler.py", line 1360, in as_sql
    for obj in self.query.objs
  File "/var/www/html/django/integrator/integrator_env/lib/python3.6/site-packages/django/db/models/sql/compiler.py", line 1360, in <listcomp>
    for obj in self.query.objs
  File "/var/www/html/django/integrator/integrator_env/lib/python3.6/site-packages/django/db/models/sql/compiler.py", line 1359, in <listcomp>
    [self.prepare_value(field, self.pre_save_val(field, obj)) for field in fields]
  File "/var/www/html/django/integrator/integrator_env/lib/python3.6/site-packages/django/db/models/sql/compiler.py", line 1310, in pre_save_val
    return field.pre_save(obj, add=True)
  File "/var/www/html/django/integrator/integrator_env/lib/python3.6/site-packages/django/db/models/fields/files.py", line 302, in pre_save
    file.save(file.name, file.file, save=False)
  File "/var/www/html/django/integrator/integrator_env/lib/python3.6/site-packages/django/db/models/fields/files.py", line 89, in save
    self.name = self.storage.save(name, content, max_length=self.field.max_length)
  File "/var/www/html/django/integrator/integrator_env/lib/python3.6/site-packages/django/core/files/storage.py", line 54, in save
    name = self._save(name, content)
  File "/var/www/html/django/integrator/integrator_env/lib/python3.6/site-packages/django/core/files/storage.py", line 260, in _save
    os.makedirs(directory, exist_ok=True)
  File "/usr/lib64/python3.6/os.py", line 220, in makedirs
    mkdir(name, mode)
PermissionError: [Errno 13] Permission denied: '/var/www/html/django/integrator/media/applications/160972'
Internal Server Error: /applications/details/160974
Traceback (most recent call last):
  File "/var/www/html/django/integrator/integrator_env/lib/python3.6/site-packages/django/core/handlers/exception.py", line 47, in inner
    response = get_response(request)
  File "/var/www/html/django/integrator/integrator_env/lib/python3.6/site-packages/django/core/handlers/base.py", line 181, in _get_response
    response = wrapped_callback(request, *callback_args, **callback_kwargs)
  File "/var/www/html/django/integrator/integrator_env/lib/python3.6/site-packages/django/contrib/auth/decorators.py", line 21, in _wrapped_view
    return view_func(request, *args, **kwargs)
  File "/var/www/html/django/integrator/integrator/apps/applications/views.py", line 356, in DetailsApplicationView
    document.save()
  File "/var/www/html/django/integrator/integrator_env/lib/python3.6/site-packages/django/forms/models.py", line 681, in save
    return self.save_existing_objects(commit) + self.save_new_objects(commit)
  File "/var/www/html/django/integrator/integrator_env/lib/python3.6/site-packages/django/forms/models.py", line 819, in save_new_objects
    self.new_objects.append(self.save_new(form, commit=commit))
  File "/var/www/html/django/integrator/integrator_env/lib/python3.6/site-packages/django/forms/models.py", line 961, in save_new
    return super().save_new(form, commit=commit)
  File "/var/www/html/django/integrator/integrator_env/lib/python3.6/site-packages/django/forms/models.py", line 658, in save_new
    return form.save(commit=commit)
  File "/var/www/html/django/integrator/integrator_env/lib/python3.6/site-packages/django/forms/models.py", line 468, in save
    self.instance.save()
  File "/var/www/html/django/integrator/integrator/apps/applications/models.py", line 129, in save
    super().save(*args, **kwargs)
  File "/var/www/html/django/integrator/integrator_env/lib/python3.6/site-packages/django/db/models/base.py", line 740, in save
    force_update=force_update, update_fields=update_fields)
  File "/var/www/html/django/integrator/integrator_env/lib/python3.6/site-packages/django/db/models/base.py", line 778, in save_base
    force_update, using, update_fields,
  File "/var/www/html/django/integrator/integrator_env/lib/python3.6/site-packages/django/db/models/base.py", line 881, in _save_table
    results = self._do_insert(cls._base_manager, using, fields, returning_fields, raw)
  File "/var/www/html/django/integrator/integrator_env/lib/python3.6/site-packages/django/db/models/base.py", line 921, in _do_insert
    using=using, raw=raw,
  File "/var/www/html/django/integrator/integrator_env/lib/python3.6/site-packages/django/db/models/manager.py", line 85, in manager_method
    return getattr(self.get_queryset(), name)(*args, **kwargs)
  File "/var/www/html/django/integrator/integrator_env/lib/python3.6/site-packages/django/db/models/query.py", line 1270, in _insert
    return query.get_compiler(using=using).execute_sql(returning_fields)
  File "/var/www/html/django/integrator/integrator_env/lib/python3.6/site-packages/django/db/models/sql/compiler.py", line 1415, in execute_sql
    for sql, params in self.as_sql():
  File "/var/www/html/django/integrator/integrator_env/lib/python3.6/site-packages/django/db/models/sql/compiler.py", line 1360, in as_sql
    for obj in self.query.objs
  File "/var/www/html/django/integrator/integrator_env/lib/python3.6/site-packages/django/db/models/sql/compiler.py", line 1360, in <listcomp>
    for obj in self.query.objs
  File "/var/www/html/django/integrator/integrator_env/lib/python3.6/site-packages/django/db/models/sql/compiler.py", line 1359, in <listcomp>
    [self.prepare_value(field, self.pre_save_val(field, obj)) for field in fields]
  File "/var/www/html/django/integrator/integrator_env/lib/python3.6/site-packages/django/db/models/sql/compiler.py", line 1310, in pre_save_val
    return field.pre_save(obj, add=True)
  File "/var/www/html/django/integrator/integrator_env/lib/python3.6/site-packages/django/db/models/fields/files.py", line 302, in pre_save
    file.save(file.name, file.file, save=False)
  File "/var/www/html/django/integrator/integrator_env/lib/python3.6/site-packages/django/db/models/fields/files.py", line 89, in save
    self.name = self.storage.save(name, content, max_length=self.field.max_length)
  File "/var/www/html/django/integrator/integrator_env/lib/python3.6/site-packages/django/core/files/storage.py", line 54, in save
    name = self._save(name, content)
  File "/var/www/html/django/integrator/integrator_env/lib/python3.6/site-packages/django/core/files/storage.py", line 260, in _save
    os.makedirs(directory, exist_ok=True)
  File "/usr/lib64/python3.6/os.py", line 220, in makedirs
    mkdir(name, mode)
PermissionError: [Errno 13] Permission denied: '/var/www/html/django/integrator/media/applications/160974'
Internal Server Error: /applications/details/160974
Traceback (most recent call last):
  File "/var/www/html/django/integrator/integrator_env/lib/python3.6/site-packages/django/core/handlers/exception.py", line 47, in inner
    response = get_response(request)
  File "/var/www/html/django/integrator/integrator_env/lib/python3.6/site-packages/django/core/handlers/base.py", line 181, in _get_response
    response = wrapped_callback(request, *callback_args, **callback_kwargs)
  File "/var/www/html/django/integrator/integrator_env/lib/python3.6/site-packages/django/contrib/auth/decorators.py", line 21, in _wrapped_view
    return view_func(request, *args, **kwargs)
  File "/var/www/html/django/integrator/integrator/apps/applications/views.py", line 356, in DetailsApplicationView
    document.save()
  File "/var/www/html/django/integrator/integrator_env/lib/python3.6/site-packages/django/forms/models.py", line 681, in save
    return self.save_existing_objects(commit) + self.save_new_objects(commit)
  File "/var/www/html/django/integrator/integrator_env/lib/python3.6/site-packages/django/forms/models.py", line 819, in save_new_objects
    self.new_objects.append(self.save_new(form, commit=commit))
  File "/var/www/html/django/integrator/integrator_env/lib/python3.6/site-packages/django/forms/models.py", line 961, in save_new
    return super().save_new(form, commit=commit)
  File "/var/www/html/django/integrator/integrator_env/lib/python3.6/site-packages/django/forms/models.py", line 658, in save_new
    return form.save(commit=commit)
  File "/var/www/html/django/integrator/integrator_env/lib/python3.6/site-packages/django/forms/models.py", line 468, in save
    self.instance.save()
  File "/var/www/html/django/integrator/integrator/apps/applications/models.py", line 129, in save
    super().save(*args, **kwargs)
  File "/var/www/html/django/integrator/integrator_env/lib/python3.6/site-packages/django/db/models/base.py", line 740, in save
    force_update=force_update, update_fields=update_fields)
  File "/var/www/html/django/integrator/integrator_env/lib/python3.6/site-packages/django/db/models/base.py", line 778, in save_base
    force_update, using, update_fields,
  File "/var/www/html/django/integrator/integrator_env/lib/python3.6/site-packages/django/db/models/base.py", line 881, in _save_table
    results = self._do_insert(cls._base_manager, using, fields, returning_fields, raw)
  File "/var/www/html/django/integrator/integrator_env/lib/python3.6/site-packages/django/db/models/base.py", line 921, in _do_insert
    using=using, raw=raw,
  File "/var/www/html/django/integrator/integrator_env/lib/python3.6/site-packages/django/db/models/manager.py", line 85, in manager_method
    return getattr(self.get_queryset(), name)(*args, **kwargs)
  File "/var/www/html/django/integrator/integrator_env/lib/python3.6/site-packages/django/db/models/query.py", line 1270, in _insert
    return query.get_compiler(using=using).execute_sql(returning_fields)
  File "/var/www/html/django/integrator/integrator_env/lib/python3.6/site-packages/django/db/models/sql/compiler.py", line 1415, in execute_sql
    for sql, params in self.as_sql():
  File "/var/www/html/django/integrator/integrator_env/lib/python3.6/site-packages/django/db/models/sql/compiler.py", line 1360, in as_sql
    for obj in self.query.objs
  File "/var/www/html/django/integrator/integrator_env/lib/python3.6/site-packages/django/db/models/sql/compiler.py", line 1360, in <listcomp>
    for obj in self.query.objs
  File "/var/www/html/django/integrator/integrator_env/lib/python3.6/site-packages/django/db/models/sql/compiler.py", line 1359, in <listcomp>
    [self.prepare_value(field, self.pre_save_val(field, obj)) for field in fields]
  File "/var/www/html/django/integrator/integrator_env/lib/python3.6/site-packages/django/db/models/sql/compiler.py", line 1310, in pre_save_val
    return field.pre_save(obj, add=True)
  File "/var/www/html/django/integrator/integrator_env/lib/python3.6/site-packages/django/db/models/fields/files.py", line 302, in pre_save
    file.save(file.name, file.file, save=False)
  File "/var/www/html/django/integrator/integrator_env/lib/python3.6/site-packages/django/db/models/fields/files.py", line 89, in save
    self.name = self.storage.save(name, content, max_length=self.field.max_length)
  File "/var/www/html/django/integrator/integrator_env/lib/python3.6/site-packages/django/core/files/storage.py", line 54, in save
    name = self._save(name, content)
  File "/var/www/html/django/integrator/integrator_env/lib/python3.6/site-packages/django/core/files/storage.py", line 260, in _save
    os.makedirs(directory, exist_ok=True)
  File "/usr/lib64/python3.6/os.py", line 220, in makedirs
    mkdir(name, mode)
PermissionError: [Errno 13] Permission denied: '/var/www/html/django/integrator/media/applications/160974'
Invalid HTTP_HOST header: 'myxcloud.ru'. You may need to add 'myxcloud.ru' to ALLOWED_HOSTS.
Invalid HTTP_HOST header: 'myxcloud.ru'. You may need to add 'myxcloud.ru' to ALLOWED_HOSTS.
Invalid HTTP_HOST header: 'daisoshop.pro'. You may need to add 'daisoshop.pro' to ALLOWED_HOSTS.
